borough_original,ward_original,election_date,surname,firstname,party,votes,elected,ward,borough,WD22CD,LAD22CD
Barking and Dagenham,Abbey,2022-05-05,Rahman,Regina,Labour Party Candiate,503,True,Abbey,Barking & Dagenham,E05014053,E09000002
Barking and Dagenham,Abbey,2022-05-05,Hussain,Manzoor,Labour Party Candiate,470,True,Abbey,Barking & Dagenham,E05014053,E09000002
Barking and Dagenham,Abbey,2022-05-05,Gold,Michael,Green Party,135,False,Abbey,Barking & Dagenham,E05014053,E09000002
Barking and Dagenham,Abbey,2022-05-05,Echedom,Ada,Local Conservatives,110,False,Abbey,Barking & Dagenham,E05014053,E09000002
Barking and Dagenham,Abbey,2022-05-05,Allam,Annabel,Green Party,148,False,Abbey,Barking & Dagenham,E05014053,E09000002
Barking and Dagenham,Alibon,2022-05-05,Akwaboah,Dorothy,Labour Party Candidate,932,True,Alibon,Barking & Dagenham,E05014054,E09000002
Barking and Dagenham,Alibon,2022-05-05,Dulwich,John,Labour Party Candidate,1060,True,Alibon,Barking & Dagenham,E05014054,E09000002
Barking and Dagenham,Alibon,2022-05-05,Singh Jaiya,Arjun,Local Conservatives,415,False,Alibon,Barking & Dagenham,E05014054,E09000002
Barking and Dagenham,Barking Riverside,2022-05-05,Bhuyan,Mohammad Omar,Local Conservatives,292,False,Barking Riverside,Barking & Dagenham,E05014055,E09000002
Barking and Dagenham,Barking Riverside,2022-05-05,Channer,Josie,Labour Party Candidate,923,True,Barking Riverside,Barking & Dagenham,E05014055,E09000002
Barking and Dagenham,Barking Riverside,2022-05-05,Geddes,Cameron,Labour Party Candidate,893,True,Barking Riverside,Barking & Dagenham,E05014055,E09000002
Barking and Dagenham,Barking Riverside,2022-05-05,Hornby,Victoria,Labour Party Candidate,890,True,Barking Riverside,Barking & Dagenham,E05014055,E09000002
Barking and Dagenham,Barking Riverside,2022-05-05,Mason,Pete,TUSC,233,False,Barking Riverside,Barking & Dagenham,E05014055,E09000002
Barking and Dagenham,Barking Riverside,2022-05-05,Oladimeji,Anthony,Local Conservatives,291,False,Barking Riverside,Barking & Dagenham,E05014055,E09000002
Barking and Dagenham,Barking Riverside,2022-05-05,Rahman,Mizanur,Local Conservatives,381,False,Barking Riverside,Barking & Dagenham,E05014055,E09000002
Barking and Dagenham,Beam,2022-05-05,Chowdhury,MD Muhibul Alam,Labour Party Candidate,854,True,Beam,Barking & Dagenham,E05014056,E09000002
Barking and Dagenham,Beam,2022-05-05,Jaiya,Manvindra Singh,Local Conservatives,417,False,Beam,Barking & Dagenham,E05014056,E09000002
Barking and Dagenham,Beam,2022-05-05,Lumsden,Donna,Labour Party Candidate,904,True,Beam,Barking & Dagenham,E05014056,E09000002
Barking and Dagenham,Beam,2022-05-05,Sandhu,Muazzam Ali,Labour Party Candidate,825,True,Beam,Barking & Dagenham,E05014056,E09000002
Barking and Dagenham,Beam,2022-05-05,Smith,Mark Charles Edward,Local Conservatives,434,False,Beam,Barking & Dagenham,E05014056,E09000002
Barking and Dagenham,Beam,2022-05-05,Whittaker,Karen Pearl,Local Conservatives,433,False,Beam,Barking & Dagenham,E05014056,E09000002
Barking and Dagenham,Becontree,2022-05-05,Egbuhuzor,Anthony Chidume,Local Conservatives,334,False,Becontree,Barking & Dagenham,E05014057,E09000002
Barking and Dagenham,Becontree,2022-05-05,Fugus,Edna,Labour Party Candidate,1121,True,Becontree,Barking & Dagenham,E05014057,E09000002
Barking and Dagenham,Becontree,2022-05-05,Saleem,Muhammad,Labour Party Candidate,1002,True,Becontree,Barking & Dagenham,E05014057,E09000002
Barking and Dagenham,Chadwell Heath,2022-05-05,Bright,Sade,Labour Party Candidate,1723,True,Chadwell Heath,Barking & Dagenham,E05014058,E09000002
Barking and Dagenham,Chadwell Heath,2022-05-05,Lynch,Martin Raymond,Local Conservatives,672,False,Chadwell Heath,Barking & Dagenham,E05014058,E09000002
Barking and Dagenham,Chadwell Heath,2022-05-05,Perry,Simon,Labour Party Candidate,1693,True,Chadwell Heath,Barking & Dagenham,E05014058,E09000002
Barking and Dagenham,Chadwell Heath,2022-05-05,Pongo,Michel,Labour Party Candidate,1486,True,Chadwell Heath,Barking & Dagenham,E05014058,E09000002
Barking and Dagenham,Eastbrook & Rush Green,2022-05-05,Bright,Princess,Labour Party Candidate,859,True,Eastbrook & Rush Green,Barking & Dagenham,E05014059,E09000002
Barking and Dagenham,Eastbrook & Rush Green,2022-05-05,Connelly,Sue,Local Conservatives,591,False,Eastbrook & Rush Green,Barking & Dagenham,E05014059,E09000002
Barking and Dagenham,Eastbrook & Rush Green,2022-05-05,Emin,Ron,Independent,238,False,Eastbrook & Rush Green,Barking & Dagenham,E05014059,E09000002
Barking and Dagenham,Eastbrook & Rush Green,2022-05-05,Hillyard,Dean,Independent,160,False,Eastbrook & Rush Green,Barking & Dagenham,E05014059,E09000002
Barking and Dagenham,Eastbrook & Rush Green,2022-05-05,Lynch,Emma Louise,Local Conservatives,525,False,Eastbrook & Rush Green,Barking & Dagenham,E05014059,E09000002
Barking and Dagenham,Eastbrook & Rush Green,2022-05-05,Ramsay,Tony,Labour Party Candidate,816,True,Eastbrook & Rush Green,Barking & Dagenham,E05014059,E09000002
Barking and Dagenham,Eastbury,2022-05-05,Acheampomaa,Eunice,Local Conservatives,500,False,Eastbury,Barking & Dagenham,E05014060,E09000002
Barking and Dagenham,Eastbury,2022-05-05,Begum,Poli,Local Conservatives,483,False,Eastbury,Barking & Dagenham,E05014060,E09000002
Barking and Dagenham,Eastbury,2022-05-05,Filiepescu,Costel,Local Conservatives,469,False,Eastbury,Barking & Dagenham,E05014060,E09000002
Barking and Dagenham,Eastbury,2022-05-05,Khan,Mohammed,Labour Party Candidate,1381,True,Eastbury,Barking & Dagenham,E05014060,E09000002
Barking and Dagenham,Eastbury,2022-05-05,Rodwell,Emily Victoria Cianne,Labour Party Candidate,1494,True,Eastbury,Barking & Dagenham,E05014060,E09000002
Barking and Dagenham,Eastbury,2022-05-05,Shaukat,Faraaz,Labour Party Candidate,1321,True,Eastbury,Barking & Dagenham,E05014060,E09000002
Barking and Dagenham,Gascoigne,2022-05-05,Cormack,Alison,Labour Party Candidate,1272,True,Gascoigne,Barking & Dagenham,E05014061,E09000002
Barking and Dagenham,Gascoigne,2022-05-05,Mason,Ruth Gabrielle,TUSC,154,False,Gascoigne,Barking & Dagenham,E05014061,E09000002
Barking and Dagenham,Gascoigne,2022-05-05,Shaw,Jack,Labour Party Candidate,1146,True,Gascoigne,Barking & Dagenham,E05014061,E09000002
Barking and Dagenham,Gascoigne,2022-05-05,Tahir,Roma,Local Conservatives,283,False,Gascoigne,Barking & Dagenham,E05014061,E09000002
Barking and Dagenham,Gascoigne,2022-05-05,Twomey,Dominic Anthony,Labour Party Candidate,1121,True,Gascoigne,Barking & Dagenham,E05014061,E09000002
Barking and Dagenham,Goresbrook,2022-05-05,Freeborn,Irma,Labour Party Candidate,1233,True,Goresbrook,Barking & Dagenham,E05014062,E09000002
Barking and Dagenham,Goresbrook,2022-05-05,Quadri,Moin Ali,Labour Party Candidate,1119,True,Goresbrook,Barking & Dagenham,E05014062,E09000002
Barking and Dagenham,Goresbrook,2022-05-05,Raj,Sharfaraz Khan,Local Conservatives,535,False,Goresbrook,Barking & Dagenham,E05014062,E09000002
Barking and Dagenham,Goresbrook,2022-05-05,Robinson,Paul David,Labour Party Candidate,1292,True,Goresbrook,Barking & Dagenham,E05014062,E09000002
Barking and Dagenham,Goresbrook,2022-05-05,Zahid Iqbal,Mehreen,Local Conservatives,489,False,Goresbrook,Barking & Dagenham,E05014062,E09000002
Barking and Dagenham,Heath,2022-05-05,Cekavicius,Martynas,Local Conservatives,338,False,Heath,Barking & Dagenham,E05014063,E09000002
Barking and Dagenham,Heath,2022-05-05,Martins,Olawale,Labour Party Candidate,952,True,Heath,Barking & Dagenham,E05014063,E09000002
Barking and Dagenham,Heath,2022-05-05,Olawepo,Angelica Omolara,Local Conservatives,338,False,Heath,Barking & Dagenham,E05014063,E09000002
Barking and Dagenham,Heath,2022-05-05,Robinson,Ingrid,Labour Party Candidate,930,True,Heath,Barking & Dagenham,E05014063,E09000002
Barking and Dagenham,Longbridge,2022-05-05,Adomavicius,Zygimantas,Liberal Democrat,373,False,Longbridge,Barking & Dagenham,E05014064,E09000002
Barking and Dagenham,Longbridge,2022-05-05,Choudhury,Faruk,Labour Party Candidate,2038,True,Longbridge,Barking & Dagenham,E05014064,E09000002
Barking and Dagenham,Longbridge,2022-05-05,Gill,Rocky,Labour Party Candidate,2164,True,Longbridge,Barking & Dagenham,E05014064,E09000002
Barking and Dagenham,Longbridge,2022-05-05,Rahman,Shah,Local Conservatives,1150,False,Longbridge,Barking & Dagenham,E05014064,E09000002
Barking and Dagenham,Longbridge,2022-05-05,Rice,Lynda Jane,Labour Party Candidate,1746,True,Longbridge,Barking & Dagenham,E05014064,E09000002
Barking and Dagenham,Mayesbrook,2022-05-05,Choudhury,Nashitha,Labour Party Candidate,1301,True,Mayesbrook,Barking & Dagenham,E05014065,E09000002
Barking and Dagenham,Mayesbrook,2022-05-05,Haroon,Kashif,Labour Party Candidate,1259,True,Mayesbrook,Barking & Dagenham,E05014065,E09000002
Barking and Dagenham,Mayesbrook,2022-05-05,Lazar,Florin Cornel,Local Conservatives,559,False,Mayesbrook,Barking & Dagenham,E05014065,E09000002
Barking and Dagenham,Mayesbrook,2022-05-05,McNab,Andy,Local Conservatives,565,False,Mayesbrook,Barking & Dagenham,E05014065,E09000002
Barking and Dagenham,Mayesbrook,2022-05-05,Oluwole,Ade,Labour Party Candidate,1242,True,Mayesbrook,Barking & Dagenham,E05014065,E09000002
Barking and Dagenham,Northbury,2022-05-05,Anthony,Simon,Green Party,317,False,Northbury,Barking & Dagenham,E05014066,E09000002
Barking and Dagenham,Northbury,2022-05-05,Ashraf,Saima,Labour Party Candidate,1500,True,Northbury,Barking & Dagenham,E05014066,E09000002
Barking and Dagenham,Northbury,2022-05-05,Hollis,Alex,Green Party,221,False,Northbury,Barking & Dagenham,E05014066,E09000002
Barking and Dagenham,Northbury,2022-05-05,Miah,Giasuddin,Labour Party Candidate,1364,True,Northbury,Barking & Dagenham,E05014066,E09000002
Barking and Dagenham,Northbury,2022-05-05,Rodwell,Darren,Labour Party Candidate,1398,True,Northbury,Barking & Dagenham,E05014066,E09000002
Barking and Dagenham,Northbury,2022-05-05,Saeed,Tariq,Local Conservatives,363,False,Northbury,Barking & Dagenham,E05014066,E09000002
Barking and Dagenham,Northbury,2022-05-05,Wright,Jon,Green Party,209,False,Northbury,Barking & Dagenham,E05014066,E09000002
Barking and Dagenham,Parsloes,2022-05-05,Kangethe,Elizabeth,Labour Party Candidate,1506,True,Parsloes,Barking & Dagenham,E05014067,E09000002
Barking and Dagenham,Parsloes,2022-05-05,Rai,Hardial Singh,Labour Party Candidate,1296,True,Parsloes,Barking & Dagenham,E05014067,E09000002
Barking and Dagenham,Parsloes,2022-05-05,Rice,Christopher David,Labour Party Candidate,1558,True,Parsloes,Barking & Dagenham,E05014067,E09000002
Barking and Dagenham,Parsloes,2022-05-05,Wijesuriya,Tilly,Local Conservatives,577,False,Parsloes,Barking & Dagenham,E05014067,E09000002
Barking and Dagenham,Thames View,2022-05-05,Baiye-Gaman,Lucy,Christians People Alliance,91,False,Thames View,Barking & Dagenham,E05014068,E09000002
Barking and Dagenham,Thames View,2022-05-05,Boff,Andrew,Local Conservatives,263,False,Thames View,Barking & Dagenham,E05014068,E09000002
Barking and Dagenham,Thames View,2022-05-05,Khan,Akhter,TUSC,75,False,Thames View,Barking & Dagenham,E05014068,E09000002
Barking and Dagenham,Thames View,2022-05-05,Nalule,Fatuma,Labour Party Candidate,701,True,Thames View,Barking & Dagenham,E05014068,E09000002
Barking and Dagenham,Thames View,2022-05-05,Zamee,Sabbir,Labour Party Candidate,633,True,Thames View,Barking & Dagenham,E05014068,E09000002
Barking and Dagenham,Valence,2022-05-05,Ghani,Syed Feroz,Labour Party Candidate,1358,True,Valence,Barking & Dagenham,E05014069,E09000002
Barking and Dagenham,Valence,2022-05-05,Jones,Jane Elizabeth,Labour Party Candidate,1514,True,Valence,Barking & Dagenham,E05014069,E09000002
Barking and Dagenham,Valence,2022-05-05,Londeno,Kevin Jingreed,Local Conservatives,570,False,Valence,Barking & Dagenham,E05014069,E09000002
Barking and Dagenham,Valence,2022-05-05,Worby,Maureen Margaret,Labour Party Candidate,1403,True,Valence,Barking & Dagenham,E05014069,E09000002
Barking and Dagenham,Village,2022-05-05,James,Beris,Local Conservatives,471,False,Village,Barking & Dagenham,E05014070,E09000002
Barking and Dagenham,Village,2022-05-05,Mullane,Margaret,Labour Party Candidate,1690,True,Village,Barking & Dagenham,E05014070,E09000002
Barking and Dagenham,Village,2022-05-05,Waker,Lee,Labour Party Candidate,1675,True,Village,Barking & Dagenham,E05014070,E09000002
Barking and Dagenham,Village,2022-05-05,Waker,Phil,Labour Party Candidate,1647,True,Village,Barking & Dagenham,E05014070,E09000002
Barking and Dagenham,Village,2022-05-05,Williams,Vincent Robert,Local Conservatives,431,False,Village,Barking & Dagenham,E05014070,E09000002
Barking and Dagenham,Whalebone,2022-05-05,Achilleos,Andrew,Labour Party Candidate,1687,True,Whalebone,Barking & Dagenham,E05014071,E09000002
Barking and Dagenham,Whalebone,2022-05-05,Nair,Subhash,Local Conservatives,709,False,Whalebone,Barking & Dagenham,E05014071,E09000002
Barking and Dagenham,Whalebone,2022-05-05,Paddle,Glenda,Labour Party Candidate,1698,True,Whalebone,Barking & Dagenham,E05014071,E09000002
Barking and Dagenham,Whalebone,2022-05-05,Yusuf,Mukhtar,Labour Party Candidate,1441,True,Whalebone,Barking & Dagenham,E05014071,E09000002
Barnet,Barnet Vale,2022-05-05,BARBER,Stephen,Lib Dems,693,False,Barnet Vale,Barnet,E05013628,E09000003
Barnet,Barnet Vale,2022-05-05,BARNES,Richard,Labour,2054,True,Barnet Vale,Barnet,E05013628,E09000003
Barnet,Barnet Vale,2022-05-05,COHEN,Simon,Lib Dems,747,False,Barnet Vale,Barnet,E05013628,E09000003
Barnet,Barnet Vale,2022-05-05,HAYLETT,Marianne,Labour,2192,True,Barnet Vale,Barnet,E05013628,E09000003
Barnet,Barnet Vale,2022-05-05,KUMAR,William,Conservatives,1971,False,Barnet Vale,Barnet,E05013628,E09000003
Barnet,Barnet Vale,2022-05-05,LONGSTAFF,David,Conservatives,2080,True,Barnet Vale,Barnet,E05013628,E09000003
Barnet,Barnet Vale,2022-05-05,PAPWORTH,Benjamin,Lib Dems,415,False,Barnet Vale,Barnet,E05013628,E09000003
Barnet,Barnet Vale,2022-05-05,IMRIT,Robert,Labour,1836,False,Barnet Vale,Barnet,E05013628,E09000003
Barnet,Barnet Vale,2022-05-05,TEARE,Robert,Conservatives,2015,False,Barnet Vale,Barnet,E05013628,E09000003
Barnet,Barnet Vale,2022-05-05,WICKSTEED,Charles,Green Party,732,False,Barnet Vale,Barnet,E05013628,E09000003
Barnet,Brunswick Park,2022-05-05,BILLIE,Luigi,Lib Dems,321,False,Brunswick Park,Barnet,E05013629,E09000003
Barnet,Brunswick Park,2022-05-05,FARBEY,David,Green Party,524,False,Brunswick Park,Barnet,E05013629,E09000003
Barnet,Brunswick Park,2022-05-05,LEMON,Paul,Labour,2353,True,Brunswick Park,Barnet,E05013629,E09000003
Barnet,Brunswick Park,2022-05-05,MASTIN-LEE,Josh,Conservatives,1805,False,Brunswick Park,Barnet,E05013629,E09000003
Barnet,Brunswick Park,2022-05-05,MONASTERIO,Giulia,Labour,2381,True,Brunswick Park,Barnet,E05013629,E09000003
Barnet,Brunswick Park,2022-05-05,RICHER,Nicole,Conservatives,1829,False,Brunswick Park,Barnet,E05013629,E09000003
Barnet,Brunswick Park,2022-05-05,RUTTER,Lisa,Conservatives,1918,False,Brunswick Park,Barnet,E05013629,E09000003
Barnet,Brunswick Park,2022-05-05,STERN,Jonti,Lib Dems,247,False,Brunswick Park,Barnet,E05013629,E09000003
Barnet,Brunswick Park,2022-05-05,VOUROU,Tony,Labour,2193,True,Brunswick Park,Barnet,E05013629,E09000003
Barnet,Brunswick Park,2022-05-05,WILLIAMS,Glyn,Lib Dems,262,False,Brunswick Park,Barnet,E05013629,E09000003
Barnet,Burnt Oak,2022-05-05,CONWAY,Sara,Labour,2545,True,Burnt Oak,Barnet,E05013630,E09000003
Barnet,Burnt Oak,2022-05-05,GURUNG,Kamal,Labour,2377,True,Burnt Oak,Barnet,E05013630,E09000003
Barnet,Burnt Oak,2022-05-05,HART,Ruth,Conservatives,962,False,Burnt Oak,Barnet,E05013630,E09000003
Barnet,Burnt Oak,2022-05-05,McGEEVER,Timothy,Conservatives,861,False,Burnt Oak,Barnet,E05013630,E09000003
Barnet,Burnt Oak,2022-05-05,NAQVI,Ammar,Labour,2105,True,Burnt Oak,Barnet,E05013630,E09000003
Barnet,Burnt Oak,2022-05-05,SHAH,Rashina,Green Party,520,False,Burnt Oak,Barnet,E05013630,E09000003
Barnet,Burnt Oak,2022-05-05,SHUPAC,Samuel,Conservatives,736,False,Burnt Oak,Barnet,E05013630,E09000003
Barnet,Childs Hill,2022-05-05,COHEN,Sam,Lib Dems,627,False,Childs Hill,Barnet,E05013631,E09000003
Barnet,Childs Hill,2022-05-05,DAVIS,Toby,Lib Dems,502,False,Childs Hill,Barnet,E05013631,E09000003
Barnet,Childs Hill,2022-05-05,DOLBY,Karen,Green Party,451,False,Childs Hill,Barnet,E05013631,E09000003
Barnet,Childs Hill,2022-05-05,FLUSS,Rebecca,Conservatives,1740,False,Childs Hill,Barnet,E05013631,E09000003
Barnet,Childs Hill,2022-05-05,GHEASUDDIN,Adam,Conservatives,1497,False,Childs Hill,Barnet,E05013631,E09000003
Barnet,Childs Hill,2022-05-05,INNOCENTI,Giulia,Labour,2061,True,Childs Hill,Barnet,E05013631,E09000003
Barnet,Childs Hill,2022-05-05,PERLBERG,Matthew,Labour,1936,True,Childs Hill,Barnet,E05013631,E09000003
Barnet,Childs Hill,2022-05-05,ROZENBERG,Emma,Lib Dems,597,False,Childs Hill,Barnet,E05013631,E09000003
Barnet,Childs Hill,2022-05-05,YOUNG,Nigel,Labour,1844,True,Childs Hill,Barnet,E05013631,E09000003
Barnet,Childs Hill,2022-05-05,ZINKIN,Peter,Conservatives,1746,False,Childs Hill,Barnet,E05013631,E09000003
Barnet,Colindale North,2022-05-05,CURATI,Maggie,Green Party,172,False,Colindale North,Barnet,E05013632,E09000003
Barnet,Colindale North,2022-05-05,IOANNIDIS,Andreas,Labour,1156,True,Colindale North,Barnet,E05013632,E09000003
Barnet,Colindale North,2022-05-05,MARGUILES,Ben,Conservatives,360,False,Colindale North,Barnet,E05013632,E09000003
Barnet,Colindale North,2022-05-05,NOCEK,Marcin,Independent,243,False,Colindale North,Barnet,E05013632,E09000003
Barnet,Colindale North,2022-05-05,PRAGER,Joseph,Conservatives,333,False,Colindale North,Barnet,E05013632,E09000003
Barnet,Colindale North,2022-05-05,WARSAME,Sabriye,Independent,91,False,Colindale North,Barnet,E05013632,E09000003
Barnet,Colindale North,2022-05-05,ZUBAIRI,Zakia,Labour,1102,True,Colindale North,Barnet,E05013632,E09000003
Barnet,Colindale South,2022-05-05,COLLINS,Adam,Conservatives,945,False,Colindale South,Barnet,E05013633,E09000003
Barnet,Colindale South,2022-05-05,GHOSH,Shivaji,Conservatives,807,False,Colindale South,Barnet,E05013633,E09000003
Barnet,Colindale South,2022-05-05,KHALICK,Humayune,Labour,1888,True,Colindale South,Barnet,E05013633,E09000003
Barnet,Colindale South,2022-05-05,NARENTHIRA,Nagus,Labour,1936,True,Colindale South,Barnet,E05013633,E09000003
Barnet,Colindale South,2022-05-05,SAIDLER,Nigel,Conservatives,775,False,Colindale South,Barnet,E05013633,E09000003
Barnet,Colindale South,2022-05-05,SARGEANT,Gillian,Labour,2008,True,Colindale South,Barnet,E05013633,E09000003
Barnet,Colindale South,2022-05-05,SHAH,Rajul,Green Party,437,False,Colindale South,Barnet,E05013633,E09000003
Barnet,Cricklewood,2022-05-05,CLARKE,Anne,Labour,1314,True,Cricklewood,Barnet,E05013634,E09000003
Barnet,Cricklewood,2022-05-05,DAVID,Yosef,Conservatives,415,False,Cricklewood,Barnet,E05013634,E09000003
Barnet,Cricklewood,2022-05-05,LAWTON,Charles,Lib Dems,106,False,Cricklewood,Barnet,E05013634,E09000003
Barnet,Cricklewood,2022-05-05,LEIGHTON,Sophie,Lib Dems,131,False,Cricklewood,Barnet,E05013634,E09000003
Barnet,Cricklewood,2022-05-05,POLLASTRI,Danielle,Green Party,192,False,Cricklewood,Barnet,E05013634,E09000003
Barnet,Cricklewood,2022-05-05,SCHNEIDERMAN,Alan,Labour,1109,True,Cricklewood,Barnet,E05013634,E09000003
Barnet,Cricklewood,2022-05-05,TENNAKOON,Ajantha,Conservatives,356,False,Cricklewood,Barnet,E05013634,E09000003
Barnet,East Barnet,2022-05-05,BYERS,Felix,Conservatives,2229,False,East Barnet,Barnet,E05013635,E09000003
Barnet,East Barnet,2022-05-05,COHEN,Philip,Labour,2547,True,East Barnet,Barnet,E05013635,E09000003
Barnet,East Barnet,2022-05-05,DAVID,Edith,Labour,2514,True,East Barnet,Barnet,E05013635,E09000003
Barnet,East Barnet,2022-05-05,ECHLIN,Judith,Green Party,628,False,East Barnet,Barnet,E05013635,E09000003
Barnet,East Barnet,2022-05-05,HOOKER,Sean,Lib Dems,374,False,East Barnet,Barnet,E05013635,E09000003
Barnet,East Barnet,2022-05-05,KEECH,David,Lib Dems,243,False,East Barnet,Barnet,E05013635,E09000003
Barnet,East Barnet,2022-05-05,NOWELL,David,Lib Dems,280,False,East Barnet,Barnet,E05013635,E09000003
Barnet,East Barnet,2022-05-05,PAVANAKUMAR,Pavan,Conservatives,2055,False,East Barnet,Barnet,E05013635,E09000003
Barnet,East Barnet,2022-05-05,RADFORD,Simon,Labour,2342,True,East Barnet,Barnet,E05013635,E09000003
Barnet,East Barnet,2022-05-05,ROBERTS,Paul,Conservatives,2023,False,East Barnet,Barnet,E05013635,E09000003
Barnet,East Finchley,2022-05-05,BUCKWELL,Robert,Conservatives,671,False,East Finchley,Barnet,E05013636,E09000003
Barnet,East Finchley,2022-05-05,FARRIER,Claire,Labour,2895,True,East Finchley,Barnet,E05013636,E09000003
Barnet,East Finchley,2022-05-05,HINES,Julia,Lib Dems,924,False,East Finchley,Barnet,E05013636,E09000003
Barnet,East Finchley,2022-05-05,McILMOYLE,Lesley,Conservatives,643,False,East Finchley,Barnet,E05013636,E09000003
Barnet,East Finchley,2022-05-05,MITTRA,Arjun,Labour,3122,True,East Finchley,Barnet,E05013636,E09000003
Barnet,East Finchley,2022-05-05,MOORE,Alison,Labour,3001,True,East Finchley,Barnet,E05013636,E09000003
Barnet,East Finchley,2022-05-05,NOBLE,David,Lib Dems,783,False,East Finchley,Barnet,E05013636,E09000003
Barnet,East Finchley,2022-05-05,PARSONS,Steve,Green Party,592,False,East Finchley,Barnet,E05013636,E09000003
Barnet,East Finchley,2022-05-05,PATEL,Sachin,Lib Dems,729,False,East Finchley,Barnet,E05013636,E09000003
Barnet,East Finchley,2022-05-05,TUCKER,Megan,Conservatives,627,False,East Finchley,Barnet,E05013636,E09000003
Barnet,Edgware,2022-05-05,BARD,Lisa,Womens,453,False,Edgware,Barnet,E05013637,E09000003
Barnet,Edgware,2022-05-05,CHAKRABORTY,Nikhilesh,Labour,1671,False,Edgware,Barnet,E05013637,E09000003
Barnet,Edgware,2022-05-05,GLUCK,Sora,Labour,1372,False,Edgware,Barnet,E05013637,E09000003
Barnet,Edgware,2022-05-05,GORDON,Shuey,Conservatives,2746,True,Edgware,Barnet,E05013637,E09000003
Barnet,Edgware,2022-05-05,JACKSON,Ryan,Labour,1478,False,Edgware,Barnet,E05013637,E09000003
Barnet,Edgware,2022-05-05,MEARING-SMITH,Nick,Conservatives,3007,True,Edgware,Barnet,E05013637,E09000003
Barnet,Edgware,2022-05-05,MILES,Dudley,Green Party,510,False,Edgware,Barnet,E05013637,E09000003
Barnet,Edgware,2022-05-05,WAKELEY,Lucy,Conservatives,3110,True,Edgware,Barnet,E05013637,E09000003
Barnet,Edgwarebury,2022-05-05,GURUNG,Lachhya,Conservatives,1691,True,Edgwarebury,Barnet,E05013638,E09000003
Barnet,Edgwarebury,2022-05-05,MURRAY,Samuel,Green Party,284,False,Edgwarebury,Barnet,E05013638,E09000003
Barnet,Edgwarebury,2022-05-05,PATEL,Nila,Labour,1582,False,Edgwarebury,Barnet,E05013638,E09000003
Barnet,Edgwarebury,2022-05-05,TAPPER,Josh,Labour,1649,False,Edgwarebury,Barnet,E05013638,E09000003
Barnet,Edgwarebury,2022-05-05,WARDLE,Sarah,Conservatives,1749,True,Edgwarebury,Barnet,E05013638,E09000003
Barnet,Finchley Church End,2022-05-05,AUBREY-JONES,Dominic,Lib Dems,1387,False,Finchley Church End,Barnet,E05013639,E09000003
Barnet,Finchley Church End,2022-05-05,BAKER,Suzanne,Labour,1464,False,Finchley Church End,Barnet,E05013639,E09000003
Barnet,Finchley Church End,2022-05-05,BURRAGE,Hilary,Labour,1339,False,Finchley Church End,Barnet,E05013639,E09000003
Barnet,Finchley Church End,2022-05-05,FENESAN,Daniel,Lib Dems,1291,False,Finchley Church End,Barnet,E05013639,E09000003
Barnet,Finchley Church End,2022-05-05,GREENSPAN,Eva,Conservatives,2357,True,Finchley Church End,Barnet,E05013639,E09000003
Barnet,Finchley Church End,2022-05-05,GROCOCK,Jennifer,Conservatives,2155,True,Finchley Church End,Barnet,E05013639,E09000003
Barnet,Finchley Church End,2022-05-05,HOYLE,Sarah,Lib Dems,1465,False,Finchley Church End,Barnet,E05013639,E09000003
Barnet,Finchley Church End,2022-05-05,JACOBY OWEN,Nina,Green Party,464,False,Finchley Church End,Barnet,E05013639,E09000003
Barnet,Finchley Church End,2022-05-05,McGUIRK,Mary,Labour,1226,False,Finchley Church End,Barnet,E05013639,E09000003
Barnet,Finchley Church End,2022-05-05,THOMAS,Daniel,Conservatives,2140,True,Finchley Church End,Barnet,E05013639,E09000003
Barnet,Friern Barnet,2022-05-05,COAKLEY WEBB,Pauline,Labour,3030,True,Friern Barnet,Barnet,E05013640,E09000003
Barnet,Friern Barnet,2022-05-05,CRAIG,Graham,Lib Dems,367,False,Friern Barnet,Barnet,E05013640,E09000003
Barnet,Friern Barnet,2022-05-05,GHATEH,Kishar,Conservatives,1026,False,Friern Barnet,Barnet,E05013640,E09000003
Barnet,Friern Barnet,2022-05-05,JESSUP,Lavinia,Lib Dems,350,False,Friern Barnet,Barnet,E05013640,E09000003
Barnet,Friern Barnet,2022-05-05,LUISINGU,Linda,Labour,2880,True,Friern Barnet,Barnet,E05013640,E09000003
Barnet,Friern Barnet,2022-05-05,MYERSON,Zoe,Lib Dems,350,False,Friern Barnet,Barnet,E05013640,E09000003
Barnet,Friern Barnet,2022-05-05,RAWLINGS,Barry,Labour,2779,True,Friern Barnet,Barnet,E05013640,E09000003
Barnet,Friern Barnet,2022-05-05,SALINGER,Kate,Conservatives,1137,False,Friern Barnet,Barnet,E05013640,E09000003
Barnet,Friern Barnet,2022-05-05,SKEJA,Anila,Conservatives,991,False,Friern Barnet,Barnet,E05013640,E09000003
Barnet,Friern Barnet,2022-05-05,TYTHERLEIGH,Eda,Green Party,550,False,Friern Barnet,Barnet,E05013640,E09000003
Barnet,Garden Suburb,2022-05-05,AKBIYIK,Altan,Lib Dems,496,False,Garden Suburb,Barnet,E05013641,E09000003
Barnet,Garden Suburb,2022-05-05,CAESAR,Nicolas,Green Party,369,False,Garden Suburb,Barnet,E05013641,E09000003
Barnet,Garden Suburb,2022-05-05,GROVER,Rohit,Conservatives,1895,True,Garden Suburb,Barnet,E05013641,E09000003
Barnet,Garden Suburb,2022-05-05,INGRAM,Brian,Indipendent,311,False,Garden Suburb,Barnet,E05013641,E09000003
Barnet,Garden Suburb,2022-05-05,KAYANI,Adam,Labour,878,False,Garden Suburb,Barnet,E05013641,E09000003
Barnet,Garden Suburb,2022-05-05,LEVINE,Kathleen,Labour,1052,False,Garden Suburb,Barnet,E05013641,E09000003
Barnet,Garden Suburb,2022-05-05,MERMELSTEIN,Daniel,Lib Dems,622,False,Garden Suburb,Barnet,E05013641,E09000003
Barnet,Garden Suburb,2022-05-05,MIRE,Michael,Conservatives,1878,True,Garden Suburb,Barnet,E05013641,E09000003
Barnet,Golders Green,2022-05-05,BRAZIL,Debbie,Womens,113,False,Golders Green,Barnet,E05013642,E09000003
Barnet,Golders Green,2022-05-05,COHEN,Dean,Conservatives,2171,True,Golders Green,Barnet,E05013642,E09000003
Barnet,Golders Green,2022-05-05,COHEN,Melvin,Conservatives,2146,True,Golders Green,Barnet,E05013642,E09000003
Barnet,Golders Green,2022-05-05,GOSTYN,Penny,Lib Dems,190,False,Golders Green,Barnet,E05013642,E09000003
Barnet,Golders Green,2022-05-05,SHAER,Simon,Lib Dems,156,False,Golders Green,Barnet,E05013642,E09000003
Barnet,Golders Green,2022-05-05,WALKDEN,Karen,Labour,650,False,Golders Green,Barnet,E05013642,E09000003
Barnet,Golders Green,2022-05-05,WALLER,Susan,Labour,613,False,Golders Green,Barnet,E05013642,E09000003
Barnet,Golders Green,2022-05-05,WARD,Gillian,Green Party,205,False,Golders Green,Barnet,E05013642,E09000003
Barnet,Hendon,2022-05-05,CONWAY,Joshua,Conservatives,2632,True,Hendon,Barnet,E05013643,E09000003
Barnet,Hendon,2022-05-05,DAUS,Charlotte,Labour,1427,False,Hendon,Barnet,E05013643,E09000003
Barnet,Hendon,2022-05-05,DUNITZ,David,Labour,1329,False,Hendon,Barnet,E05013643,E09000003
Barnet,Hendon,2022-05-05,FORDYCE,Christopher,Green Party,429,False,Hendon,Barnet,E05013643,E09000003
Barnet,Hendon,2022-05-05,HUGHES,Michael,Lib Dems,277,False,Hendon,Barnet,E05013643,E09000003
Barnet,Hendon,2022-05-05,OLIFFE,Franca,Independent,568,False,Hendon,Barnet,E05013643,E09000003
Barnet,Hendon,2022-05-05,PHILLIPS,Eunice,Lib Dems,240,False,Hendon,Barnet,E05013643,E09000003
Barnet,Hendon,2022-05-05,PRAGER,Alex,Conservatives,2545,True,Hendon,Barnet,E05013643,E09000003
Barnet,Hendon,2022-05-05,SHOOTER,Mark,Conservatives,2436,True,Hendon,Barnet,E05013643,E09000003
Barnet,Hendon,2022-05-05,TURNER,Janice,Lib Dems,276,False,Hendon,Barnet,E05013643,E09000003
Barnet,Hendon,2022-05-05,WILDING,Viljo,Labour,1018,False,Hendon,Barnet,E05013643,E09000003
Barnet,High Barnet,2022-05-05,AYODEJI-AKINDIJ,Lara,Conservatives,1504,False,High Barnet,Barnet,E05013644,E09000003
Barnet,High Barnet,2022-05-05,EDWARDS,Paul,Labour,2044,True,High Barnet,Barnet,E05013644,E09000003
Barnet,High Barnet,2022-05-05,HEWISON,Richard,Rejoin EU,116,False,High Barnet,Barnet,E05013644,E09000003
Barnet,High Barnet,2022-05-05,KING,Dan,Conservatives,1459,False,High Barnet,Barnet,E05013644,E09000003
Barnet,High Barnet,2022-05-05,LUSHER,Peter,Lib Dems,212,False,High Barnet,Barnet,E05013644,E09000003
Barnet,High Barnet,2022-05-05,WATERSON,Joan,Green Party,359,False,High Barnet,Barnet,E05013644,E09000003
Barnet,High Barnet,2022-05-05,WEST,Michael,Lib Dems,182,False,High Barnet,Barnet,E05013644,E09000003
Barnet,High Barnet,2022-05-05,WHYSALL,Emma,Labour,2051,True,High Barnet,Barnet,E05013644,E09000003
Barnet,Mill Hill,2022-05-05,BARKER,Rachel,Labour,1565,False,Mill Hill,Barnet,E05013645,E09000003
Barnet,Mill Hill,2022-05-05,DUSCHINSKY,Val,Conservatives,2010,True,Mill Hill,Barnet,E05013645,E09000003
Barnet,Mill Hill,2022-05-05,FANNING-TICHBORNE,Pascale,Labour,1390,False,Mill Hill,Barnet,E05013645,E09000003
Barnet,Mill Hill,2022-05-05,GRANT,Frankie,Labour,1413,False,Mill Hill,Barnet,E05013645,E09000003
Barnet,Mill Hill,2022-05-05,JAJEH,Laithe,Conservatives,1783,True,Mill Hill,Barnet,E05013645,E09000003
Barnet,Mill Hill,2022-05-05,LAUER,Kay,Womens,262,False,Mill Hill,Barnet,E05013645,E09000003
Barnet,Mill Hill,2022-05-05,LOGUE,Richard,Lib Dems,713,False,Mill Hill,Barnet,E05013645,E09000003
Barnet,Mill Hill,2022-05-05,PICKUP,Donna,Lib Dems,672,False,Mill Hill,Barnet,E05013645,E09000003
Barnet,Mill Hill,2022-05-05,SIMBERG,Elliot,Conservatives,1909,True,Mill Hill,Barnet,E05013645,E09000003
Barnet,Mill Hill,2022-05-05,TICHBORNE,Roger,Lib Dems,735,False,Mill Hill,Barnet,E05013645,E09000003
Barnet,Mill Hill,2022-05-05,WARDLE,Elizabeth,Green Party,441,False,Mill Hill,Barnet,E05013645,E09000003
Barnet,Totteridge and Woodside,2022-05-05,COHEN,Jack,Lib Dems,555,False,Totteridge & Woodside,Barnet,E05013646,E09000003
Barnet,Totteridge and Woodside,2022-05-05,CORNELIUS,Jane,Conservatives,2041,True,Totteridge & Woodside,Barnet,E05013646,E09000003
Barnet,Totteridge and Woodside,2022-05-05,CORNELIUS,Richard,Conservatives,1975,True,Totteridge & Woodside,Barnet,E05013646,E09000003
Barnet,Totteridge and Woodside,2022-05-05,DAVID,Vanessa,Labour,1435,False,Totteridge & Woodside,Barnet,E05013646,E09000003
Barnet,Totteridge and Woodside,2022-05-05,DONNELLY,Brendan,Rejoin EU,213,False,Totteridge & Woodside,Barnet,E05013646,E09000003
Barnet,Totteridge and Woodside,2022-05-05,RODWELL,Oliver,Lib Dems,403,False,Totteridge & Woodside,Barnet,E05013646,E09000003
Barnet,Totteridge and Woodside,2022-05-05,SHARMA,Parmodh,Labour,1310,False,Totteridge & Woodside,Barnet,E05013646,E09000003
Barnet,Totteridge and Woodside,2022-05-05,SPENSLEY,Tanya,Lib Dems,443,False,Totteridge & Woodside,Barnet,E05013646,E09000003
Barnet,Totteridge and Woodside,2022-05-05,STOCK,Caroline,Conservatives,1986,True,Totteridge & Woodside,Barnet,E05013646,E09000003
Barnet,Totteridge and Woodside,2022-05-05,VOLLONO,Fabio,Green Party,455,False,Totteridge & Woodside,Barnet,E05013646,E09000003
Barnet,Totteridge and Woodside,2022-05-05,WILLIAMS,Laurie,Labour,1283,False,Totteridge & Woodside,Barnet,E05013646,E09000003
Barnet,Underhill,2022-05-05,BEG,Zahra,Labour,2082,True,Underhill,Barnet,E05013647,E09000003
Barnet,Underhill,2022-05-05,CORNEY,Victor,Lib Dems,224,False,Underhill,Barnet,E05013647,E09000003
Barnet,Underhill,2022-05-05,DALY,Patrick,Lib Dems,209,False,Underhill,Barnet,E05013647,E09000003
Barnet,Underhill,2022-05-05,DOLBY,Andrew,Green Party,332,False,Underhill,Barnet,E05013647,E09000003
Barnet,Underhill,2022-05-05,GARRICK,Taiye,Conservatives,1165,False,Underhill,Barnet,E05013647,E09000003
Barnet,Underhill,2022-05-05,REND,Ben,Rejoin EU,136,False,Underhill,Barnet,E05013647,E09000003
Barnet,Underhill,2022-05-05,ROBERTS,Tim,Labour,1991,True,Underhill,Barnet,E05013647,E09000003
Barnet,Underhill,2022-05-05,THOMPSTONE,Reuben,Conservatives,1173,False,Underhill,Barnet,E05013647,E09000003
Barnet,West Finchley,2022-05-05,COLMANS,John,Green Party,637,False,West Finchley,Barnet,E05013648,E09000003
Barnet,West Finchley,2022-05-05,ENDERBY,Clareine,Lib Dems,1203,False,West Finchley,Barnet,E05013648,E09000003
Barnet,West Finchley,2022-05-05,FUCILLA,Robert,Conservatives,1106,False,West Finchley,Barnet,E05013648,E09000003
Barnet,West Finchley,2022-05-05,HOUSTON,Ross,Labour,2916,True,West Finchley,Barnet,E05013648,E09000003
Barnet,West Finchley,2022-05-05,MCGUIRK,Kath,Labour,2952,True,West Finchley,Barnet,E05013648,E09000003
Barnet,West Finchley,2022-05-05,RICH,Danny,Labour,2724,True,West Finchley,Barnet,E05013648,E09000003
Barnet,West Finchley,2022-05-05,ROZENBERG,Gabriel,Lib Dems,1289,False,West Finchley,Barnet,E05013648,E09000003
Barnet,West Finchley,2022-05-05,RUBACK,Gregory,Lib Dems,992,False,West Finchley,Barnet,E05013648,E09000003
Barnet,West Finchley,2022-05-05,SAVIN,Linda,Conservatives,1160,False,West Finchley,Barnet,E05013648,E09000003
Barnet,West Finchley,2022-05-05,SHEPPARD,Thomas,Conservatives,1081,False,West Finchley,Barnet,E05013648,E09000003
Barnet,West Finchley,2022-05-05,VINCENTI,Ruth,Womens,331,False,West Finchley,Barnet,E05013648,E09000003
Barnet,West Hendon,2022-05-05,AMBE,Ernest,Labour,1791,True,West Hendon,Barnet,E05013649,E09000003
Barnet,West Hendon,2022-05-05,BILBOW,Andrea,Labour,1901,True,West Hendon,Barnet,E05013649,E09000003
Barnet,West Hendon,2022-05-05,CHAKRABORTY,Rishikesh,Labour,1761,True,West Hendon,Barnet,E05013649,E09000003
Barnet,West Hendon,2022-05-05,HUNTER,Tye,Green Party,436,False,West Hendon,Barnet,E05013649,E09000003
Barnet,West Hendon,2022-05-05,LEWIS,Pauline,Conservatives,1027,False,West Hendon,Barnet,E05013649,E09000003
Barnet,West Hendon,2022-05-05,ODZE,Harvey,Conservatives,870,False,West Hendon,Barnet,E05013649,E09000003
Barnet,West Hendon,2022-05-05,RICHMAN,Helene,Lib Dems,650,False,West Hendon,Barnet,E05013649,E09000003
Barnet,West Hendon,2022-05-05,ROSS,Jeremy,Conservatives,931,False,West Hendon,Barnet,E05013649,E09000003
Barnet,Whetstone,2022-05-05,NEWBY,Andrew,Green Party,456,False,Whetstone,Barnet,E05013650,E09000003
Barnet,Whetstone,2022-05-05,RAJPUT,Sachin,Conservatives,1308,False,Whetstone,Barnet,E05013650,E09000003
Barnet,Whetstone,2022-05-05,ROSE,Ella,Labour,1898,True,Whetstone,Barnet,E05013650,E09000003
Barnet,Whetstone,2022-05-05,SMITH,Thomas,Conservatives,1336,False,Whetstone,Barnet,E05013650,E09000003
Barnet,Whetstone,2022-05-05,VELLEMAN,Liron,Labour,1625,True,Whetstone,Barnet,E05013650,E09000003
Barnet,Woodhouse,2022-05-05,BOKAEI,Golnar,Conservatives,980,False,Woodhouse,Barnet,E05013651,E09000003
Barnet,Woodhouse,2022-05-05,BURNS,David,Green Party,395,False,Woodhouse,Barnet,E05013651,E09000003
Barnet,Woodhouse,2022-05-05,COOKE,Geof,Labour,1917,True,Woodhouse,Barnet,E05013651,E09000003
Barnet,Woodhouse,2022-05-05,FITZGERALD,Gerard,Lib Dems,318,False,Woodhouse,Barnet,E05013651,E09000003
Barnet,Woodhouse,2022-05-05,GOLDMAN,James,Lib Dems,314,False,Woodhouse,Barnet,E05013651,E09000003
Barnet,Woodhouse,2022-05-05,HUTTON,Anne,Labour,1900,True,Woodhouse,Barnet,E05013651,E09000003
Barnet,Woodhouse,2022-05-05,OWUSU AFRIYIE,Shaan,Conservatives,891,False,Woodhouse,Barnet,E05013651,E09000003
Bexley,Barnehurst,2022-05-05,BISHOP,Brian,Conservative,1637,True,Barnehurst,Bexley,E05011217,E09000004
Bexley,Barnehurst,2022-05-05,FOLARIN,Elizabeth,Labour,1173,False,Barnehurst,Bexley,E05011217,E09000004
Bexley,Barnehurst,2022-05-05,JACKSON,Howard,Conservative,1599,True,Barnehurst,Bexley,E05011217,E09000004
Bexley,Barnehurst,2022-05-05,SMITH,Andrew,Labour,1106,False,Barnehurst,Bexley,E05011217,E09000004
Bexley,Belvedere,2022-05-05,AMANING,Esther,Labour,1998,True,Belvedere,Bexley,E05011218,E09000004
Bexley,Belvedere,2022-05-05,BARRY,Sarah,Green Partry,533,False,Belvedere,Bexley,E05011218,E09000004
Bexley,Belvedere,2022-05-05,BISHOP,Christine,Coservative,1278,False,Belvedere,Bexley,E05011218,E09000004
Bexley,Belvedere,2022-05-05,DORGU,William,Conservative,1126,False,Belvedere,Bexley,E05011218,E09000004
Bexley,Belvedere,2022-05-05,FRANCIS,Daniel,Labour,1956,True,Belvedere,Bexley,E05011218,E09000004
Bexley,Belvedere,2022-05-05,HINKLEY,Sally,Labour,2033,True,Belvedere,Bexley,E05011218,E09000004
Bexley,Belvedere,2022-05-05,|POON,Viny,Conservative,1072,False,Belvedere,Bexley,E05011218,E09000004
Bexley,Bexleyheath,2022-05-05,ALBAKRI,Jawharah,Liberal Democrats,436,False,Bexleyheath,Bexley,E05011219,E09000004
Bexley,Bexleyheath,2022-05-05,BALL,Pat,Labour,1532,False,Bexleyheath,Bexley,E05011219,E09000004
Bexley,Bexleyheath,2022-05-05,CAREW,Bola,Conservative,2154,True,Bexleyheath,Bexley,E05011219,E09000004
Bexley,Bexleyheath,2022-05-05,DAVIES,Eric,Labour,1599,False,Bexleyheath,Bexley,E05011219,E09000004
Bexley,Bexleyheath,2022-05-05,GOWER,Sue,Conservative,2364,True,Bexleyheath,Bexley,E05011219,E09000004
Bexley,Bexleyheath,2022-05-05,MURPHY,Matthew,Labour,1568,False,Bexleyheath,Bexley,E05011219,E09000004
Bexley,Bexleyheath,2022-05-05,SANDHU,Rags,Conservative,1983,True,Bexleyheath,Bexley,E05011219,E09000004
Bexley,Blackfen & Lamorbey,2022-05-05,CHODHA,Josephine,Labour,1349,False,Blackfen & Lamorbey,Bexley,E05011220,E09000004
Bexley,Blackfen & Lamorbey,2022-05-05,COVE,John,Labour,1310,False,Blackfen & Lamorbey,Bexley,E05011220,E09000004
Bexley,Blackfen & Lamorbey,2022-05-05,CRASKE,Peter,Conservative,2185,True,Blackfen & Lamorbey,Bexley,E05011220,E09000004
Bexley,Blackfen & Lamorbey,2022-05-05,HUNT,James,Conservative,2199,True,Blackfen & Lamorbey,Bexley,E05011220,E09000004
Bexley,Blackfen & Lamorbey,2022-05-05,JENKINS,Daniel,Labour,1295,False,Blackfen & Lamorbey,Bexley,E05011220,E09000004
Bexley,Blackfen & Lamorbey,2022-05-05,KELLY,Robin,Liberal Democrats,538,False,Blackfen & Lamorbey,Bexley,E05011220,E09000004
Bexley,Blackfen & Lamorbey,2022-05-05,MUNUR,Cafer,Conservative,1924,True,Blackfen & Lamorbey,Bexley,E05011220,E09000004
Bexley,Blackfen & Lamorbey,2022-05-05,PASTOR,Michael,Reform UK,325,False,Blackfen & Lamorbey,Bexley,E05011220,E09000004
Bexley,Blendon & Penhill,2022-05-05,ADAMS,Patrick,Conservative,2267,True,Blendon & Penhill,Bexley,E05011221,E09000004
Bexley,Blendon & Penhill,2022-05-05,BROOKE,Ahmad,Labour,1099,False,Blendon & Penhill,Bexley,E05011221,E09000004
Bexley,Blendon & Penhill,2022-05-05,FRANCIS,Emma,Labour,1322,False,Blendon & Penhill,Bexley,E05011221,E09000004
Bexley,Blendon & Penhill,2022-05-05,LEAF,David,Conservative,2012,True,Blendon & Penhill,Bexley,E05011221,E09000004
Bexley,Blendon & Penhill,2022-05-05,MASON,Marc,Reform UK,262,False,Blendon & Penhill,Bexley,E05011221,E09000004
Bexley,Blendon & Penhill,2022-05-05,MEREDEEN,Bruce,Liberal Democrats,402,False,Blendon & Penhill,Bexley,E05011221,E09000004
Bexley,Blendon & Penhill,2022-05-05,MILLEN,Floyd,Labour,1092,False,Blendon & Penhill,Bexley,E05011221,E09000004
Bexley,Blendon & Penhill,2022-05-05,O'HARE,Nick,Conservative,2040,True,Blendon & Penhill,Bexley,E05011221,E09000004
Bexley,Crayford,2022-05-05,DI NETIMAH,Felix,Conservative,1717,True,Crayford,Bexley,E05011222,E09000004
Bexley,Crayford,2022-05-05,HAIR,Nick,Labour,1549,False,Crayford,Bexley,E05011222,E09000004
Bexley,Crayford,2022-05-05,JOHNSON,Abi,Labour,1628,False,Crayford,Bexley,E05011222,E09000004
Bexley,Crayford,2022-05-05,LUCIA-HENNIS,Geraldene,Conservative,1872,True,Crayford,Bexley,E05011222,E09000004
Bexley,Crayford,2022-05-05,RICHES,Anthony,Labour,1554,False,Crayford,Bexley,E05011222,E09000004
Bexley,Crayford,2022-05-05,SEYMOUR,Melvin,Conservative,1890,True,Crayford,Bexley,E05011222,E09000004
Bexley,Crook Log,2022-05-05,BROOKS,Zoe,Liberal Democrats,621,False,Crook Log,Bexley,E05011223,E09000004
Bexley,Crook Log,2022-05-05,DAVIES,Liam,Labour,1684,False,Crook Log,Bexley,E05011223,E09000004
Bexley,Crook Log,2022-05-05,NICHOLLS,Timothy,Labour,1418,False,Crook Log,Bexley,E05011223,E09000004
Bexley,Crook Log,2022-05-05,O'NEILL,Teresa,Conservative,2317,True,Crook Log,Bexley,E05011223,E09000004
Bexley,Crook Log,2022-05-05,TAYLOR,Christopher,Conservative,2077,True,Crook Log,Bexley,E05011223,E09000004
Bexley,Crook Log,2022-05-05,WARD-WILSON,Janice,Conservative,2154,True,Crook Log,Bexley,E05011223,E09000004
Bexley,Crook Log,2022-05-05,WHITE,Janet,Labour,1491,False,Crook Log,Bexley,E05011223,E09000004
Bexley,East Wickham,2022-05-05,ASH,Sean,Liberal Democrats,506,False,East Wickham,Bexley,E05011224,E09000004
Bexley,East Wickham,2022-05-05,BRIANT,Donna,Labour,1733,False,East Wickham,Bexley,E05011224,E09000004
Bexley,East Wickham,2022-05-05,CATTERALL,Christine,Conservative,1774,True,East Wickham,Bexley,E05011224,E09000004
Bexley,East Wickham,2022-05-05,HALL,\Steven,Conservative,1967,True,East Wickham,Bexley,E05011224,E09000004
Bexley,East Wickham,2022-05-05,HEDDERMAN,Claire,Labour,1609,False,East Wickham,Bexley,E05011224,E09000004
Bexley,East Wickham,2022-05-05,JONES,Michael,British Democrats,253,False,East Wickham,Bexley,E05011224,E09000004
Bexley,East Wickham,2022-05-05,NEWTON,Caroline,Conservative,1794,True,East Wickham,Bexley,E05011224,E09000004
Bexley,East Wickham,2022-05-05,TINGLE,Dave,Labour,1467,False,East Wickham,Bexley,E05011224,E09000004
Bexley,Erith,2022-05-05,BALL,Christopher,Labour,1512,True,Erith,Bexley,E05011225,E09000004
Bexley,Erith,2022-05-05,KHAN,Mosbah,Conservative,664,False,Erith,Bexley,E05011225,E09000004
Bexley,Erith,2022-05-05,LI,David,Conservative,670,False,Erith,Bexley,E05011225,E09000004
Bexley,Erith,2022-05-05,TAYLOR,Nicola,Labour,1469,True,Erith,Bexley,E05011225,E09000004
Bexley,Falconwood & Welling,2022-05-05,BETTS,Nigel,Conservative,2047,True,Falconwood & Welling,Bexley,E05011226,E09000004
Bexley,Falconwood & Welling,2022-05-05,BROOKS,Frazer,Conservative,1795,True,Falconwood & Welling,Bexley,E05011226,E09000004
Bexley,Falconwood & Welling,2022-05-05,CURTOIS,Andrew,Conservative,1894,True,Falconwood & Welling,Bexley,E05011226,E09000004
Bexley,Falconwood & Welling,2022-05-05,FOSTEN,Jeremy,Labour,1360,False,Falconwood & Welling,Bexley,E05011226,E09000004
Bexley,Falconwood & Welling,2022-05-05,MILLER,Sarah,Labour,1494,False,Falconwood & Welling,Bexley,E05011226,E09000004
Bexley,Falconwood & Welling,2022-05-05,NEWTON,Marian,Reform UK,245,False,Falconwood & Welling,Bexley,E05011226,E09000004
Bexley,Falconwood & Welling,2022-05-05,PERFECT,Stephen,Labour,1273,False,Falconwood & Welling,Bexley,E05011226,E09000004
Bexley,Falconwood & Welling,2022-05-05,RADBON,Elisabeth,Green Party,538,False,Falconwood & Welling,Bexley,E05011226,E09000004
Bexley,Longlands,2022-05-05,BROOKS,Oliver,Liberal Democrats,346,False,Longlands,Bexley,E05011227,E09000004
Bexley,Longlands,2022-05-05,DAVIES,Anashua,Labour,1014,False,Longlands,Bexley,E05011227,E09000004
Bexley,Longlands,2022-05-05,DOURMOUSH,Andy,Conservative,1347,True,Longlands,Bexley,E05011227,E09000004
Bexley,Longlands,2022-05-05,GRAY,Teresa,Labour,1029,False,Longlands,Bexley,E05011227,E09000004
Bexley,Longlands,2022-05-05,MOORE,Lisa-Jane,Conservative,1504,True,Longlands,Bexley,E05011227,E09000004
Bexley,Northumberland Heath,2022-05-05,BARGERY,Paul,Liberal Democrats,248,False,Northumberland Heath,Bexley,E05011228,E09000004
Bexley,Northumberland Heath,2022-05-05,BROOKS,Duwayne,Conservatives,1146,False,Northumberland Heath,Bexley,E05011228,E09000004
Bexley,Northumberland Heath,2022-05-05,GILL,Baljeet,Labour,1361,True,Northumberland Heath,Bexley,E05011228,E09000004
Bexley,Northumberland Heath,2022-05-05,NEWBURY,Aaron,Conservatives,1157,False,Northumberland Heath,Bexley,E05011228,E09000004
Bexley,Northumberland Heath,2022-05-05,PERFECT,Wendy,Labour,1345,True,Northumberland Heath,Bexley,E05011228,E09000004
Bexley,Sidcup,2022-05-05,BACON,Cheryl,Conservative,1818,True,Sidcup,Bexley,E05011230,E09000004
Bexley,Sidcup,2022-05-05,DIMENT,Richard,Conservative,1815,True,Sidcup,Bexley,E05011230,E09000004
Bexley,Sidcup,2022-05-05,HINKLEY,Paul,Labour,1211,False,Sidcup,Bexley,E05011230,E09000004
Bexley,Sidcup,2022-05-05,HURRON,Paul,Liberal Democrats,484,False,Sidcup,Bexley,E05011230,E09000004
Bexley,Sidcup,2022-05-05,KELSEY,Tonya,Labour,1204,False,Sidcup,Bexley,E05011230,E09000004
Bexley,Sidcup,2022-05-05,NOTTLE,Ben,Labour,1082,False,Sidcup,Bexley,E05011230,E09000004
Bexley,Sidcup,2022-05-05,REYNOLDS,Simone,Liberal Democrats,472,False,Sidcup,Bexley,E05011230,E09000004
Bexley,Sidcup,2022-05-05,SEXTON,David,Liberal Democrats,407,False,Sidcup,Bexley,E05011230,E09000004
Bexley,Sidcup,2022-05-05,SHVOROB,Dimitri,Independent,261,False,Sidcup,Bexley,E05011230,E09000004
Bexley,Sidcup,2022-05-05,SLAUGHTER,June,Conservative,1828,True,Sidcup,Bexley,E05011230,E09000004
Bexley,Sidcup,2022-05-05,WILLIAMS,Laurence,Social Democratic Party,100,False,Sidcup,Bexley,E05011230,E09000004
Bexley,Slade Green & Northend,2022-05-05,BORELLA,Stefano,Labour,1220,True,Slade Green & Northend,Bexley,E05011231,E09000004
Bexley,Slade Green & Northend,2022-05-05,BRINKHURST,Mandy,Conservative,700,False,Slade Green & Northend,Bexley,E05011231,E09000004
Bexley,Slade Green & Northend,2022-05-05,Day,Anna,Labour,1213,True,Slade Green & Northend,Bexley,E05011231,E09000004
Bexley,Slade Green & Northend,2022-05-05,GILLESPIE,Michael,Conservative,764,False,Slade Green & Northend,Bexley,E05011231,E09000004
Bexley,St Mary’s & St James,2022-05-05,CHRISTOFORIDES,Kurtis,Conservative,1591,True,St Mary's & St James,Bexley,E05011229,E09000004
Bexley,St Mary’s & St James,2022-05-05,HUSBAND,John,Labour,884,False,St Mary's & St James,Bexley,E05011229,E09000004
Bexley,St Mary’s & St James,2022-05-05,MALT,Sylvia,Labour,939,False,St Mary's & St James,Bexley,E05011229,E09000004
Bexley,St Mary’s & St James,2022-05-05,MCBRIDE,David,Liberal Democrats,347,False,St Mary's & St James,Bexley,E05011229,E09000004
Bexley,St Mary’s & St James,2022-05-05,PURCELL,Linda,Reform UK,125,False,St Mary's & St James,Bexley,E05011229,E09000004
Bexley,St Mary’s & St James,2022-05-05,SMITH,Cameron,Conservative,1506,True,St Mary's & St James,Bexley,E05011229,E09000004
Bexley,St Mary’s & St James,2022-05-05,VALINEJAD,Carol,Christian Peoples Alliance,64,False,St Mary's & St James,Bexley,E05011229,E09000004
Bexley,Thamesmead East,2022-05-05,ASUNRAMU,Zainab,Labour,1678,True,Thamesmead East,Bexley,E05011232,E09000004
Bexley,Thamesmead East,2022-05-05,FERGUSON,Larry,Labour,1703,True,Thamesmead East,Bexley,E05011232,E09000004
Bexley,Thamesmead East,2022-05-05,MOON,Graham,Conservative,586,False,Thamesmead East,Bexley,E05011232,E09000004
Bexley,Thamesmead East,2022-05-05,ODDIRI,Doro,Liberal Democrats,198,False,Thamesmead East,Bexley,E05011232,E09000004
Bexley,Thamesmead East,2022-05-05,OGUNDAYO,Mabel,Labour,1661,True,Thamesmead East,Bexley,E05011232,E09000004
Bexley,Thamesmead East,2022-05-05,PRICE,Natalie,Conservative,558,False,Thamesmead East,Bexley,E05011232,E09000004
Bexley,Thamesmead East,2022-05-05,TUMBER,Rajinder,Conservative,462,False,Thamesmead East,Bexley,E05011232,E09000004
Bexley,West Heath,2022-05-05,AKINTOMIDE-AKINWAMIDE,Victoria,Labour,1669,False,West Heath,Bexley,E05011233,E09000004
Bexley,West Heath,2022-05-05,DAVEY,John,Conservative,2328,True,West Heath,Bexley,E05011233,E09000004
Bexley,West Heath,2022-05-05,DOMINY,Jay,Labour,1678,False,West Heath,Bexley,E05011233,E09000004
Bexley,West Heath,2022-05-05,MARCHANT,Sam,Labour,1730,False,West Heath,Bexley,E05011233,E09000004
Bexley,West Heath,2022-05-05,READ,Philip,Conservative,2283,True,West Heath,Bexley,E05011233,E09000004
Bexley,West Heath,2022-05-05,READER,Peter,Conservative,2389,True,West Heath,Bexley,E05011233,E09000004
Brent,Alperton,2022-05-05,CHOHAN,Bhagwanji,Labour Party,1871,True,Alperton,Brent,E05013496,E09000005
Brent,Alperton,2022-05-05,DASHANDI,Ravindrasinh,Conservative and Unionist Party,532,False,Alperton,Brent,E05013496,E09000005
Brent,Alperton,2022-05-05,GEORGIOU,Anton,Liberal Democrats,2108,True,Alperton,Brent,E05013496,E09000005
Brent,Alperton,2022-05-05,ISHOLA-JIMOH,Mustapha,Labour Party,1566,False,Alperton,Brent,E05013496,E09000005
Brent,Alperton,2022-05-05,MATIN,Hannah,Liberal Democrats,1703,True,Alperton,Brent,E05013496,E09000005
Brent,Alperton,2022-05-05,PATEL,Yash Rohitkumar,Conservative and Unionist Party,553,False,Alperton,Brent,E05013496,E09000005
Brent,Alperton,2022-05-05,SANGANI,Trupti,Labour Party,1688,False,Alperton,Brent,E05013496,E09000005
Brent,Alperton,2022-05-05,SONI,Urmil Jasvant,Conservative and Unionist Party,450,False,Alperton,Brent,E05013496,E09000005
Brent,Alperton,2022-05-05,TERRELONGE,Sandria,Liberal Democrats,1631,False,Alperton,Brent,E05013496,E09000005
Brent,Barnhill,2022-05-05,FRASER,Kathleen,Labour Party,1410,True,Barnhill,Brent,E05013497,E09000005
Brent,Barnhill,2022-05-05,JOHNSON,Robert Orville,Labour Party,1270,True,Barnhill,Brent,E05013497,E09000005
Brent,Barnhill,2022-05-05,MADABHUSHI,Sai Karthik,Conservative Party Candidate,705,False,Barnhill,Brent,E05013497,E09000005
Brent,Barnhill,2022-05-05,PATEL,Pranav Popatlal,Conservative Party Candidate,732,False,Barnhill,Brent,E05013497,E09000005
Brent,Barnhill,2022-05-05,PORTER,Richard John,Green Party,282,False,Barnhill,Brent,E05013497,E09000005
Brent,Brondesbury Park,2022-05-05,CHADHA,Sapna,Local Conservatives,790,False,Brondesbury Park,Brent,E05013498,E09000005
Brent,Brondesbury Park,2022-05-05,CUMMINS,Mark,Liberal Democrat,305,False,Brondesbury Park,Brent,E05013498,E09000005
Brent,Brondesbury Park,2022-05-05,GBAJUMO,Erica,Labour Party,1658,True,Brondesbury Park,Brent,E05013498,E09000005
Brent,Brondesbury Park,2022-05-05,HACK,Ryan,Labour Party,1464,True,Brondesbury Park,Brent,E05013498,E09000005
Brent,Brondesbury Park,2022-05-05,JOSEPH,Bertha Joan,Local Conservatives,713,False,Brondesbury Park,Brent,E05013498,E09000005
Brent,Brondesbury Park,2022-05-05,SINGH,Jonathan,Liberal Democrat,238,False,Brondesbury Park,Brent,E05013498,E09000005
Brent,Brondesbury Park,2022-05-05,WOODWARD,Natasha Caroline,Green Party,481,False,Brondesbury Park,Brent,E05013498,E09000005
Brent,Cricklewood & Mapesbury,2022-05-05,BARTLE,Scott Andrew Stephen,Independent,188,False,Cricklewood & Mapesbury,Brent,E05013499,E09000005
Brent,Cricklewood & Mapesbury,2022-05-05,DAR,Tariq,Labour Party,1669,True,Cricklewood & Mapesbury,Brent,E05013499,E09000005
Brent,Cricklewood & Mapesbury,2022-05-05,DUNN,Anthony Peter,Liberal Democrat,337,False,Cricklewood & Mapesbury,Brent,E05013499,E09000005
Brent,Cricklewood & Mapesbury,2022-05-05,FULTON,Freddie,Conservative Party Candidate,431,False,Cricklewood & Mapesbury,Brent,E05013499,E09000005
Brent,Cricklewood & Mapesbury,2022-05-05,GELDART,Richard Christopher,Conservative Party Candidate,405,False,Cricklewood & Mapesbury,Brent,E05013499,E09000005
Brent,Cricklewood & Mapesbury,2022-05-05,GILBERT,Alyssa Rosanne,Liberal Democrat,377,False,Cricklewood & Mapesbury,Brent,E05013499,E09000005
Brent,Cricklewood & Mapesbury,2022-05-05,GRAHL,Gwen,Labour Party,1470,True,Cricklewood & Mapesbury,Brent,E05013499,E09000005
Brent,Cricklewood & Mapesbury,2022-05-05,KOHUT,John Mark,Green Party,437,False,Cricklewood & Mapesbury,Brent,E05013499,E09000005
Brent,Dollis Hill,2022-05-05,AHMED,Parvez,Labour Party,2310,True,Dollis Hill,Brent,E05013500,E09000005
Brent,Dollis Hill,2022-05-05,BROWN,Daniel Edward,Liberal Democrat,471,False,Dollis Hill,Brent,E05013500,E09000005
Brent,Dollis Hill,2022-05-05,DIXON,Liz,Labour Party,2307,True,Dollis Hill,Brent,E05013500,E09000005
Brent,Dollis Hill,2022-05-05,HOPKINS,Alison Frances,Liberal Democrat,842,False,Dollis Hill,Brent,E05013500,E09000005
Brent,Dollis Hill,2022-05-05,LACEY,Richard Alistair,Conservative Party Candidate,614,False,Dollis Hill,Brent,E05013500,E09000005
Brent,Dollis Hill,2022-05-05,MAHMOOD,Arshad,Labour Party,2183,True,Dollis Hill,Brent,E05013500,E09000005
Brent,Dollis Hill,2022-05-05,MURRY,Peter Richard,Green Party,437,False,Dollis Hill,Brent,E05013500,E09000005
Brent,Dollis Hill,2022-05-05,PATEL,Anisha Naran,Conservative Party Candidate,599,False,Dollis Hill,Brent,E05013500,E09000005
Brent,Dollis Hill,2022-05-05,ROY,Anand Kumar,Conservative Party Candidate,541,False,Dollis Hill,Brent,E05013500,E09000005
Brent,Dollis Hill,2022-05-05,WILLIAMSON,Vivienne Rosamond,Liberal Democrat,410,False,Dollis Hill,Brent,E05013500,E09000005
Brent,Harlesden & Kensal Green,2022-05-05,BADRU,Wasim,Independent,294,False,Harlesden & Kensal Green,Brent,E05013501,E09000005
Brent,Harlesden & Kensal Green,2022-05-05,BARNETT,Eugenia,Green Party,707,False,Harlesden & Kensal Green,Brent,E05013501,E09000005
Brent,Harlesden & Kensal Green,2022-05-05,CHAN,Jumbo,Labour Party,2356,True,Harlesden & Kensal Green,Brent,E05013501,E09000005
Brent,Harlesden & Kensal Green,2022-05-05,GUEST,Alex,Liberal Democrat,339,False,Harlesden & Kensal Green,Brent,E05013501,E09000005
Brent,Harlesden & Kensal Green,2022-05-05,KELCHER,Matt,Labour Party,2174,True,Harlesden & Kensal Green,Brent,E05013501,E09000005
Brent,Harlesden & Kensal Green,2022-05-05,McAULIFFE,Tilly,Liberal Democrat,336,False,Harlesden & Kensal Green,Brent,E05013501,E09000005
Brent,Harlesden & Kensal Green,2022-05-05,PATEL,Mili,Labour Party,2115,True,Harlesden & Kensal Green,Brent,E05013501,E09000005
Brent,Harlesden & Kensal Green,2022-05-05,PATEL,Bhavna,Conservative Party Candidate,396,False,Harlesden & Kensal Green,Brent,E05013501,E09000005
Brent,Harlesden & Kensal Green,2022-05-05,ROY,Aloka,Conservative Party Candidate,350,False,Harlesden & Kensal Green,Brent,E05013501,E09000005
Brent,Harlesden & Kensal Green,2022-05-05,SUTHERLAND,Deborah Mary,Liberal Democrat,332,False,Harlesden & Kensal Green,Brent,E05013501,E09000005
Brent,Harlesden & Kensal Green,2022-05-05,WALKER,Kieron Richard,Conservative Party Candidate,374,False,Harlesden & Kensal Green,Brent,E05013501,E09000005
Brent,Kenton,2022-05-05,AKRAM,Mansoor,Labour Party,1718,False,Kenton,Brent,E05013502,E09000005
Brent,Kenton,2022-05-05,CLINTON,Charles,Liberal Democrat,397,False,Kenton,Brent,E05013502,E09000005
Brent,Kenton,2022-05-05,DE'MEDICI-JAGUAR,Baston,Green Party,384,False,Kenton,Brent,E05013502,E09000005
Brent,Kenton,2022-05-05,DIMITROV,Yulian,Liberal Democrat,250,False,Kenton,Brent,E05013502,E09000005
Brent,Kenton,2022-05-05,HIRANI,Sunita,Conservative Party Candidate,2287,True,Kenton,Brent,E05013502,E09000005
Brent,Kenton,2022-05-05,KANSAGRA,Suresh Laxmidas,Conservative Party Candidate,2165,True,Kenton,Brent,E05013502,E09000005
Brent,Kenton,2022-05-05,MAHMOODI,Jahan,Labour Party,1565,False,Kenton,Brent,E05013502,E09000005
Brent,Kenton,2022-05-05,MAURICE,Michael David,Conservative Party Candidate,2047,True,Kenton,Brent,E05013502,E09000005
Brent,Kenton,2022-05-05,MULAISHO,Fiona Nyawa,Labour Party,1662,False,Kenton,Brent,E05013502,E09000005
Brent,Kenton,2022-05-05,THIESSEN,Ulla,Liberal Democrat,250,False,Kenton,Brent,E05013502,E09000005
Brent,Kilburn,2022-05-05,BEGUM,Rita,Labour Party,2115,True,Kilburn,Brent,E05013503,E09000005
Brent,Kilburn,2022-05-05,BELL,Sabrina,Independent,123,False,Kilburn,Brent,E05013503,E09000005
Brent,Kilburn,2022-05-05,BRAND,Charles David William,Liberal Democrat,345,False,Kilburn,Brent,E05013503,E09000005
Brent,Kilburn,2022-05-05,CONNEELY,Rita Lacey,Labour Party,2108,True,Kilburn,Brent,E05013503,E09000005
Brent,Kilburn,2022-05-05,DOYLE,Katie,Local Conservatives,364,False,Kilburn,Brent,E05013503,E09000005
Brent,Kilburn,2022-05-05,MOLLOY,Anthony,Labour Party,1861,True,Kilburn,Brent,E05013503,E09000005
Brent,Kilburn,2022-05-05,RETHANS,Derick,Liberal Democrat,321,False,Kilburn,Brent,E05013503,E09000005
Brent,Kilburn,2022-05-05,ROBERTS,Mark Philippe,Local Conservatives,328,False,Kilburn,Brent,E05013503,E09000005
Brent,Kilburn,2022-05-05,SHARP,Anne Elizabeth,Liberal Democrat,395,False,Kilburn,Brent,E05013503,E09000005
Brent,Kilburn,2022-05-05,WIDURI,Retno,Local Conservatives,305,False,Kilburn,Brent,E05013503,E09000005
Brent,Kilburn,2022-05-05,WILLIAMS,Nathaniel,Green Party,679,False,Kilburn,Brent,E05013503,E09000005
Brent,Kingsbury,2022-05-05,BROOKE,Michael David,Liberal Democrat,235,False,Kingsbury,Brent,E05013504,E09000005
Brent,Kingsbury,2022-05-05,BUTT,Saqib Ilyas,Labour Party,1328,True,Kingsbury,Brent,E05013504,E09000005
Brent,Kingsbury,2022-05-05,GOLD,Maurice,Green Party,241,False,Kingsbury,Brent,E05013504,E09000005
Brent,Kingsbury,2022-05-05,KARNANI,Sanjana Madan Mohan,Conservative Party Candidate,782,False,Kingsbury,Brent,E05013504,E09000005
Brent,Kingsbury,2022-05-05,KHAN,Salman,Conservative Party Candidate,649,False,Kingsbury,Brent,E05013504,E09000005
Brent,Kingsbury,2022-05-05,NGAN,Larry,Liberal Democrat,136,False,Kingsbury,Brent,E05013504,E09000005
Brent,Kingsbury,2022-05-05,TATLER,Sharma,Labour Party,1312,True,Kingsbury,Brent,E05013504,E09000005
Brent,Northwick Park,2022-05-05,BAJWA,Narinder Singh,Labour Party,1638,True,Northwick Park,Brent,E05013505,E09000005
Brent,Northwick Park,2022-05-05,BALOGUN,Mabel,Conservative Party Candidate,963,False,Northwick Park,Brent,E05013505,E09000005
Brent,Northwick Park,2022-05-05,COLLYMORE,Diana,Labour Party,1543,True,Northwick Park,Brent,E05013505,E09000005
Brent,Northwick Park,2022-05-05,CORCORAN,Peter,Liberal Democrat,254,False,Northwick Park,Brent,E05013505,E09000005
Brent,Northwick Park,2022-05-05,GRASSO,Alessandra,Liberal Democrat,250,False,Northwick Park,Brent,E05013505,E09000005
Brent,Northwick Park,2022-05-05,VYAS,Harmit Anil,Conservative Party Candidate,984,False,Northwick Park,Brent,E05013505,E09000005
Brent,Preston,2022-05-05,GOODSELL,Robert,Liberal Democrat,128,False,Preston,Brent,E05013506,E09000005
Brent,Preston,2022-05-05,HYLTON,Orleen,Labour Party,1417,True,Preston,Brent,E05013506,E09000005
Brent,Preston,2022-05-05,KENNELLY,Daniel Timothy,Labour Party,1532,True,Preston,Brent,E05013506,E09000005
Brent,Preston,2022-05-05,MISTRY,Hema,Conservative Party Candidate,941,False,Preston,Brent,E05013506,E09000005
Brent,Preston,2022-05-05,O'SULLIVAN,Dominic,Liberal Democrat,143,False,Preston,Brent,E05013506,E09000005
Brent,Preston,2022-05-05,PEARSON,David Michael,Green Party,191,False,Preston,Brent,E05013506,E09000005
Brent,Preston,2022-05-05,RAPATWAR,Sushil,Conservative Party Candidate,808,False,Preston,Brent,E05013506,E09000005
Brent,Preston,2022-05-05,STINCANU,Cristian,Independent,111,False,Preston,Brent,E05013506,E09000005
Brent,Queens Park,2022-05-05,ANWAR,Salman,Local Conservatives,504,False,Queens Park,Brent,E05013507,E09000005
Brent,Queens Park,2022-05-05,BRAND,Virginia Leslie,Liberal Democrat,737,False,Queens Park,Brent,E05013507,E09000005
Brent,Queens Park,2022-05-05,CRABB,Stephen,Labour and Co-operative Party,2382,True,Queens Park,Brent,E05013507,E09000005
Brent,Queens Park,2022-05-05,GILLOW,Harry,Local Conservatives,487,False,Queens Park,Brent,E05013507,E09000005
Brent,Queens Park,2022-05-05,NERVA,Neil Benjamin,Labour and Co-operative Party,2380,True,Queens Park,Brent,E05013507,E09000005
Brent,Queens Park,2022-05-05,ROBERTS,Monica,Local Conservatives,511,False,Queens Park,Brent,E05013507,E09000005
Brent,Queens Park,2022-05-05,SHARP,Robin John,Liberal Democrat,545,False,Queens Park,Brent,E05013507,E09000005
Brent,Queens Park,2022-05-05,SIMPSON,Sheila,Green Party,832,False,Queens Park,Brent,E05013507,E09000005
Brent,Queens Park,2022-05-05,SOUTHWOOD,Eleanor May,Labour and Co-operative Party,2347,True,Queens Park,Brent,E05013507,E09000005
Brent,Queens Park,2022-05-05,UNGER,Deborah Clare,Liberal Democrat,647,False,Queens Park,Brent,E05013507,E09000005
Brent,Queensbury,2022-05-05,BROWN,Valerie Lydia,Liberal Democrat,330,False,Queensbury,Brent,E05013508,E09000005
Brent,Queensbury,2022-05-05,CRUICKSHANK,Jeanie,Liberal Democrat,255,False,Queensbury,Brent,E05013508,E09000005
Brent,Queensbury,2022-05-05,KABIR,Sandra,Labour Party,1797,True,Queensbury,Brent,E05013508,E09000005
Brent,Queensbury,2022-05-05,MISHRA,Manoj,Conservative Party Candidate,1782,False,Queensbury,Brent,E05013508,E09000005
Brent,Queensbury,2022-05-05,MISTRY,Kanta,Conservative Party Candidate,1972,True,Queensbury,Brent,E05013508,E09000005
Brent,Queensbury,2022-05-05,NAHEERATHAN,Kana,Labour Party,1662,False,Queensbury,Brent,E05013508,E09000005
Brent,Queensbury,2022-05-05,PATEL,Jayanti,Conservative Party Candidate,1886,True,Queensbury,Brent,E05013508,E09000005
Brent,Queensbury,2022-05-05,THAKKER,Anita,Labour Party,1761,False,Queensbury,Brent,E05013508,E09000005
Brent,Queensbury,2022-05-05,TOMSONE,Ieva,Liberal Democrat,212,False,Queensbury,Brent,E05013508,E09000005
Brent,Queensbury,2022-05-05,YAUNER,Brian Robin,Independent,117,False,Queensbury,Brent,E05013508,E09000005
Brent,Roundwood,2022-05-05,APPIAH-FORDJOUR,George Griffith,Conservative Party Candidate,396,False,Roundwood,Brent,E05013509,E09000005
Brent,Roundwood,2022-05-05,CHAPPELL,Elliot George,Labour Party,2060,True,Roundwood,Brent,E05013509,E09000005
Brent,Roundwood,2022-05-05,DONNELLY-JACKSON,Fleur,Labour Party,2034,True,Roundwood,Brent,E05013509,E09000005
Brent,Roundwood,2022-05-05,DUNMORE,Marion Callahan,Green Party,466,False,Roundwood,Brent,E05013509,E09000005
Brent,Roundwood,2022-05-05,INGLIS,Elizabeth,Conservative Party Candidate,400,False,Roundwood,Brent,E05013509,E09000005
Brent,Roundwood,2022-05-05,RUBIN,Jake Naden,Labour Party,1873,True,Roundwood,Brent,E05013509,E09000005
Brent,Roundwood,2022-05-05,SOAMES,Gerald Haim,Conservative Party Candidate,319,False,Roundwood,Brent,E05013509,E09000005
Brent,Stonebridge,2022-05-05,ADEN,Abdi,Labour Party,2266,True,Stonebridge,Brent,E05013510,E09000005
Brent,Stonebridge,2022-05-05,DERIA,Said Yusuf,Conservative Party Candidate,463,False,Stonebridge,Brent,E05013510,E09000005
Brent,Stonebridge,2022-05-05,ERSKINE,Simon David,Green Party,469,False,Stonebridge,Brent,E05013510,E09000005
Brent,Stonebridge,2022-05-05,ETHAPEMI,Tony,Labour Party,2028,True,Stonebridge,Brent,E05013510,E09000005
Brent,Stonebridge,2022-05-05,KNIGHT,Promise Chizoba,Labour Party,2060,True,Stonebridge,Brent,E05013510,E09000005
Brent,Stonebridge,2022-05-05,QUAINOO,Harry,Conservative Party Candidate,421,False,Stonebridge,Brent,E05013510,E09000005
Brent,Stonebridge,2022-05-05,ROY,Ajoy Kumar,Conservative Party Candidate,406,False,Stonebridge,Brent,E05013510,E09000005
Brent,Sudbury,2022-05-05,BENEA,Teo,Labour Party,1492,True,Sudbury,Brent,E05013511,E09000005
Brent,Sudbury,2022-05-05,LORBER,Paul,Liberal Democrat,1514,True,Sudbury,Brent,E05013511,E09000005
Brent,Sudbury,2022-05-05,RAVAL,Pinakin Babulal,Conservative Party Candidate,409,False,Sudbury,Brent,E05013511,E09000005
Brent,Sudbury,2022-05-05,RAWAL,Kalpana,Liberal Democrat,1320,False,Sudbury,Brent,E05013511,E09000005
Brent,Sudbury,2022-05-05,STEPHENS,Thomas Christopher,Labour Party,1424,False,Sudbury,Brent,E05013511,E09000005
Brent,Sudbury,2022-05-05,ZAVERI,Chintan Kirtibhai,Conservative Party Candidate,318,False,Sudbury,Brent,E05013511,E09000005
Brent,Tokyngton,2022-05-05,BUTT,Muhammed Asghar,Labour Party,1447,True,Tokyngton,Brent,E05013512,E09000005
Brent,Tokyngton,2022-05-05,CHOWDHURY,Shamim Ahmed,Conservative Party Candidate,537,False,Tokyngton,Brent,E05013512,E09000005
Brent,Tokyngton,2022-05-05,FRANCIS,Martin Roger,Green Party,306,False,Tokyngton,Brent,E05013512,E09000005
Brent,Tokyngton,2022-05-05,KHALID,Mohammed Abid,Liberal Democrat,138,False,Tokyngton,Brent,E05013512,E09000005
Brent,Tokyngton,2022-05-05,McAULIFFE,Ian Fraser,Liberal Democrat,160,False,Tokyngton,Brent,E05013512,E09000005
Brent,Tokyngton,2022-05-05,PATEL,Krunal Bhavna,Conservative Party Candidate,649,False,Tokyngton,Brent,E05013512,E09000005
Brent,Tokyngton,2022-05-05,SHETH,Krupa,Labour Party,1408,True,Tokyngton,Brent,E05013512,E09000005
Brent,Welsh Harp,2022-05-05,AGHA,Amer Hussain,Labour Party,1774,True,Welsh Harp,Brent,E05013513,E09000005
Brent,Welsh Harp,2022-05-05,AYRES,Diana,Liberal Democrat,383,False,Welsh Harp,Brent,E05013513,E09000005
Brent,Welsh Harp,2022-05-05,BAHADUR,Ibrahim,Conservative Party Candidate,782,False,Welsh Harp,Brent,E05013513,E09000005
Brent,Welsh Harp,2022-05-05,FARAH,Harbi,Labour Party,1700,True,Welsh Harp,Brent,E05013513,E09000005
Brent,Welsh Harp,2022-05-05,JEFFERS,Elcena,Independent,92,False,Welsh Harp,Brent,E05013513,E09000005
Brent,Welsh Harp,2022-05-05,McCARTNEY-PATEL,Kieran James,Conservative Party Candidate,933,False,Welsh Harp,Brent,E05013513,E09000005
Brent,Welsh Harp,2022-05-05,MITCHELL,Mary Elizabeth,Labour Party,1849,True,Welsh Harp,Brent,E05013513,E09000005
Brent,Welsh Harp,2022-05-05,RAINGOLD,Freda,Liberal Democrat,350,False,Welsh Harp,Brent,E05013513,E09000005
Brent,Welsh Harp,2022-05-05,SHARMA,Andy,Conservative Party Candidate,870,False,Welsh Harp,Brent,E05013513,E09000005
Brent,Welsh Harp,2022-05-05,SISSON,Richard Henry Westcott,Liberal Democrat,261,False,Welsh Harp,Brent,E05013513,E09000005
Brent,Welsh Harp,2022-05-05,STEVENS,David James,Green Party,405,False,Welsh Harp,Brent,E05013513,E09000005
Brent,Wembley Central,2022-05-05,JOHNSON,David Clement,Liberal Democrat,896,False,Wembley Central,Brent,E05013514,E09000005
Brent,Wembley Central,2022-05-05,MAJID,Afifa,Liberal Democrat,658,False,Wembley Central,Brent,E05013514,E09000005
Brent,Wembley Central,2022-05-05,MITCHELL MURRAY,Wilhelmina Calista,Conservative Party Candidate,1040,False,Wembley Central,Brent,E05013514,E09000005
Brent,Wembley Central,2022-05-05,NEGI,Mahendra Singh,Conservative Party Candidate,1079,False,Wembley Central,Brent,E05013514,E09000005
Brent,Wembley Central,2022-05-05,SEELAN,Rajan,Labour Party,2560,True,Wembley Central,Brent,E05013514,E09000005
Brent,Wembley Central,2022-05-05,SHAH,Sonia,Labour Party,2658,True,Wembley Central,Brent,E05013514,E09000005
Brent,Wembley Central,2022-05-05,SHAIK,Riyaz Parvin,Conservative Party Candidate,753,False,Wembley Central,Brent,E05013514,E09000005
Brent,Wembley Central,2022-05-05,SHETH,Ketan,Labour Party,2388,True,Wembley Central,Brent,E05013514,E09000005
Brent,Wembley Central,2022-05-05,WHARTON,Robert,Liberal Democrat,585,False,Wembley Central,Brent,E05013514,E09000005
Brent,Wembley Hill,2022-05-05,AFZAL,Ihtesham Malik,Labour Party,1526,True,Wembley Hill,Brent,E05013515,E09000005
Brent,Wembley Hill,2022-05-05,AJMAL,Akram,Labour Party,1510,True,Wembley Hill,Brent,E05013515,E09000005
Brent,Wembley Hill,2022-05-05,BARKER,Eileen Vartan,Liberal Democrat,288,False,Wembley Hill,Brent,E05013515,E09000005
Brent,Wembley Hill,2022-05-05,DE CRUZ,Reena Cristalina,Conservative Party Candidate,1289,False,Wembley Hill,Brent,E05013515,E09000005
Brent,Wembley Hill,2022-05-05,DIAS DO ROSARIO,Floyd,Conservative Party Candidate,1299,False,Wembley Hill,Brent,E05013515,E09000005
Brent,Wembley Hill,2022-05-05,DOKWAL,Sushil Gulzarilal,Conservative Party Candidate,1116,False,Wembley Hill,Brent,E05013515,E09000005
Brent,Wembley Hill,2022-05-05,HARRIS,Jordan,Green Party,274,False,Wembley Hill,Brent,E05013515,E09000005
Brent,Wembley Hill,2022-05-05,LEE,Douglas,Liberal Democrat,250,False,Wembley Hill,Brent,E05013515,E09000005
Brent,Wembley Hill,2022-05-05,LEE,Glynis Eve,Liberal Democrat,206,False,Wembley Hill,Brent,E05013515,E09000005
Brent,Wembley Hill,2022-05-05,MOEEN,Ishma,Labour Party,1390,True,Wembley Hill,Brent,E05013515,E09000005
Brent,Wembley Park,2022-05-05,AHMADI MOGHADDAM,Iman,Labour Party,592,True,Wembley Park,Brent,E05013516,E09000005
Brent,Wembley Park,2022-05-05,JARMAN,Tim,Liberal Democrat,174,False,Wembley Park,Brent,E05013516,E09000005
Brent,Wembley Park,2022-05-05,JEYAKUMAR,Sellathurai,Conservative Party Candidate,185,False,Wembley Park,Brent,E05013516,E09000005
Brent,Wembley Park,2022-05-05,PHILLIPS,Christopher Peter,Conservative Party Candidate,189,False,Wembley Park,Brent,E05013516,E09000005
Brent,Wembley Park,2022-05-05,POWELL,Edan Charles,Liberal Democrat,150,False,Wembley Park,Brent,E05013516,E09000005
Brent,Wembley Park,2022-05-05,SMITH,Tazi Lorraine,Labour Party,607,True,Wembley Park,Brent,E05013516,E09000005
Brent,Willesden Green,2022-05-05,ALEXANDER,Philip Richard,Liberal Democrat,607,False,Willesden Green,Brent,E05013517,E09000005
Brent,Willesden Green,2022-05-05,CHOUDRY,Saqlain Aftab,Labour Party,2322,True,Willesden Green,Brent,E05013517,E09000005
Brent,Willesden Green,2022-05-05,FULLER,Max,Liberal Democrat,480,False,Willesden Green,Brent,E05013517,E09000005
Brent,Willesden Green,2022-05-05,FULTON,Raffles,Conservative Party Candidate,554,False,Willesden Green,Brent,E05013517,E09000005
Brent,Willesden Green,2022-05-05,LONG,Janice Elizabeth,Labour Party,2455,True,Willesden Green,Brent,E05013517,E09000005
Brent,Willesden Green,2022-05-05,MILLER,Tom,Labour Party,2114,True,Willesden Green,Brent,E05013517,E09000005
Brent,Willesden Green,2022-05-05,PHILLIPS,Hannah Ruth,Conservative Party Candidate,546,False,Willesden Green,Brent,E05013517,E09000005
Brent,Willesden Green,2022-05-05,RELTON,William Kent,Green Party,838,False,Willesden Green,Brent,E05013517,E09000005
Brent,Willesden Green,2022-05-05,SHARMA,Barkha Rani,Conservative Party Candidate,487,False,Willesden Green,Brent,E05013517,E09000005
Brent,Willesden Green,2022-05-05,THOMAS,Isabella Pandora,Liberal Democrat,534,False,Willesden Green,Brent,E05013517,E09000005
Bromley,Beckenham Town & Copers Cope,2022-05-05,Bandali,Qahir,Labour Party,1292,False,Beckenham Town & Copers Cope,Bromley,E05013987,E09000006
Bromley,Beckenham Town & Copers Cope,2022-05-05,Brookfield,Helen,Labour Party,1492,False,Beckenham Town & Copers Cope,Bromley,E05013987,E09000006
Bromley,Beckenham Town & Copers Cope,2022-05-05,Connolly,William,Liberal Democrats,1762,True,Beckenham Town & Copers Cope,Bromley,E05013987,E09000006
Bromley,Beckenham Town & Copers Cope,2022-05-05,Deal,Carline,Conservative Party Candidate,1676,False,Beckenham Town & Copers Cope,Bromley,E05013987,E09000006
Bromley,Beckenham Town & Copers Cope,2022-05-05,Fabricant,Ruth,Green Party,545,False,Beckenham Town & Copers Cope,Bromley,E05013987,E09000006
Bromley,Beckenham Town & Copers Cope,2022-05-05,Marshall,David,Liberal Democrats,1651,False,Beckenham Town & Copers Cope,Bromley,E05013987,E09000006
Bromley,Beckenham Town & Copers Cope,2022-05-05,McKibben,Dermot,Labour Party,1243,False,Beckenham Town & Copers Cope,Bromley,E05013987,E09000006
Bromley,Beckenham Town & Copers Cope,2022-05-05,Ross,Chloe-Jane,Liberal Democrats,1900,True,Beckenham Town & Copers Cope,Bromley,E05013987,E09000006
Bromley,Beckenham Town & Copers Cope,2022-05-05,Tickner,Michael,Conservative Party Candidate,1763,True,Beckenham Town & Copers Cope,Bromley,E05013987,E09000006
Bromley,Beckenham Town & Copers Cope,2022-05-05,Wells,Stephen,Conservative Party Candidate,1733,False,Beckenham Town & Copers Cope,Bromley,E05013987,E09000006
Bromley,Bickley & Sundridge,2022-05-05,Broadhurst,Clive,Liberal Democrats,796,False,Bickley & Sundridge,Bromley,E05013988,E09000006
Bromley,Bickley & Sundridge,2022-05-05,Cliff,Robert,Liberal Democrats,996,False,Bickley & Sundridge,Bromley,E05013988,E09000006
Bromley,Bickley & Sundridge,2022-05-05,Cooper,Martin,Liberal Democrats,919,False,Bickley & Sundridge,Bromley,E05013988,E09000006
Bromley,Bickley & Sundridge,2022-05-05,Davies,Thomas,Labour Party,1163,False,Bickley & Sundridge,Bromley,E05013988,E09000006
Bromley,Bickley & Sundridge,2022-05-05,Gabbart,Kira,Conservative Party Candidate,2626,True,Bickley & Sundridge,Bromley,E05013988,E09000006
Bromley,Bickley & Sundridge,2022-05-05,Galvin,Kelly,Labour Party,1233,False,Bickley & Sundridge,Bromley,E05013988,E09000006
Bromley,Bickley & Sundridge,2022-05-05,Lymer,Katherine,Conservative Party Candidate,2671,True,Bickley & Sundridge,Bromley,E05013988,E09000006
Bromley,Bickley & Sundridge,2022-05-05,Robertson,Roisin,Green Party,779,False,Bickley & Sundridge,Bromley,E05013988,E09000006
Bromley,Bickley & Sundridge,2022-05-05,Smith,Colin,Conservative Party Candidate,2643,True,Bickley & Sundridge,Bromley,E05013988,E09000006
Bromley,Bickley & Sundridge,2022-05-05,Vogel,Laura,Labour Party,1182,False,Bickley & Sundridge,Bromley,E05013988,E09000006
Bromley,Biggin Hill,2022-05-05,Cranenburgh,Stephen,Labour Party,311,False,Biggin Hill,Bromley,E05013989,E09000006
Bromley,Biggin Hill,2022-05-05,Dunbar,Sophie,Independent,1323,True,Biggin Hill,Bromley,E05013989,E09000006
Bromley,Biggin Hill,2022-05-05,Gostt,Geoffrey,Liberal Democrats,361,False,Biggin Hill,Bromley,E05013989,E09000006
Bromley,Biggin Hill,2022-05-05,King,Andrew,Conservative Party Candidate,1069,False,Biggin Hill,Bromley,E05013989,E09000006
Bromley,Biggin Hill,2022-05-05,Mills,Margaret,Labour Party,232,False,Biggin Hill,Bromley,E05013989,E09000006
Bromley,Biggin Hill,2022-05-05,Nightingale,Victoria,Conservative Party Candidate,1136,False,Biggin Hill,Bromley,E05013989,E09000006
Bromley,Biggin Hill,2022-05-05,Stevens,Melanie,Independent,1443,True,Biggin Hill,Bromley,E05013989,E09000006
Bromley,Biggin Hill,2022-05-05,Westbrook,Malcom,Liberal Democrats,255,False,Biggin Hill,Bromley,E05013989,E09000006
Bromley,Bromley Common & Holwood,2022-05-05,Carter,Alan,Liberal Democrats,813,False,Bromley Common & Holwood,Bromley,E05013990,E09000006
Bromley,Bromley Common & Holwood,2022-05-05,De Vries,Amy,Labour Party,1202,False,Bromley Common & Holwood,Bromley,E05013990,E09000006
Bromley,Bromley Common & Holwood,2022-05-05,Denyer,Carol,Liberal Democrats,794,False,Bromley Common & Holwood,Bromley,E05013990,E09000006
Bromley,Bromley Common & Holwood,2022-05-05,Gupta,Sunil,Conservative Party Candidate,1927,True,Bromley Common & Holwood,Bromley,E05013990,E09000006
Bromley,Bromley Common & Holwood,2022-05-05,Jefferys,David,Conservative Party Candidate,2114,True,Bromley Common & Holwood,Bromley,E05013990,E09000006
Bromley,Bromley Common & Holwood,2022-05-05,Laidlaw,Jonathan,Conservative Party Candidate,2019,True,Bromley Common & Holwood,Bromley,E05013990,E09000006
Bromley,Bromley Common & Holwood,2022-05-05,Morgan,Kay,Labour Party,1470,False,Bromley Common & Holwood,Bromley,E05013990,E09000006
Bromley,Bromley Common & Holwood,2022-05-05,Viner,Andrew,Liberal Democrats,559,False,Bromley Common & Holwood,Bromley,E05013990,E09000006
Bromley,Bromley Common & Holwood,2022-05-05,Watts,Kathryn,Labour Party,1245,False,Bromley Common & Holwood,Bromley,E05013990,E09000006
Bromley,Bromley Common & Holwood,2022-05-05,Witham,Hannah,Green Party,739,False,Bromley Common & Holwood,Bromley,E05013990,E09000006
Bromley,Bromley Town,2022-05-05,Awobayiku,Bayode,Labour Party,720,False,Bromley Town,Bromley,E05013991,E09000006
Bromley,Bromley Town,2022-05-05,Casey,Graeme,Liberal Democrats,1828,True,Bromley Town,Bromley,E05013991,E09000006
Bromley,Bromley Town,2022-05-05,Conway,James,Labour Party,735,False,Bromley Town,Bromley,E05013991,E09000006
Bromley,Bromley Town,2022-05-05,Dykes,Nicola,Conservative Party Candidate,1475,False,Bromley Town,Bromley,E05013991,E09000006
Bromley,Bromley Town,2022-05-05,Frampton,Jeremy,Labour Party,652,False,Bromley Town,Bromley,E05013991,E09000006
Bromley,Bromley Town,2022-05-05,Garrett,Ann,Green Party,512,False,Bromley Town,Bromley,E05013991,E09000006
Bromley,Bromley Town,2022-05-05,Harmer,William,Conservative Party Candidate,1417,False,Bromley Town,Bromley,E05013991,E09000006
Bromley,Bromley Town,2022-05-05,Ireland,Julie,Liberal Democrats,1929,True,Bromley Town,Bromley,E05013991,E09000006
Bromley,Bromley Town,2022-05-05,Rutherford,Michael,Conservative Party Candidate,1430,False,Bromley Town,Bromley,E05013991,E09000006
Bromley,Bromley Town,2022-05-05,Webber,Sam,Liberal Democrats,1834,True,Bromley Town,Bromley,E05013991,E09000006
Bromley,Chelsfield,2022-05-05,Abiola,Kolawole,Labour Party,524,False,Chelsfield,Bromley,E05013992,E09000006
Bromley,Chelsfield,2022-05-05,Botting,Michael,Conservative Party Candidate,1838,True,Chelsfield,Bromley,E05013992,E09000006
Bromley,Chelsfield,2022-05-05,Loosemore-Reppen,Gerda,Liberal Democrats,993,False,Chelsfield,Bromley,E05013992,E09000006
Bromley,Chelsfield,2022-05-05,Page,Angela,Conservative Party Candidate,1765,True,Chelsfield,Bromley,E05013992,E09000006
Bromley,Chelsfield,2022-05-05,Sellwood,Lynn Ann,Labour Party,541,False,Chelsfield,Bromley,E05013992,E09000006
Bromley,Chelsfield,2022-05-05,Sloan,Daniel,Green Party,467,False,Chelsfield,Bromley,E05013992,E09000006
Bromley,Chelsfield,2022-05-05,Thurimella,Laura,Liberal Democrats,772,False,Chelsfield,Bromley,E05013992,E09000006
Bromley,Chislehurst,2022-05-05,Boughey,Kathleen,Conservative Party Candidate,1509,False,Chislehurst,Bromley,E05013993,E09000006
Bromley,Chislehurst,2022-05-05,Davan Wetton,Alexander,Liberal Democrats,249,False,Chislehurst,Bromley,E05013993,E09000006
Bromley,Chislehurst,2022-05-05,Fitzgerald,Edward,Conservative Party Candidate,1453,False,Chislehurst,Bromley,E05013993,E09000006
Bromley,Chislehurst,2022-05-05,Gill,Mark,Liberal Democrats,252,False,Chislehurst,Bromley,E05013993,E09000006
Bromley,Chislehurst,2022-05-05,Greenwood,Ewan,Labour Party,454,False,Chislehurst,Bromley,E05013993,E09000006
Bromley,Chislehurst,2022-05-05,Jack,Michael,Chislehurst Matters,2531,True,Chislehurst,Bromley,E05013993,E09000006
Bromley,Chislehurst,2022-05-05,Mole,Christian,Labour Party,438,False,Chislehurst,Bromley,E05013993,E09000006
Bromley,Chislehurst,2022-05-05,Owens,Juliet,Labour Party,478,False,Chislehurst,Bromley,E05013993,E09000006
Bromley,Chislehurst,2022-05-05,Smith,Mark,Chislehurst Matters,2548,True,Chislehurst,Bromley,E05013993,E09000006
Bromley,Chislehurst,2022-05-05,Stammers,Alison,Chislehurst Matters,2827,True,Chislehurst,Bromley,E05013993,E09000006
Bromley,Chislehurst,2022-05-05,Terry,Kieran,Conservative Party Candidate,1386,False,Chislehurst,Bromley,E05013993,E09000006
Bromley,Clock House,2022-05-05,Adams,Jeremy,Labour Party,3299,True,Clock House,Bromley,E05013994,E09000006
Bromley,Clock House,2022-05-05,Arnold,Jessica,Labour Party,3464,True,Clock House,Bromley,E05013994,E09000006
Bromley,Clock House,2022-05-05,Gambarotta,Claudio,Liberal Democrats,810,False,Clock House,Bromley,E05013994,E09000006
Bromley,Clock House,2022-05-05,Joce,William,Conservative Party Candidate,991,False,Clock House,Bromley,E05013994,E09000006
Bromley,Clock House,2022-05-05,King,Joshua,Labour Party,3305,True,Clock House,Bromley,E05013994,E09000006
Bromley,Clock House,2022-05-05,Miller,Jack,Conservative Party Candidate,997,False,Clock House,Bromley,E05013994,E09000006
Bromley,Clock House,2022-05-05,Turrell,Gemma,Conservative Party Candidate,1020,False,Clock House,Bromley,E05013994,E09000006
Bromley,Clock House,2022-05-05,Weaks,Nicholas,Liberal Democrats,714,False,Clock House,Bromley,E05013994,E09000006
Bromley,Clock House,2022-05-05,Webber,Jonathan,Liberal Democrats,679,False,Clock House,Bromley,E05013994,E09000006
Bromley,Crystal Palace & Anerley,2022-05-05,Benefield,Stuart,Liberal Democrats,181,False,Crystal Palace & Anerley,Bromley,E05013995,E09000006
Bromley,Crystal Palace & Anerley,2022-05-05,Bridge,Philippa,Liberal Democrats,265,False,Crystal Palace & Anerley,Bromley,E05013995,E09000006
Bromley,Crystal Palace & Anerley,2022-05-05,Jones,Penelope,Conservative Party Candidate,317,False,Crystal Palace & Anerley,Bromley,E05013995,E09000006
Bromley,Crystal Palace & Anerley,2022-05-05,McGregor,Ruth,Labour Party,1760,True,Crystal Palace & Anerley,Bromley,E05013995,E09000006
Bromley,Crystal Palace & Anerley,2022-05-05,Psaras,Maria,Green Party,548,False,Crystal Palace & Anerley,Bromley,E05013995,E09000006
Bromley,Crystal Palace & Anerley,2022-05-05,Thomson,Ryan,Labour Party,1549,True,Crystal Palace & Anerley,Bromley,E05013995,E09000006
Bromley,Crystal Palace & Anerley,2022-05-05,Ward,Joseph,Conservative Party Candidate,276,False,Crystal Palace & Anerley,Bromley,E05013995,E09000006
Bromley,Darwin,2022-05-05,Andrews,Jonathan,The Conservative Party Candidate,920,True,Darwin,Bromley,E05013996,E09000006
Bromley,Darwin,2022-05-05,Grainger,Julian,Independent,326,False,Darwin,Bromley,E05013996,E09000006
Bromley,Darwin,2022-05-05,Loosemore,John,Liberal Democrats,128,False,Darwin,Bromley,E05013996,E09000006
Bromley,Darwin,2022-05-05,Slee,Jeffrey,Labour Party,162,False,Darwin,Bromley,E05013996,E09000006
Bromley,Darwin,2022-05-05,Wilson,Janet,Green Party,89,False,Darwin,Bromley,E05013996,E09000006
Bromley,Farnborough & Crofton,2022-05-05,Anderson,Katherine,Liberal Democrats,1239,False,Farnborough & Crofton,Bromley,E05013997,E09000006
Bromley,Farnborough & Crofton,2022-05-05,Bewley,Cameron,Labour Party,1154,False,Farnborough & Crofton,Bromley,E05013997,E09000006
Bromley,Farnborough & Crofton,2022-05-05,Evans,Robert,Conservative Party Candidate,2941,True,Farnborough & Crofton,Bromley,E05013997,E09000006
Bromley,Farnborough & Crofton,2022-05-05,Fisher,Timothy,Labour Party,977,False,Farnborough & Crofton,Bromley,E05013997,E09000006
Bromley,Farnborough & Crofton,2022-05-05,Joel,Charles,Conservative Party Candidate,2910,True,Farnborough & Crofton,Bromley,E05013997,E09000006
Bromley,Farnborough & Crofton,2022-05-05,Mangold,John,Liberal Democrats,910,False,Farnborough & Crofton,Bromley,E05013997,E09000006
Bromley,Farnborough & Crofton,2022-05-05,Marlow,Christopher,Conservative Party Candidate,2773,True,Farnborough & Crofton,Bromley,E05013997,E09000006
Bromley,Farnborough & Crofton,2022-05-05,McNamara,Christine,Labour Party,1071,False,Farnborough & Crofton,Bromley,E05013997,E09000006
Bromley,Farnborough & Crofton,2022-05-05,Tweddle,Allan,Liberal Democrats,1038,False,Farnborough & Crofton,Bromley,E05013997,E09000006
Bromley,Farnborough & Crofton,2022-05-05,Wiegerling,Juergen,Green Party,669,False,Farnborough & Crofton,Bromley,E05013997,E09000006
Bromley,Hayes & Coney Hall,2022-05-05,Chant,Sarah Louise,Green Party,986,False,Hayes & Coney Hall,Bromley,E05013998,E09000006
Bromley,Hayes & Coney Hall,2022-05-05,De Whalley,Andrew,Liberal Democrats,491,False,Hayes & Coney Hall,Bromley,E05013998,E09000006
Bromley,Hayes & Coney Hall,2022-05-05,Griffiths,Owen,Liberal Democrats,858,False,Hayes & Coney Hall,Bromley,E05013998,E09000006
Bromley,Hayes & Coney Hall,2022-05-05,Kemp,Elizabeth,Liberal Democrats,679,False,Hayes & Coney Hall,Bromley,E05013998,E09000006
Bromley,Hayes & Coney Hall,2022-05-05,Lee,Andrew,Conservative Party Candidate,2184,True,Hayes & Coney Hall,Bromley,E05013998,E09000006
Bromley,Hayes & Coney Hall,2022-05-05,Michael,Alex,Conservative Party Candidate,2527,True,Hayes & Coney Hall,Bromley,E05013998,E09000006
Bromley,Hayes & Coney Hall,2022-05-05,Moore,Susan,Labour Party,1552,False,Hayes & Coney Hall,Bromley,E05013998,E09000006
Bromley,Hayes & Coney Hall,2022-05-05,Morton,Thomas,Labour Party,1171,False,Hayes & Coney Hall,Bromley,E05013998,E09000006
Bromley,Hayes & Coney Hall,2022-05-05,Roberts,Michael,Labour Party,1049,False,Hayes & Coney Hall,Bromley,E05013998,E09000006
Bromley,Hayes & Coney Hall,2022-05-05,Turrell,Thomas,Conservative Party Candidate,2347,True,Hayes & Coney Hall,Bromley,E05013998,E09000006
Bromley,Kelsey & Eden Park,2022-05-05,Bardsley,Marie,Labour Party,1877,False,Kelsey & Eden Park,Bromley,E05013999,E09000006
Bromley,Kelsey & Eden Park,2022-05-05,Dean,Peter,Conservative Party Candidate,2064,True,Kelsey & Eden Park,Bromley,E05013999,E09000006
Bromley,Kelsey & Eden Park,2022-05-05,Dempster,John,Labour Party,1691,False,Kelsey & Eden Park,Bromley,E05013999,E09000006
Bromley,Kelsey & Eden Park,2022-05-05,Fitch-Bunce,Stafford,Liberal Democrats,611,False,Kelsey & Eden Park,Bromley,E05013999,E09000006
Bromley,Kelsey & Eden Park,2022-05-05,Gorski,John,Liberal Democrats,581,False,Kelsey & Eden Park,Bromley,E05013999,E09000006
Bromley,Kelsey & Eden Park,2022-05-05,Harris,Christine,Conservative Party Candidate,2073,True,Kelsey & Eden Park,Bromley,E05013999,E09000006
Bromley,Kelsey & Eden Park,2022-05-05,Hollamby,Gillian,Liberal Democrats,762,False,Kelsey & Eden Park,Bromley,E05013999,E09000006
Bromley,Kelsey & Eden Park,2022-05-05,Reakes,Graham,Reform UK,105,False,Kelsey & Eden Park,Bromley,E05013999,E09000006
Bromley,Kelsey & Eden Park,2022-05-05,Scott,Stephen,Labour Party,1627,False,Kelsey & Eden Park,Bromley,E05013999,E09000006
Bromley,Kelsey & Eden Park,2022-05-05,Smith,Diane,Conservative Party Candidate,2000,True,Kelsey & Eden Park,Bromley,E05013999,E09000006
Bromley,Mottingham,2022-05-05,Cartwright,David,Conservative Party Candidate,1081,True,Mottingham,Bromley,E05014000,E09000006
Bromley,Mottingham,2022-05-05,England,Colin,Liberal Democrats,200,False,Mottingham,Bromley,E05014000,E09000006
Bromley,Mottingham,2022-05-05,Houghton,John,Liberal Democrats,262,False,Mottingham,Bromley,E05014000,E09000006
Bromley,Mottingham,2022-05-05,Rowlands,William,Conservative Party Candidate,936,True,Mottingham,Bromley,E05014000,E09000006
Bromley,Mottingham,2022-05-05,Sabelus,Saskia,Green Party,258,False,Mottingham,Bromley,E05014000,E09000006
Bromley,Mottingham,2022-05-05,Thompson,Doreen,Independent,113,False,Mottingham,Bromley,E05014000,E09000006
Bromley,Mottingham,2022-05-05,Thomson,Simon,Labour Party,892,False,Mottingham,Bromley,E05014000,E09000006
Bromley,Mottingham,2022-05-05,Wittekind,Owen,Labour Party,795,False,Mottingham,Bromley,E05014000,E09000006
Bromley,Orpington,2022-05-05,Barlow,Hannah,Labour Party,774,False,Orpington,Bromley,E05014001,E09000006
Bromley,Orpington,2022-05-05,Botting,Kim,Conservative Party Candidate,1630,True,Orpington,Bromley,E05014001,E09000006
Bromley,Orpington,2022-05-05,Das,Nironkush,Liberal Democrats,1026,False,Orpington,Bromley,E05014001,E09000006
Bromley,Orpington,2022-05-05,Morrison,David,Liberal Democrats,991,False,Orpington,Bromley,E05014001,E09000006
Bromley,Orpington,2022-05-05,Talbot,James,Labour Party,661,False,Orpington,Bromley,E05014001,E09000006
Bromley,Orpington,2022-05-05,Tunnicliffe,Pauline,Conservative Party Candidate,1608,True,Orpington,Bromley,E05014001,E09000006
Bromley,Penge & Cator,2022-05-05,Allen,Geoffrey,Green Party,1300,False,Penge & Cator,Bromley,E05014002,E09000006
Bromley,Penge & Cator,2022-05-05,Bance,Katherine,Labour Party,3655,True,Penge & Cator,Bromley,E05014002,E09000006
Bromley,Penge & Cator,2022-05-05,Burns,Jonathan,Liberal Democrats,603,False,Penge & Cator,Bromley,E05014002,E09000006
Bromley,Penge & Cator,2022-05-05,Coldspring-White,Joshua,Conservative Party Candidate,658,False,Penge & Cator,Bromley,E05014002,E09000006
Bromley,Penge & Cator,2022-05-05,Griffiths,Sam,Conservative Party Candidate,664,False,Penge & Cator,Bromley,E05014002,E09000006
Bromley,Penge & Cator,2022-05-05,Jalan,Sumeet,Conservative Party Candidate,602,False,Penge & Cator,Bromley,E05014002,E09000006
Bromley,Penge & Cator,2022-05-05,Jeal,Simon,Labour Party,3082,True,Penge & Cator,Bromley,E05014002,E09000006
Bromley,Penge & Cator,2022-05-05,Jones,Michael,Liberal Democrats,288,False,Penge & Cator,Bromley,E05014002,E09000006
Bromley,Penge & Cator,2022-05-05,Kennedy-Brooks,Kevin,Labour Party,2742,True,Penge & Cator,Bromley,E05014002,E09000006
Bromley,Penge & Cator,2022-05-05,Maxwell,Lindsay,Liberal Democrats,370,False,Penge & Cator,Bromley,E05014002,E09000006
Bromley,Petts Wood & Knoll,2022-05-05,Catchpole,Ian,Liberal Democrats,1437,False,Petts Wood & Knoll,Bromley,E05014003,E09000006
Bromley,Petts Wood & Knoll,2022-05-05,Fawthrop,Simon,Conservative Party Candidate,2880,True,Petts Wood & Knoll,Bromley,E05014003,E09000006
Bromley,Petts Wood & Knoll,2022-05-05,Grievson,Charlotte,Labour Party,1124,False,Petts Wood & Knoll,Bromley,E05014003,E09000006
Bromley,Petts Wood & Knoll,2022-05-05,Loosemore,Oliver,Liberal Democrats,1293,False,Petts Wood & Knoll,Bromley,E05014003,E09000006
Bromley,Petts Wood & Knoll,2022-05-05,Onslow,Keith,Conservative Party Candidate,2992,True,Petts Wood & Knoll,Bromley,E05014003,E09000006
Bromley,Petts Wood & Knoll,2022-05-05,Owen,Anthony,Conservative Party Candidate,2905,True,Petts Wood & Knoll,Bromley,E05014003,E09000006
Bromley,Petts Wood & Knoll,2022-05-05,Pead,John,Labour Party,1170,False,Petts Wood & Knoll,Bromley,E05014003,E09000006
Bromley,Petts Wood & Knoll,2022-05-05,Stotesbury,Andrew,Liberal Democrats,1133,False,Petts Wood & Knoll,Bromley,E05014003,E09000006
Bromley,Petts Wood & Knoll,2022-05-05,Wretham,Gareth,Labour Party,915,False,Petts Wood & Knoll,Bromley,E05014003,E09000006
Bromley,Plaistow,2022-05-05,Akullu,Alice,Independent,80,False,Plaistow,Bromley,E05014004,E09000006
Bromley,Plaistow,2022-05-05,Davis,Alison,Liberal Democrats,344,False,Plaistow,Bromley,E05014004,E09000006
Bromley,Plaistow,2022-05-05,Furniss,Peter,Liberal Democrats,297,False,Plaistow,Bromley,E05014004,E09000006
Bromley,Plaistow,2022-05-05,Igoe,Alisa,Labour Party,1566,True,Plaistow,Bromley,E05014004,E09000006
Bromley,Plaistow,2022-05-05,McPartlan,Anthony,Labour Party,1514,True,Plaistow,Bromley,E05014004,E09000006
Bromley,Plaistow,2022-05-05,Papayannakos,Panos,Conservative Party Candidate,1390,False,Plaistow,Bromley,E05014004,E09000006
Bromley,Plaistow,2022-05-05,Stevens,Gary,Conservative Party Candidate,1353,False,Plaistow,Bromley,E05014004,E09000006
Bromley,Plaistow,2022-05-05,Wallace-Brown,Heather,Green Party,316,False,Plaistow,Bromley,E05014004,E09000006
Bromley,Shortlands & Park Langley,2022-05-05,Apostolides,Demetrios,Reform UK,156,False,Shortlands & Park Langley,Bromley,E05014005,E09000006
Bromley,Shortlands & Park Langley,2022-05-05,Ayres,Peter,Labour Party,1515,False,Shortlands & Park Langley,Bromley,E05014005,E09000006
Bromley,Shortlands & Park Langley,2022-05-05,Bainbridge,Felicity,Conservative Party Candidate,2262,True,Shortlands & Park Langley,Bromley,E05014005,E09000006
Bromley,Shortlands & Park Langley,2022-05-05,Coleman,Andrew,Liberal Democrats,1078,False,Shortlands & Park Langley,Bromley,E05014005,E09000006
Bromley,Shortlands & Park Langley,2022-05-05,Crispin,Joanna,Labour Party,1542,False,Shortlands & Park Langley,Bromley,E05014005,E09000006
Bromley,Shortlands & Park Langley,2022-05-05,Cuthbert,Aisha,Conservative Party Candidate,2151,True,Shortlands & Park Langley,Bromley,E05014005,E09000006
Bromley,Shortlands & Park Langley,2022-05-05,Gandecha,Suraj,Liberal Democrats,976,False,Shortlands & Park Langley,Bromley,E05014005,E09000006
Bromley,Shortlands & Park Langley,2022-05-05,Grant,Adam,Conservative Party Candidate,2110,True,Shortlands & Park Langley,Bromley,E05014005,E09000006
Bromley,Shortlands & Park Langley,2022-05-05,Spence,Martin,Labour Party,1306,False,Shortlands & Park Langley,Bromley,E05014005,E09000006
Bromley,Shortlands & Park Langley,2022-05-05,Wells,Stephen,Liberal Democrats,980,False,Shortlands & Park Langley,Bromley,E05014005,E09000006
Bromley,St Mary Cray,2022-05-05,Arthur,Nathaniel,Labour Party,1676,False,St Mary Cray,Bromley,E05014006,E09000006
Bromley,St Mary Cray,2022-05-05,Bear,Yvonne,Conservative Party Candidate,1930,True,St Mary Cray,Bromley,E05014006,E09000006
Bromley,St Mary Cray,2022-05-05,Honess,Richard,Labour Party,1627,False,St Mary Cray,Bromley,E05014006,E09000006
Bromley,St Mary Cray,2022-05-05,Magrath,Ian,Liberal Democrats,499,False,St Mary Cray,Bromley,E05014006,E09000006
Bromley,St Mary Cray,2022-05-05,Mansell,Peter,Liberal Democrats,448,False,St Mary Cray,Bromley,E05014006,E09000006
Bromley,St Mary Cray,2022-05-05,Price,Deborah,Labour Party,1590,False,St Mary Cray,Bromley,E05014006,E09000006
Bromley,St Mary Cray,2022-05-05,Slator,Shaun,Conservative Party Candidate,1900,True,St Mary Cray,Bromley,E05014006,E09000006
Bromley,St Mary Cray,2022-05-05,Stranger,Harry,Conservative Party Candidate,1847,True,St Mary Cray,Bromley,E05014006,E09000006
Bromley,St Mary Cray,2022-05-05,Webber,Victoria,Liberal Democrats,533,False,St Mary Cray,Bromley,E05014006,E09000006
Bromley,St Paul's Cray,2022-05-05,Alessio,Dominic,Liberal Democrats,295,False,St Paul's Cray,Bromley,E05014007,E09000006
Bromley,St Paul's Cray,2022-05-05,Gupta,Rahul,Conservative Party Candidate,953,False,St Paul's Cray,Bromley,E05014007,E09000006
Bromley,St Paul's Cray,2022-05-05,Hitchins,Colin,Conservative Party Candidate,1101,True,St Paul's Cray,Bromley,E05014007,E09000006
Bromley,St Paul's Cray,2022-05-05,Jones,Richard,Liberal Democrats,300,False,St Paul's Cray,Bromley,E05014007,E09000006
Bromley,St Paul's Cray,2022-05-05,Powley,Tina,Conservative Party Candidate,1069,False,St Paul's Cray,Bromley,E05014007,E09000006
Bromley,St Paul's Cray,2022-05-05,Price,Christopher,Labour Party,1118,True,St Paul's Cray,Bromley,E05014007,E09000006
Bromley,St Paul's Cray,2022-05-05,Sollitt,Steven,Liberal Democrats,270,False,St Paul's Cray,Bromley,E05014007,E09000006
Bromley,St Paul's Cray,2022-05-05,Westwood,Timothy,Labour Party,1028,False,St Paul's Cray,Bromley,E05014007,E09000006
Bromley,St Paul's Cray,2022-05-05,Wiffen,Rebecca,Labour Party,1089,True,St Paul's Cray,Bromley,E05014007,E09000006
Bromley,St Paul's Cray,2022-05-05,Wilson,Andrew,Independent,476,False,St Paul's Cray,Bromley,E05014007,E09000006
Bromley,West Wickham,2022-05-05,Barnett,Angela,Labour Party,1308,False,West Wickham,Bromley,E05014008,E09000006
Bromley,West Wickham,2022-05-05,Barnett,Peter,Labour Party,1114,False,West Wickham,Bromley,E05014008,E09000006
Bromley,West Wickham,2022-05-05,Bennett,Nicholas,Conservative Party Candidate,2164,True,West Wickham,Bromley,E05014008,E09000006
Bromley,West Wickham,2022-05-05,Bentley,Christopher,Liberal Democrats,577,False,West Wickham,Bromley,E05014008,E09000006
Bromley,West Wickham,2022-05-05,Brock,Mark,Conservative Party Candidate,2341,True,West Wickham,Bromley,E05014008,E09000006
Bromley,West Wickham,2022-05-05,Clarke,Rachael,Liberal Democrats,618,False,West Wickham,Bromley,E05014008,E09000006
Bromley,West Wickham,2022-05-05,Gray,Jennifer,Conservative Party Candidate,2172,True,West Wickham,Bromley,E05014008,E09000006
Bromley,West Wickham,2022-05-05,Hulm,Angela,Green Party,763,False,West Wickham,Bromley,E05014008,E09000006
Bromley,West Wickham,2022-05-05,Jackson,Victor,Reform UK,133,False,West Wickham,Bromley,E05014008,E09000006
Bromley,West Wickham,2022-05-05,Pike,Michelle,Liberal Democrats,535,False,West Wickham,Bromley,E05014008,E09000006
Bromley,West Wickham,2022-05-05,Shemmings,Philip,Labour Party,1256,False,West Wickham,Bromley,E05014008,E09000006
Camden,Belsize,2022-05-05,Adams,Steve,Local Conservatives,1106,False,Belsize,Camden,E05013652,E09000007
Camden,Belsize,2022-05-05,Ahmed Chowdhury,M D Shaheen,Labour Party Candidate,692,False,Belsize,Camden,E05013652,E09000007
Camden,Belsize,2022-05-05,Cooper,Oliver,Local Conservatives,1124,False,Belsize,Camden,E05013652,E09000007
Camden,Belsize,2022-05-05,Dixey,Judy,Liberal Democrat,1445,True,Belsize,Camden,E05013652,E09000007
Camden,Belsize,2022-05-05,Joshi,Aarti,Local Conservatives,953,False,Belsize,Camden,E05013652,E09000007
Camden,Belsize,2022-05-05,Kirk,Matthew Jonathan,Liberal Democrat,1317,True,Belsize,Camden,E05013652,E09000007
Camden,Belsize,2022-05-05,Ptashko,Peter Mykola,Labour Party Candidate,644,False,Belsize,Camden,E05013652,E09000007
Camden,Belsize,2022-05-05,Simon,Tom Henry,Liberal Democrat,1494,True,Belsize,Camden,E05013652,E09000007
Camden,Belsize,2022-05-05,Waite,Issy,Labour Party Candidate,705,False,Belsize,Camden,E05013652,E09000007
Camden,Bloomsbury,2022-05-05,Bhangal,Paul,Local Conservatives,335,False,Bloomsbury,Camden,E05013653,E09000007
Camden,Bloomsbury,2022-05-05,Francis,Sabrina,Labour Party,1411,True,Bloomsbury,Camden,E05013653,E09000007
Camden,Bloomsbury,2022-05-05,Frost,William,Local Conservatives,378,False,Bloomsbury,Camden,E05013653,E09000007
Camden,Bloomsbury,2022-05-05,Harrison,Adam,Labour Party,1346,True,Bloomsbury,Camden,E05013653,E09000007
Camden,Bloomsbury,2022-05-05,Hays,Catherine Wakefield,Liberal Democrat,400,False,Bloomsbury,Camden,E05013653,E09000007
Camden,Bloomsbury,2022-05-05,Haywood,Richard,Local Conservatives,351,False,Bloomsbury,Camden,E05013653,E09000007
Camden,Bloomsbury,2022-05-05,Lewin,Jonathan,Liberal Democrat,291,False,Bloomsbury,Camden,E05013653,E09000007
Camden,Bloomsbury,2022-05-05,Madlani,Rishi,Labour Party,1269,True,Bloomsbury,Camden,E05013653,E09000007
Camden,Bloomsbury,2022-05-05,Monk,Farrell,Liberal Democrat,281,False,Bloomsbury,Camden,E05013653,E09000007
Camden,Camden Square,2022-05-05,Abdiwali,Sagal,Labour Party,1275,True,Camden Square,Camden,E05013654,E09000007
Camden,Camden Square,2022-05-05,Beales,Danny,Labour Party,1305,True,Camden Square,Camden,E05013654,E09000007
Camden,Camden Square,2022-05-05,McQueen,Catherine,Local Conservatives,180,False,Camden Square,Camden,E05013654,E09000007
Camden,Camden Square,2022-05-05,Nicholson,Lawrence Joseph,Liberal Democrat,218,False,Camden Square,Camden,E05013654,E09000007
Camden,Camden Square,2022-05-05,Tinley,Jack,Local Conservatives,146,False,Camden Square,Camden,E05013654,E09000007
Camden,Camden Square,2022-05-05,Wright,Anne Marie,Liberal Democrat,244,False,Camden Square,Camden,E05013654,E09000007
Camden,Camden Town,2022-05-05,Callaghan,Pat,Labour Party,1024,True,Camden Town,Camden,E05013655,E09000007
Camden,Camden Town,2022-05-05,Cotton,Richard,Labour Party,854,True,Camden Town,Camden,E05013655,E09000007
Camden,Camden Town,2022-05-05,Greenwood,Charley,The Green Party,286,False,Camden Town,Camden,E05013655,E09000007
Camden,Camden Town,2022-05-05,Holle,Adrian Ludwig,Local Conservatives,163,False,Camden Town,Camden,E05013655,E09000007
Camden,Camden Town,2022-05-05,Kirk,Ekaterina,Liberal Democrat,139,False,Camden Town,Camden,E05013655,E09000007
Camden,Camden Town,2022-05-05,Margetts,Hannah Elise,Local Conservatives,156,False,Camden Town,Camden,E05013655,E09000007
Camden,Camden Town,2022-05-05,Wright,Martin Percival,Liberal Democrat,101,False,Camden Town,Camden,E05013655,E09000007
Camden,Fortune Green,2022-05-05,Coles,William James,Liberal Democrat,1151,False,Fortune Green,Camden,E05013656,E09000007
Camden,Fortune Green,2022-05-05,David,Hannah Mindel,Local Conservatives,374,False,Fortune Green,Camden,E05013656,E09000007
Camden,Fortune Green,2022-05-05,Greenwood,Lorna Louise,Labour and Cooperative Party,1479,True,Fortune Green,Camden,E05013656,E09000007
Camden,Fortune Green,2022-05-05,Jirira,Nancy Stemble,Liberal Democrat,1481,True,Fortune Green,Camden,E05013656,E09000007
Camden,Fortune Green,2022-05-05,Olszewski,Richard,Labour and Cooperative Party,1397,True,Fortune Green,Camden,E05013656,E09000007
Camden,Fortune Green,2022-05-05,Sedgwick,Keith,Local Conservatives,376,False,Fortune Green,Camden,E05013656,E09000007
Camden,Fortune Green,2022-05-05,Shackle,Tracey Elizabeth,Liberal Democrat,1238,False,Fortune Green,Camden,E05013656,E09000007
Camden,Fortune Green,2022-05-05,Storm,Marcus,Labour and Cooperative Party,1288,False,Fortune Green,Camden,E05013656,E09000007
Camden,Fortune Green,2022-05-05,Webb,Jamie,Local Conservatives,362,False,Fortune Green,Camden,E05013656,E09000007
Camden,Frognal,2022-05-05,Abdikarim,Suber,Labour Party,473,False,Frognal,Camden,E05013657,E09000007
Camden,Frognal,2022-05-05,Bridge,Adrian,Liberal Democrat,274,False,Frognal,Camden,E05013657,E09000007
Camden,Frognal,2022-05-05,Carr,John,Labour Party,469,False,Frognal,Camden,E05013657,E09000007
Camden,Frognal,2022-05-05,Francisco,Valdir,Liberal Democrat,236,False,Frognal,Camden,E05013657,E09000007
Camden,Frognal,2022-05-05,Harris,Charles Hilary,The Green Party,276,False,Frognal,Camden,E05013657,E09000007
Camden,Frognal,2022-05-05,Parkinson,Andrew James,Local Conservatives,923,True,Frognal,Camden,E05013657,E09000007
Camden,Frognal,2022-05-05,Spinella,Gio,Local Conservatives,890,True,Frognal,Camden,E05013657,E09000007
Camden,Gospel Oak,2022-05-05,Akpoke,Esmerelda,Local Conservatives,434,False,Gospel Oak,Camden,E05013658,E09000007
Camden,Gospel Oak,2022-05-05,Boyland,Marcus,Labour Party,1880,True,Gospel Oak,Camden,E05013658,E09000007
Camden,Gospel Oak,2022-05-05,Charles,Jah-Love,Local Conservatives,466,False,Gospel Oak,Camden,E05013658,E09000007
Camden,Gospel Oak,2022-05-05,Jackson-Roberts,Margaret,Liberal Democrat,492,False,Gospel Oak,Camden,E05013658,E09000007
Camden,Gospel Oak,2022-05-05,Mulholland,Jenny,Labour Party,1927,True,Gospel Oak,Camden,E05013658,E09000007
Camden,Gospel Oak,2022-05-05,Noel,Laura Francis,Liberal Democrat,460,False,Gospel Oak,Camden,E05013658,E09000007
Camden,Gospel Oak,2022-05-05,Pict,Chrislyn Prudence,Independent,89,False,Gospel Oak,Camden,E05013658,E09000007
Camden,Gospel Oak,2022-05-05,Revah,Larraine,Labour Party,1860,True,Gospel Oak,Camden,E05013658,E09000007
Camden,Gospel Oak,2022-05-05,Rumble,Nigel,Local Conservatives,449,False,Gospel Oak,Camden,E05013658,E09000007
Camden,Gospel Oak,2022-05-05,Simmons,David,Liberal Democrat,354,False,Gospel Oak,Camden,E05013658,E09000007
Camden,Hampstead Town,2022-05-05,Cohen,Adrian Leon,Labour and Cooperative Party,1030,True,Hampstead Town,Camden,E05013659,E09000007
Camden,Hampstead Town,2022-05-05,Dor,Deborah,Local Conservatives,887,False,Hampstead Town,Camden,E05013659,E09000007
Camden,Hampstead Town,2022-05-05,Russell,Nicholas John,Liberal Democrat,435,False,Hampstead Town,Camden,E05013659,E09000007
Camden,Hampstead Town,2022-05-05,Stark,Stephen,Local Conservatives,1089,True,Hampstead Town,Camden,E05013659,E09000007
Camden,Hampstead Town,2022-05-05,Sufit,Alexandra,Labour and Cooperative Party,971,False,Hampstead Town,Camden,E05013659,E09000007
Camden,Hampstead Town,2022-05-05,Ward,Anne,Liberal Democrat,609,False,Hampstead Town,Camden,E05013659,E09000007
Camden,Haverstock,2022-05-05,Atolagbe,Kemi,Labour Party,1523,True,Haverstock,Camden,E05013660,E09000007
Camden,Haverstock,2022-05-05,Brown,Alice Amelia,Independent,278,False,Haverstock,Camden,E05013660,E09000007
Camden,Haverstock,2022-05-05,Culligan,Diane Liza Rosemin,Liberal Democrat,303,False,Haverstock,Camden,E05013660,E09000007
Camden,Haverstock,2022-05-05,Djemai,Nasrine,Labour Party,1402,True,Haverstock,Camden,E05013660,E09000007
Camden,Haverstock,2022-05-05,Farah,Mohamed Ali,Independent,232,False,Haverstock,Camden,E05013660,E09000007
Camden,Haverstock,2022-05-05,Filer,Rebecca,Labour Party,1430,True,Haverstock,Camden,E05013660,E09000007
Camden,Haverstock,2022-05-05,Fraser,Fiona Eileen,Liberal Democrat,368,False,Haverstock,Camden,E05013660,E09000007
Camden,Haverstock,2022-05-05,Fraser,Jill Eileen,Liberal Democrat,427,False,Haverstock,Camden,E05013660,E09000007
Camden,Haverstock,2022-05-05,Frost,Timothy James Albert,Local Conservatives,312,False,Haverstock,Camden,E05013660,E09000007
Camden,Haverstock,2022-05-05,McGinty,Peter,The Green Party,643,False,Haverstock,Camden,E05013660,E09000007
Camden,Haverstock,2022-05-05,Parkinson,Shreena,Local Conservatives,292,False,Haverstock,Camden,E05013660,E09000007
Camden,Haverstock,2022-05-05,Roberts,David Charles,Local Conservatives,294,False,Haverstock,Camden,E05013660,E09000007
Camden,Highgate,2022-05-05,Antoniou,Panny,Labour Party,1527,False,Highgate,Camden,E05013661,E09000007
Camden,Highgate,2022-05-05,Arif-Adib,Camron,Labour Party,1809,True,Highgate,Camden,E05013661,E09000007
Camden,Highgate,2022-05-05,Barnes,Judith,Local Conservatives,403,False,Highgate,Camden,E05013661,E09000007
Camden,Highgate,2022-05-05,Berry,Sian,The Green Party,1967,True,Highgate,Camden,E05013661,E09000007
Camden,Highgate,2022-05-05,Farrow,Paul,Local Conservatives,431,False,Highgate,Camden,E05013661,E09000007
Camden,Highgate,2022-05-05,Merrin,Richard,Local Conservatives,380,False,Highgate,Camden,E05013661,E09000007
Camden,Highgate,2022-05-05,Pickthall,Stephen Raymond,Liberal Democrat,172,False,Highgate,Camden,E05013661,E09000007
Camden,Highgate,2022-05-05,Potts,Henry William Windle,Liberal Democrat,188,False,Highgate,Camden,E05013661,E09000007
Camden,Highgate,2022-05-05,Price,Munro,Liberal Democrat,206,False,Highgate,Camden,E05013661,E09000007
Camden,Highgate,2022-05-05,Russell,Lorna Jane,The Green Party,1460,False,Highgate,Camden,E05013661,E09000007
Camden,Highgate,2022-05-05,Stansell,David,The Green Party,929,False,Highgate,Camden,E05013661,E09000007
Camden,Highgate,2022-05-05,Wright,Anna Francesca,Labour Party,1898,True,Highgate,Camden,E05013661,E09000007
Camden,Holborn & Covent Garden,2022-05-05,Barabas,Stephen Paul,Liberal Democrat,268,False,Holborn & Covent Garden,Camden,E05013662,E09000007
Camden,Holborn & Covent Garden,2022-05-05,Frost,Alison,Local Conservatives,349,False,Holborn & Covent Garden,Camden,E05013662,E09000007
Camden,Holborn & Covent Garden,2022-05-05,Fullbrook,Julian,Labour Party,1807,True,Holborn & Covent Garden,Camden,E05013662,E09000007
Camden,Holborn & Covent Garden,2022-05-05,Hirt,Maurice,Local Conservatives,362,False,Holborn & Covent Garden,Camden,E05013662,E09000007
Camden,Holborn & Covent Garden,2022-05-05,Lester,Adam,Local Conservatives,354,False,Holborn & Covent Garden,Camden,E05013662,E09000007
Camden,Holborn & Covent Garden,2022-05-05,McGinnis,Patrick Edward,Independent,214,False,Holborn & Covent Garden,Camden,E05013662,E09000007
Camden,Holborn & Covent Garden,2022-05-05,Olad,Awale,Labour Party,1686,True,Holborn & Covent Garden,Camden,E05013662,E09000007
Camden,Holborn & Covent Garden,2022-05-05,Vincent,Sue,Labour Party,1779,True,Holborn & Covent Garden,Camden,E05013662,E09000007
Camden,Holborn & Covent Garden,2022-05-05,Wagner,Eric,Liberal Democrat,213,False,Holborn & Covent Garden,Camden,E05013662,E09000007
Camden,Holborn & Covent Garden,2022-05-05,Wattebot O'Brien,Charlotte,Liberal Democrat,299,False,Holborn & Covent Garden,Camden,E05013662,E09000007
Camden,Kentish Town North,2022-05-05,Ascher,Brigitte,The Green Party,673,False,Kentish Town North,Camden,E05013663,E09000007
Camden,Kentish Town North,2022-05-05,Davies,Darryl,Local Conservatives,157,False,Kentish Town North,Camden,E05013663,E09000007
Camden,Kentish Town North,2022-05-05,Kelly,Jade,Liberal Democrat,238,False,Kentish Town North,Camden,E05013663,E09000007
Camden,Kentish Town North,2022-05-05,Manzoor,Farhana,Trade Union and Socialist Party,105,False,Kentish Town North,Camden,E05013663,E09000007
Camden,Kentish Town North,2022-05-05,McNamara,Sylvia Ann,Labour and Cooperative Party,1560,True,Kentish Town North,Camden,E05013663,E09000007
Camden,Kentish Town North,2022-05-05,Newbrook,Jillian,Liberal Democrat,124,False,Kentish Town North,Camden,E05013663,E09000007
Camden,Kentish Town North,2022-05-05,Sheppard,Lucy,Local Conservatives,145,False,Kentish Town North,Camden,E05013663,E09000007
Camden,Kentish Town North,2022-05-05,Slater,James,Labour and Cooperative Party,1303,True,Kentish Town North,Camden,E05013663,E09000007
Camden,Kentish Town South,2022-05-05,Apac,Meric,Labour Party,1664,True,Kentish Town South,Camden,E05013664,E09000007
Camden,Kentish Town South,2022-05-05,Bury,Francesca Edith,The Green Party,678,False,Kentish Town South,Camden,E05013664,E09000007
Camden,Kentish Town South,2022-05-05,Djurkovic,Helena,Liberal Democrat,250,False,Kentish Town South,Camden,E05013664,E09000007
Camden,Kentish Town South,2022-05-05,Gould,Georgia,Labour Party,1847,True,Kentish Town South,Camden,E05013664,E09000007
Camden,Kentish Town South,2022-05-05,Headlam-Wells,Jenny,Labour Party,1616,True,Kentish Town South,Camden,E05013664,E09000007
Camden,Kentish Town South,2022-05-05,Kendrick,Dominic,The Green Party,444,False,Kentish Town South,Camden,E05013664,E09000007
Camden,Kentish Town South,2022-05-05,Lee,Susan,Local Conservatives,244,False,Kentish Town South,Camden,E05013664,E09000007
Camden,Kentish Town South,2022-05-05,McAuley,Derek,Liberal Democrat,151,False,Kentish Town South,Camden,E05013664,E09000007
Camden,Kentish Town South,2022-05-05,Power,Hannah Elizabeth,Trade Unionist and Socialist Party,122,False,Kentish Town South,Camden,E05013664,E09000007
Camden,Kentish Town South,2022-05-05,Ricketts,Alexander,Local Conservatives,221,False,Kentish Town South,Camden,E05013664,E09000007
Camden,Kentish Town South,2022-05-05,Trenner,Rebecca Nan,Liberal Democrat,174,False,Kentish Town South,Camden,E05013664,E09000007
Camden,Kentish Town South,2022-05-05,Webber,John,Local Conservatives,226,False,Kentish Town South,Camden,E05013664,E09000007
Camden,Kilburn,2022-05-05,Bhansali,Rahoul,Local Conservatives,395,False,Kilburn,Camden,E05013665,E09000007
Camden,Kilburn,2022-05-05,Hanson,Eddie,Labour Party,1646,True,Kilburn,Camden,E05013665,E09000007
Camden,Kilburn,2022-05-05,Hatton,Lloyd,Labour Party,1521,True,Kilburn,Camden,E05013665,E09000007
Camden,Kilburn,2022-05-05,Kothari,Daviyani Rayshma,Liberal Democrats,286,False,Kilburn,Camden,E05013665,E09000007
Camden,Kilburn,2022-05-05,Nykolyzsyn,Marc,Local Conservatives,340,False,Kilburn,Camden,E05013665,E09000007
Camden,Kilburn,2022-05-05,Patel,Hamir,Liberal Democrats,288,False,Kilburn,Camden,E05013665,E09000007
Camden,Kilburn,2022-05-05,Pelling-Bruce,Alexander,Local Conservatives,447,False,Kilburn,Camden,E05013665,E09000007
Camden,Kilburn,2022-05-05,Sturgeon,Kathryn,Liberal Democrats,375,False,Kilburn,Camden,E05013665,E09000007
Camden,Kilburn,2022-05-05,Umeadi,Nanouche,Labour Party,1405,True,Kilburn,Camden,E05013665,E09000007
Camden,King's Cross,2022-05-05,Baktis,Joan Paula,Liberal Democrat,214,False,King's Cross,Camden,E05013666,E09000007
Camden,King's Cross,2022-05-05,Bautista,Lotis,Labour Party,1317,True,King's Cross,Camden,E05013666,E09000007
Camden,King's Cross,2022-05-05,De Morais,Douglas,Local Conservatives,219,False,King's Cross,Camden,E05013666,E09000007
Camden,King's Cross,2022-05-05,Fleming,Jack Francis Edmund,Liberal Democrat,167,False,King's Cross,Camden,E05013666,E09000007
Camden,King's Cross,2022-05-05,Frost,Catherine,Local Conservatives,249,False,King's Cross,Camden,E05013666,E09000007
Camden,King's Cross,2022-05-05,Manning,Clementine,Local Conservatives,218,False,King's Cross,Camden,E05013666,E09000007
Camden,King's Cross,2022-05-05,Martin-Lane,Liam,Labour Party,1256,True,King's Cross,Camden,E05013666,E09000007
Camden,King's Cross,2022-05-05,Newman,Benjamin,Liberal Democrat,185,False,King's Cross,Camden,E05013666,E09000007
Camden,King's Cross,2022-05-05,Simpson,Jonathan,Labour Party,1205,True,King's Cross,Camden,E05013666,E09000007
Camden,King's Cross,2022-05-05,Smith,Alex,The Green Party,417,False,King's Cross,Camden,E05013666,E09000007
Camden,Primrose Hill,2022-05-05,Andrews,Alex,Local Conservatives,1009,False,Primrose Hill,Camden,E05013667,E09000007
Camden,Primrose Hill,2022-05-05,Andrews,Pierre,Local Conservatives,959,False,Primrose Hill,Camden,E05013667,E09000007
Camden,Primrose Hill,2022-05-05,Athian,Ajok,Labour Party,1375,True,Primrose Hill,Camden,E05013667,E09000007
Camden,Primrose Hill,2022-05-05,Bowen,James Iddon,Liberal Democrat,488,False,Primrose Hill,Camden,E05013667,E09000007
Camden,Primrose Hill,2022-05-05,Burrage,Anna,Labour Party,1568,True,Primrose Hill,Camden,E05013667,E09000007
Camden,Primrose Hill,2022-05-05,Cooper,Matt,Labour Party,1343,True,Primrose Hill,Camden,E05013667,E09000007
Camden,Primrose Hill,2022-05-05,Cowen,Phil,Independent,339,False,Primrose Hill,Camden,E05013667,E09000007
Camden,Primrose Hill,2022-05-05,Marsanu,Alexandra,Local Conservatives,910,False,Primrose Hill,Camden,E05013667,E09000007
Camden,Primrose Hill,2022-05-05,Temminck Tuinstra,Hinne Laurens Johanne,Liberal Democrat,373,False,Primrose Hill,Camden,E05013667,E09000007
Camden,Primrose Hill,2022-05-05,Wrigley,Matthew John Martyn,The Green Party,647,False,Primrose Hill,Camden,E05013667,E09000007
Camden,Regent's Park,2022-05-05,Ali,Nassim,Labour Party,1504,True,Regent's Park,Camden,E05013668,E09000007
Camden,Regent's Park,2022-05-05,Aspinall,George,Local Conservatives,413,False,Regent's Park,Camden,E05013668,E09000007
Camden,Regent's Park,2022-05-05,Campling,Samuel Robert,Liberal Democrat,206,False,Regent's Park,Camden,E05013668,E09000007
Camden,Regent's Park,2022-05-05,Gayford,Christopher Michael,Liberal Democrat,188,False,Regent's Park,Camden,E05013668,E09000007
Camden,Regent's Park,2022-05-05,Johnson,Heather,Labour Party,1552,True,Regent's Park,Camden,E05013668,E09000007
Camden,Regent's Park,2022-05-05,Plowden,Hugo,The Green Party,423,False,Regent's Park,Camden,E05013668,E09000007
Camden,Regent's Park,2022-05-05,Radicke,Karen,Let London Live,114,False,Regent's Park,Camden,E05013668,E09000007
Camden,Regent's Park,2022-05-05,Reeves,Joanna Kate,Local Conservatives,390,False,Regent's Park,Camden,E05013668,E09000007
Camden,Regent's Park,2022-05-05,Shah,Nadia,Labour Party,1516,True,Regent's Park,Camden,E05013668,E09000007
Camden,Regent's Park,2022-05-05,Sheppard,Martin,Local Conservatives,355,False,Regent's Park,Camden,E05013668,E09000007
Camden,Regent's Park,2022-05-05,Stanier,Mary Elizabeth,Liberal Democrat,251,False,Regent's Park,Camden,E05013668,E09000007
Camden,South Hampstead,2022-05-05,Baker,James Philip,Liberal Democrat,436,False,South Hampstead,Camden,E05013670,E09000007
Camden,South Hampstead,2022-05-05,De Ayala Parker,Nina,Labour Party,1692,True,South Hampstead,Camden,E05013670,E09000007
Camden,South Hampstead,2022-05-05,De Malet Roquefort,Aimery Gregory  Hugues Michel,Liberal Democrat,424,False,South Hampstead,Camden,E05013670,E09000007
Camden,South Hampstead,2022-05-05,De Morais,Marx,Local Conservatives,931,False,South Hampstead,Camden,E05013670,E09000007
Camden,South Hampstead,2022-05-05,Harihanan,Pranay,Liberal Democrat,376,False,South Hampstead,Camden,E05013670,E09000007
Camden,South Hampstead,2022-05-05,Lenga,Izzy,Labour Party,1655,True,South Hampstead,Camden,E05013670,E09000007
Camden,South Hampstead,2022-05-05,Po,Calvin,Local Conservatives,947,False,South Hampstead,Camden,E05013670,E09000007
Camden,South Hampstead,2022-05-05,Prince,Will,Labour Party,1564,True,South Hampstead,Camden,E05013670,E09000007
Camden,South Hampstead,2022-05-05,Williams,Don,Local Conservatives,976,False,South Hampstead,Camden,E05013670,E09000007
Camden,St Pancras & Somers Town,2022-05-05,Billington,Hannah,Liberal Democrat,299,False,St Pancras & Somers Town,Camden,E05013669,E09000007
Camden,St Pancras & Somers Town,2022-05-05,Ellis,Alex,Local Conservatives,322,False,St Pancras & Somers Town,Camden,E05013669,E09000007
Camden,St Pancras & Somers Town,2022-05-05,Frondigoun,Edmund,Labour Party,1845,True,St Pancras & Somers Town,Camden,E05013669,E09000007
Camden,St Pancras & Somers Town,2022-05-05,Jenkins,Stewart David,Liberal Democrat,217,False,St Pancras & Somers Town,Camden,E05013669,E09000007
Camden,St Pancras & Somers Town,2022-05-05,Kaae,Axel,Local Conservatives,268,False,St Pancras & Somers Town,Camden,E05013669,E09000007
Camden,St Pancras & Somers Town,2022-05-05,Khatoon,Samata,Labour Party,1874,True,St Pancras & Somers Town,Camden,E05013669,E09000007
Camden,St Pancras & Somers Town,2022-05-05,Miah,Awal,Workers Party of Britain,239,False,St Pancras & Somers Town,Camden,E05013669,E09000007
Camden,St Pancras & Somers Town,2022-05-05,Miah,Shah,Labour Party,1799,True,St Pancras & Somers Town,Camden,E05013669,E09000007
Camden,St Pancras & Somers Town,2022-05-05,Pedersen,Michael Lund,Liberal Democrat,183,False,St Pancras & Somers Town,Camden,E05013669,E09000007
Camden,St Pancras & Somers Town,2022-05-05,Ricketts,Carole,Local Conservatives,290,False,St Pancras & Somers Town,Camden,E05013669,E09000007
Camden,St Pancras & Somers Town,2022-05-05,Shah,M D,Workers Party of Britain,202,False,St Pancras & Somers Town,Camden,E05013669,E09000007
Camden,St Pancras & Somers Town,2022-05-05,Wong,Neisha,Workers Party of Britain,196,False,St Pancras & Somers Town,Camden,E05013669,E09000007
Camden,West Hampstead,2022-05-05,Cohen,Ian,Local Conservatives,494,False,West Hampstead,Camden,E05013671,E09000007
Camden,West Hampstead,2022-05-05,Elkan,David,Liberal Democrat,964,False,West Hampstead,Camden,E05013671,E09000007
Camden,West Hampstead,2022-05-05,Gold,Marcus,Local Conservatives,449,False,West Hampstead,Camden,E05013671,E09000007
Camden,West Hampstead,2022-05-05,Grauberg,Janet Clementine,Liberal Democrat,1164,False,West Hampstead,Camden,E05013671,E09000007
Camden,West Hampstead,2022-05-05,Hardwick,Sharon,Labour Party,1332,True,West Hampstead,Camden,E05013671,E09000007
Camden,West Hampstead,2022-05-05,Horne,Peter,Local Conservatives,407,False,West Hampstead,Camden,E05013671,E09000007
Camden,West Hampstead,2022-05-05,Pearson,Elizabeth,Liberal Democrat,963,False,West Hampstead,Camden,E05013671,E09000007
Camden,West Hampstead,2022-05-05,Rahman,Nazma,Labour Party,1262,True,West Hampstead,Camden,E05013671,E09000007
Camden,West Hampstead,2022-05-05,Tiwari,Shiva,Labour Party,1202,True,West Hampstead,Camden,E05013671,E09000007
Croydon,Addiscombe East,2022-05-05,BAINS,Jitinder,Local Conservatives,1545,True,Addiscombe East,Croydon,E05011462,E09000008
Croydon,Addiscombe East,2022-05-05,BENNETT,Andrew,Liberal Democrats,434,False,Addiscombe East,Croydon,E05011462,E09000008
Croydon,Addiscombe East,2022-05-05,BOWELL,Thomas,Labour Party,1184,False,Addiscombe East,Croydon,E05011462,E09000008
Croydon,Addiscombe East,2022-05-05,BURMAN-VINCE,Nicholas,Green Party,308,False,Addiscombe East,Croydon,E05011462,E09000008
Croydon,Addiscombe East,2022-05-05,GOLBERG,Bernice,Green Party,425,False,Addiscombe East,Croydon,E05011462,E09000008
Croydon,Addiscombe East,2022-05-05,HENSON,Maddie,Labour Party,1377,True,Addiscombe East,Croydon,E05011462,E09000008
Croydon,Addiscombe East,2022-05-05,HOWARD,Rachel,Liberal Democrats,400,False,Addiscombe East,Croydon,E05011462,E09000008
Croydon,Addiscombe East,2022-05-05,KNIGHT,Kyle,Local Conservatives,1347,False,Addiscombe East,Croydon,E05011462,E09000008
Croydon,Addiscombe West,2022-05-05,Akif,Kerry,Green Party,522,False,Addiscombe West,Croydon,E05011463,E09000008
Croydon,Addiscombe West,2022-05-05,Dexiades,Kostandinos,Local Conservatives,816,False,Addiscombe West,Croydon,E05011463,E09000008
Croydon,Addiscombe West,2022-05-05,Fitzsimons,Sean,Labour and Co-operative Party,1540,True,Addiscombe West,Croydon,E05011463,E09000008
Croydon,Addiscombe West,2022-05-05,Fraser,Clive,Labour and Co-operative Party,1305,True,Addiscombe West,Croydon,E05011463,E09000008
Croydon,Addiscombe West,2022-05-05,Gloyne,Saffron,"Animal Welfare Party - People, Animals, Environment",155,False,Addiscombe West,Croydon,E05011463,E09000008
Croydon,Addiscombe West,2022-05-05,Hague,Joseph,Green Party,397,False,Addiscombe West,Croydon,E05011463,E09000008
Croydon,Addiscombe West,2022-05-05,Hague,Tracey,Green Party,465,False,Addiscombe West,Croydon,E05011463,E09000008
Croydon,Addiscombe West,2022-05-05,Hay-Justice,Patricia,Labour and Co-operative Party,1480,True,Addiscombe West,Croydon,E05011463,E09000008
Croydon,Addiscombe West,2022-05-05,Konecni,Sasa,Liberal Democrats,395,False,Addiscombe West,Croydon,E05011463,E09000008
Croydon,Addiscombe West,2022-05-05,Ladanyi,Peter,Liberal Democrats,416,False,Addiscombe West,Croydon,E05011463,E09000008
Croydon,Addiscombe West,2022-05-05,Norman,Michael,Local Conservatives,913,False,Addiscombe West,Croydon,E05011463,E09000008
Croydon,Addiscombe West,2022-05-05,Thynne,Andrew,Liberal Democrats,331,False,Addiscombe West,Croydon,E05011463,E09000008
Croydon,Addiscombe West,2022-05-05,Zaman,Fatima,Local Conservatives,771,False,Addiscombe West,Croydon,E05011463,E09000008
Croydon,Bensham Manor,2022-05-05,Allman,Renata,Taking the Initiative Party of Britain,257,False,Bensham Manor,Croydon,E05011464,E09000008
Croydon,Bensham Manor,2022-05-05,Birdi,Vinod,Green Party,424,False,Bensham Manor,Croydon,E05011464,E09000008
Croydon,Bensham Manor,2022-05-05,Bright,Joyce,Local Conservatives,599,False,Bensham Manor,Croydon,E05011464,E09000008
Croydon,Bensham Manor,2022-05-05,Collins,Carl,Taking the Initiative Party of Britain,168,False,Bensham Manor,Croydon,E05011464,E09000008
Croydon,Bensham Manor,2022-05-05,Fleming,Clifford,Green Party,372,False,Bensham Manor,Croydon,E05011464,E09000008
Croydon,Bensham Manor,2022-05-05,Kabir,Humayun,Labour and Co-operative Party,1616,True,Bensham Manor,Croydon,E05011464,E09000008
Croydon,Bensham Manor,2022-05-05,Miller,Jayson,Taking the Initiative Party of Britain,167,False,Bensham Manor,Croydon,E05011464,E09000008
Croydon,Bensham Manor,2022-05-05,Mitchell,Graham,Independent,548,False,Bensham Manor,Croydon,E05011464,E09000008
Croydon,Bensham Manor,2022-05-05,Mollyneaux,Enid,Labour and Co-operative Party,1577,True,Bensham Manor,Croydon,E05011464,E09000008
Croydon,Bensham Manor,2022-05-05,Newberry,John,Local Conservatives,519,False,Bensham Manor,Croydon,E05011464,E09000008
Croydon,Bensham Manor,2022-05-05,O`Dame,Eunice,Labour and Co-operative Party,1530,True,Bensham Manor,Croydon,E05011464,E09000008
Croydon,Bensham Manor,2022-05-05,Parashar,Dev,Local Conservatives,458,False,Bensham Manor,Croydon,E05011464,E09000008
Croydon,Bensham Manor,2022-05-05,Raskovic,Alex,Green Party,331,False,Bensham Manor,Croydon,E05011464,E09000008
Croydon,Broad Green,2022-05-05,Anike,Peter,Local Conservatives,769,False,Broad Green,Croydon,E05011465,E09000008
Croydon,Broad Green,2022-05-05,Chowdhury,Sherwan,Labour Party,1764,True,Broad Green,Croydon,E05011465,E09000008
Croydon,Broad Green,2022-05-05,Collins,Stuart,Labour Party,1885,True,Broad Green,Croydon,E05011465,E09000008
Croydon,Broad Green,2022-05-05,Parker,Jane,Local Conservatives,775,False,Broad Green,Croydon,E05011465,E09000008
Croydon,Broad Green,2022-05-05,Phillips,Winston,Green Party,389,False,Broad Green,Croydon,E05011465,E09000008
Croydon,Broad Green,2022-05-05,Rajadurai,James,Local Conservatives,721,False,Broad Green,Croydon,E05011465,E09000008
Croydon,Broad Green,2022-05-05,Shahul-Hameed,Manju,Labour Party,1707,True,Broad Green,Croydon,E05011465,E09000008
Croydon,Broad Green,2022-05-05,Singh,DJ,Green Party,331,False,Broad Green,Croydon,E05011465,E09000008
Croydon,Broad Green,2022-05-05,Theochari,Irene,Green Party,325,False,Broad Green,Croydon,E05011465,E09000008
Croydon,Broad Green,2022-05-05,Waters,Adrian,Liberal Democrats,420,False,Broad Green,Croydon,E05011465,E09000008
Croydon,Coulsdon Town,2022-05-05,Black,Stephen,Labour Party,861,False,Coulsdon Town,Croydon,E05011466,E09000008
Croydon,Coulsdon Town,2022-05-05,Burridge,Ashley,Liberal Democrats,965,False,Coulsdon Town,Croydon,E05011466,E09000008
Croydon,Coulsdon Town,2022-05-05,Conn,Frances,Liberal Democrats,690,False,Coulsdon Town,Croydon,E05011466,E09000008
Croydon,Coulsdon Town,2022-05-05,Creatura,Mario,Local Conservatives,2141,True,Coulsdon Town,Croydon,E05011466,E09000008
Croydon,Coulsdon Town,2022-05-05,Dubash,Yasmin,Labour Party,699,False,Coulsdon Town,Croydon,E05011466,E09000008
Croydon,Coulsdon Town,2022-05-05,Farndon,Clive,Green Party,348,False,Coulsdon Town,Croydon,E05011466,E09000008
Croydon,Coulsdon Town,2022-05-05,Farndon,Lucy,Green Party,517,False,Coulsdon Town,Croydon,E05011466,E09000008
Croydon,Coulsdon Town,2022-05-05,Ginn,Jay,Green Party,300,False,Coulsdon Town,Croydon,E05011466,E09000008
Croydon,Coulsdon Town,2022-05-05,Parker,Ian,Local Conservatives,2215,True,Coulsdon Town,Croydon,E05011466,E09000008
Croydon,Coulsdon Town,2022-05-05,Shortland,Luke,Local Conservatives,2013,True,Coulsdon Town,Croydon,E05011466,E09000008
Croydon,Coulsdon Town,2022-05-05,Sparkes,Andy,Liberal Democrats,890,False,Coulsdon Town,Croydon,E05011466,E09000008
Croydon,Coulsdon Town,2022-05-05,Yusoof,Femi,Labour Party,657,False,Coulsdon Town,Croydon,E05011466,E09000008
Croydon,Crystal Palace and Upper Norwood,2022-05-05,Bonham,Claire,Liberal Democrats,1641,True,Crystal Palace & Upper Norwood,Croydon,E05011467,E09000008
Croydon,Crystal Palace and Upper Norwood,2022-05-05,Boyle,Marcus d`Arcy Conall,Green Party,660,False,Crystal Palace & Upper Norwood,Croydon,E05011467,E09000008
Croydon,Crystal Palace and Upper Norwood,2022-05-05,Chance,Rachel,Green Party,946,False,Crystal Palace & Upper Norwood,Croydon,E05011467,E09000008
Croydon,Crystal Palace and Upper Norwood,2022-05-05,Chance,Tom,Green Party,698,False,Crystal Palace & Upper Norwood,Croydon,E05011467,E09000008
Croydon,Crystal Palace and Upper Norwood,2022-05-05,Charles - Lambert,Don,Local Conservatives,633,False,Crystal Palace & Upper Norwood,Croydon,E05011467,E09000008
Croydon,Crystal Palace and Upper Norwood,2022-05-05,Cummings,Patsy,Labour Party,1753,True,Crystal Palace & Upper Norwood,Croydon,E05011467,E09000008
Croydon,Crystal Palace and Upper Norwood,2022-05-05,Degrads,Nina,Labour Party,1671,True,Crystal Palace & Upper Norwood,Croydon,E05011467,E09000008
Croydon,Crystal Palace and Upper Norwood,2022-05-05,Patient,Gemma,Local Conservatives,605,False,Crystal Palace & Upper Norwood,Croydon,E05011467,E09000008
Croydon,Crystal Palace and Upper Norwood,2022-05-05,Penketh,Steven,Liberal Democrats,1259,False,Crystal Palace & Upper Norwood,Croydon,E05011467,E09000008
Croydon,Crystal Palace and Upper Norwood,2022-05-05,Petre,Costel,Liberal Democrats,1115,False,Crystal Palace & Upper Norwood,Croydon,E05011467,E09000008
Croydon,Crystal Palace and Upper Norwood,2022-05-05,Spooner,Christine,Labour Party,1531,False,Crystal Palace & Upper Norwood,Croydon,E05011467,E09000008
Croydon,Crystal Palace and Upper Norwood,2022-05-05,Wilkinson,Janet,Local Conservatives,616,False,Crystal Palace & Upper Norwood,Croydon,E05011467,E09000008
Croydon,Fairfield,2022-05-05,Clark,Christopher,Labour Party,920,True,Fairfield,Croydon,E05011468,E09000008
Croydon,Fairfield,2022-05-05,Denton,Danielle,Local Conservatives,523,False,Fairfield,Croydon,E05011468,E09000008
Croydon,Fairfield,2022-05-05,Dormer,Matthew,Local Conservatives,489,False,Fairfield,Croydon,E05011468,E09000008
Croydon,Fairfield,2022-05-05,Hunter,Michael,Liberal Democrats,320,False,Fairfield,Croydon,E05011468,E09000008
Croydon,Fairfield,2022-05-05,Jacobs,Steven,Local Conservatives,450,False,Fairfield,Croydon,E05011468,E09000008
Croydon,Fairfield,2022-05-05,Joseph,Jose,Labour Party,882,False,Fairfield,Croydon,E05011468,E09000008
Croydon,Fairfield,2022-05-05,Mohiuddin,Syed,Liberal Democrats,212,False,Fairfield,Croydon,E05011468,E09000008
Croydon,Fairfield,2022-05-05,Patel,Ria,Green Party,925,True,Fairfield,Croydon,E05011468,E09000008
Croydon,Fairfield,2022-05-05,Setchfield,Julie,Labour Party,852,False,Fairfield,Croydon,E05011468,E09000008
Croydon,Fairfield,2022-05-05,Sutton,Esther,Green Party,914,True,Fairfield,Croydon,E05011468,E09000008
Croydon,Fairfield,2022-05-05,Underwood,Peter,Green Party,888,False,Fairfield,Croydon,E05011468,E09000008
Croydon,Kenley,2022-05-05,Anteney,Michael,Labour Party,376,False,Kenley,Croydon,E05011469,E09000008
Croydon,Kenley,2022-05-05,Atkinson,Kristian,Green Party,262,False,Kenley,Croydon,E05011469,E09000008
Croydon,Kenley,2022-05-05,Gander,Gayle,Local Conservatives,1720,True,Kenley,Croydon,E05011469,E09000008
Croydon,Kenley,2022-05-05,Glendinning,Adrian,Liberal Democrats,517,False,Kenley,Croydon,E05011469,E09000008
Croydon,Kenley,2022-05-05,Halai,Shila,Labour Party,340,False,Kenley,Croydon,E05011469,E09000008
Croydon,Kenley,2022-05-05,Horne,Benjamin,Liberal Democrats,502,False,Kenley,Croydon,E05011469,E09000008
Croydon,Kenley,2022-05-05,Kolade,Ola,Local Conservatives,1712,True,Kenley,Croydon,E05011469,E09000008
Croydon,Kenley,2022-05-05,Morris,Catherine,Green Party,346,False,Kenley,Croydon,E05011469,E09000008
Croydon,New Addington North,2022-05-05,Agboola,Kolapo,Labour Party,832,True,New Addington North,Croydon,E05011470,E09000008
Croydon,New Addington North,2022-05-05,Benson,Adele,Local Conservatives,711,True,New Addington North,Croydon,E05011470,E09000008
Croydon,New Addington North,2022-05-05,Castle,Michael,Local Conservatives,679,False,New Addington North,Croydon,E05011470,E09000008
Croydon,New Addington North,2022-05-05,Gillett,Alison,Green Party,172,False,New Addington North,Croydon,E05011470,E09000008
Croydon,New Addington North,2022-05-05,Gobidaas,Sangeeta,Labour Party,653,False,New Addington North,Croydon,E05011470,E09000008
Croydon,New Addington North,2022-05-05,Jones,Graham,Green Party,146,False,New Addington North,Croydon,E05011470,E09000008
Croydon,New Addington South,2022-05-05,Barnett,Nick,Green Party,195,False,New Addington South,Croydon,E05011471,E09000008
Croydon,New Addington South,2022-05-05,Fish,Lara,Local Conservatives,905,True,New Addington South,Croydon,E05011471,E09000008
Croydon,New Addington South,2022-05-05,George,Hannah,Green Party,188,False,New Addington South,Croydon,E05011471,E09000008
Croydon,New Addington South,2022-05-05,Newton,Vicky,Labour Party,840,False,New Addington South,Croydon,E05011471,E09000008
Croydon,New Addington South,2022-05-05,Pearson,Tony,Local Conservatives,953,True,New Addington South,Croydon,E05011471,E09000008
Croydon,New Addington South,2022-05-05,Taylor,Benjamin,Labour Party,647,False,New Addington South,Croydon,E05011471,E09000008
Croydon,Norbury and Pollards Hill,2022-05-05,Adams,Christopher,Liberal Democrats,315,False,Norbury & Pollards Hill,Croydon,E05011472,E09000008
Croydon,Norbury and Pollards Hill,2022-05-05,Akhtar,Ghazala,Taking the Initiative Party of Britain,101,False,Norbury & Pollards Hill,Croydon,E05011472,E09000008
Croydon,Norbury and Pollards Hill,2022-05-05,Amor,Larissa L,Green Party,250,False,Norbury & Pollards Hill,Croydon,E05011472,E09000008
Croydon,Norbury and Pollards Hill,2022-05-05,Ben-Hassel,Leila,Labour and Co-operative Party,1276,True,Norbury & Pollards Hill,Croydon,E05011472,E09000008
Croydon,Norbury and Pollards Hill,2022-05-05,Chalmers,Mark,Liberal Democrats,188,False,Norbury & Pollards Hill,Croydon,E05011472,E09000008
Croydon,Norbury and Pollards Hill,2022-05-05,Griffiths,Matthew,Labour and Co-operative Party,1152,True,Norbury & Pollards Hill,Croydon,E05011472,E09000008
Croydon,Norbury and Pollards Hill,2022-05-05,Gunter,Tirena,Local Conservatives,622,False,Norbury & Pollards Hill,Croydon,E05011472,E09000008
Croydon,Norbury and Pollards Hill,2022-05-05,Manser,Laura,Taking the Initiative Party of Britain,97,False,Norbury & Pollards Hill,Croydon,E05011472,E09000008
Croydon,Norbury and Pollards Hill,2022-05-05,Mogul,Mike,Local Conservatives,495,False,Norbury & Pollards Hill,Croydon,E05011472,E09000008
Croydon,Norbury and Pollards Hill,2022-05-05,Zimmerman,Cheryl,Green Party,252,False,Norbury & Pollards Hill,Croydon,E05011472,E09000008
Croydon,Norbury Park,2022-05-05,Bluck,Kirsty,Green Party,315,False,Norbury Park,Croydon,E05011473,E09000008
Croydon,Norbury Park,2022-05-05,Collins,Alan,Taking the Initiative Party of Britain,86,False,Norbury Park,Croydon,E05011473,E09000008
Croydon,Norbury Park,2022-05-05,Flemming,Alisa,Labour and Co-operative Party,1174,True,Norbury Park,Croydon,E05011473,E09000008
Croydon,Norbury Park,2022-05-05,Frimpong,Kofi,Local Conservatives,709,False,Norbury Park,Croydon,E05011473,E09000008
Croydon,Norbury Park,2022-05-05,Lewis,Claudine,Taking the Initiative Party of Britain,76,False,Norbury Park,Croydon,E05011473,E09000008
Croydon,Norbury Park,2022-05-05,O`Donnell,Blake,Local Conservatives,776,False,Norbury Park,Croydon,E05011473,E09000008
Croydon,Norbury Park,2022-05-05,O`Donovan,Daniel,Liberal Democrats,256,False,Norbury Park,Croydon,E05011473,E09000008
Croydon,Norbury Park,2022-05-05,Sullivan,Mick,Green Party,197,False,Norbury Park,Croydon,E05011473,E09000008
Croydon,Norbury Park,2022-05-05,Srinivasan,Appu,Labour and Co-operative Party,1164,True,Norbury Park,Croydon,E05011473,E09000008
Croydon,Norbury Park,2022-05-05,Woodman,James,Liberal Democrats,189,False,Norbury Park,Croydon,E05011473,E09000008
Croydon,Old Coulsdon,2022-05-05,Bird,Margaret,Local Conservatives,1999,True,Old Coulsdon,Croydon,E05011474,E09000008
Croydon,Old Coulsdon,2022-05-05,Hickson,Gill,Liberal Democrats,1376,False,Old Coulsdon,Croydon,E05011474,E09000008
Croydon,Old Coulsdon,2022-05-05,Jefkins,John,Liberal Democrats,932,False,Old Coulsdon,Croydon,E05011474,E09000008
Croydon,Old Coulsdon,2022-05-05,Kilkelly,Mick,Green Party,209,False,Old Coulsdon,Croydon,E05011474,E09000008
Croydon,Old Coulsdon,2022-05-05,O`Dwyer,Jason,Labour Party,208,False,Old Coulsdon,Croydon,E05011474,E09000008
Croydon,Old Coulsdon,2022-05-05,Sherine Thampi,Nikhil,Local Conservatives,1555,True,Old Coulsdon,Croydon,E05011474,E09000008
Croydon,Old Coulsdon,2022-05-05,Wolf,Mary,Labour Party,194,False,Old Coulsdon,Croydon,E05011474,E09000008
Croydon,Park Hill and Whitgift,2022-05-05,Appleton,Jade,Local Conservatives,969,True,Park Hill & Whitgift,Croydon,E05011475,E09000008
Croydon,Park Hill and Whitgift,2022-05-05,Cork,James,Green Party,191,False,Park Hill & Whitgift,Croydon,E05011475,E09000008
Croydon,Park Hill and Whitgift,2022-05-05,Erber,Joseph,Labour Party,424,False,Park Hill & Whitgift,Croydon,E05011475,E09000008
Croydon,Park Hill and Whitgift,2022-05-05,Wagner Caleap,Rico,Taking the Initiative Party of Britain,54,False,Park Hill & Whitgift,Croydon,E05011475,E09000008
Croydon,Park Hill and Whitgift,2022-05-05,Zaborski,Szymon,Liberal Democrats,167,False,Park Hill & Whitgift,Croydon,E05011475,E09000008
Croydon,Purley and Woodcote,2022-05-05,Arneill,James,Liberal Democrats,859,False,Purley & Woodcote,Croydon,E05011476,E09000008
Croydon,Purley and Woodcote,2022-05-05,Brady,Stuart,Labour Party,688,False,Purley & Woodcote,Croydon,E05011476,E09000008
Croydon,Purley and Woodcote,2022-05-05,Brew,Simon,Local Conservatives,2699,True,Purley & Woodcote,Croydon,E05011476,E09000008
Croydon,Purley and Woodcote,2022-05-05,Burchett,Guy,Liberal Democrats,609,False,Purley & Woodcote,Croydon,E05011476,E09000008
Croydon,Purley and Woodcote,2022-05-05,Chinn,Rebecca,Labour Party,698,False,Purley & Woodcote,Croydon,E05011476,E09000008
Croydon,Purley and Woodcote,2022-05-05,Dwesar,Samir,Local Conservatives,2389,True,Purley & Woodcote,Croydon,E05011476,E09000008
Croydon,Purley and Woodcote,2022-05-05,Green,Oli,Green Party,628,False,Purley & Woodcote,Croydon,E05011476,E09000008
Croydon,Purley and Woodcote,2022-05-05,Hargrave,Simon,Green Party,514,False,Purley & Woodcote,Croydon,E05011476,E09000008
Croydon,Purley and Woodcote,2022-05-05,Justice,Mark,Labour Party,596,False,Purley & Woodcote,Croydon,E05011476,E09000008
Croydon,Purley and Woodcote,2022-05-05,Mills,Anthony,Green Party,454,False,Purley & Woodcote,Croydon,E05011476,E09000008
Croydon,Purley and Woodcote,2022-05-05,Ramsey,Holly,Local Conservatives,2666,True,Purley & Woodcote,Croydon,E05011476,E09000008
Croydon,Purley Oaks and Riddlesdown,2022-05-05,Barber,Robert,Labour Party,475,False,Purley Oaks & Riddlesdown,Croydon,E05011477,E09000008
Croydon,Purley Oaks and Riddlesdown,2022-05-05,Desorgher,Simon,Green Party,325,False,Purley Oaks & Riddlesdown,Croydon,E05011477,E09000008
Croydon,Purley Oaks and Riddlesdown,2022-05-05,Dhamodaran,Karthika,Labour Party,443,False,Purley Oaks & Riddlesdown,Croydon,E05011477,E09000008
Croydon,Purley Oaks and Riddlesdown,2022-05-05,Harrison,James,Green Party,389,False,Purley Oaks & Riddlesdown,Croydon,E05011477,E09000008
Croydon,Purley Oaks and Riddlesdown,2022-05-05,Howard,Anne,Liberal Democrats,556,False,Purley Oaks & Riddlesdown,Croydon,E05011477,E09000008
Croydon,Purley Oaks and Riddlesdown,2022-05-05,Jordan,Chris,Liberal Democrats,509,False,Purley Oaks & Riddlesdown,Croydon,E05011477,E09000008
Croydon,Purley Oaks and Riddlesdown,2022-05-05,Llabuti,Endri,Local Conservatives,1438,True,Purley Oaks & Riddlesdown,Croydon,E05011477,E09000008
Croydon,Purley Oaks and Riddlesdown,2022-05-05,Stewart,Alasdair,Local Conservatives,1635,True,Purley Oaks & Riddlesdown,Croydon,E05011477,E09000008
Croydon,Sanderstead,2022-05-05,Buckland,Helen,Green Party,591,False,Sanderstead,Croydon,E05011478,E09000008
Croydon,Sanderstead,2022-05-05,Clark,James,Liberal Democrats,718,False,Sanderstead,Croydon,E05011478,E09000008
Croydon,Sanderstead,2022-05-05,Doughty,Laura,Labour Party,658,False,Sanderstead,Croydon,E05011478,E09000008
Croydon,Sanderstead,2022-05-05,Duxbury,Oliver,Green Party,407,False,Sanderstead,Croydon,E05011478,E09000008
Croydon,Sanderstead,2022-05-05,Hale,Lynne,Local Conservatives,3806,True,Sanderstead,Croydon,E05011478,E09000008
Croydon,Sanderstead,2022-05-05,Hopley,Yvette,Local Conservatives,3826,True,Sanderstead,Croydon,E05011478,E09000008
Croydon,Sanderstead,2022-05-05,Jordan,Annie,Liberal Democrats,705,False,Sanderstead,Croydon,E05011478,E09000008
Croydon,Sanderstead,2022-05-05,Malarkey,Alan,Labour Party,572,False,Sanderstead,Croydon,E05011478,E09000008
Croydon,Sanderstead,2022-05-05,Muir,Connie,Green Party,465,False,Sanderstead,Croydon,E05011478,E09000008
Croydon,Sanderstead,2022-05-05,Redfern,Helen,Local Conservatives,3596,True,Sanderstead,Croydon,E05011478,E09000008
Croydon,Sanderstead,2022-05-05,Rodgers,Tim,Labour Party,549,False,Sanderstead,Croydon,E05011478,E09000008
Croydon,Sanderstead,2022-05-05,Wells,Edward,Liberal Democrats,510,False,Sanderstead,Croydon,E05011478,E09000008
Croydon,Selhurst,2022-05-05,Bowen,Shakera,Local Conservatives,333,False,Selhurst,Croydon,E05011479,E09000008
Croydon,Selhurst,2022-05-05,Cox,Alexander,Green Party,254,False,Selhurst,Croydon,E05011479,E09000008
Croydon,Selhurst,2022-05-05,Dill,Francesca,Taking the Initiative Party of Britain,164,False,Selhurst,Croydon,E05011479,E09000008
Croydon,Selhurst,2022-05-05,Emmanuel,Amaya,Taking the Initiative Party of Britain,178,False,Selhurst,Croydon,E05011479,E09000008
Croydon,Selhurst,2022-05-05,Graham,Catherine,Green Party,291,False,Selhurst,Croydon,E05011479,E09000008
Croydon,Selhurst,2022-05-05,Houghton,Daniel,Liberal Democrats,252,False,Selhurst,Croydon,E05011479,E09000008
Croydon,Selhurst,2022-05-05,Islam,Mohammed,Labour Party,997,True,Selhurst,Croydon,E05011479,E09000008
Croydon,Selhurst,2022-05-05,Stuart,Ian,Local Conservatives,341,False,Selhurst,Croydon,E05011479,E09000008
Croydon,Selhurst,2022-05-05,Wilson,Catherine,Labour Party,1026,True,Selhurst,Croydon,E05011479,E09000008
Croydon,Selsdon and Addington Village,2022-05-05,Bullock,Bryony,Green Party,360,False,Selsdon & Addington Village,Croydon,E05011480,E09000008
Croydon,Selsdon and Addington Village,2022-05-05,Bullock,Matt,Green Party,263,False,Selsdon & Addington Village,Croydon,E05011480,E09000008
Croydon,Selsdon and Addington Village,2022-05-05,Collins,Angela,Labour Party,649,False,Selsdon & Addington Village,Croydon,E05011480,E09000008
Croydon,Selsdon and Addington Village,2022-05-05,Ellis,Anthony,Labour Party,480,False,Selsdon & Addington Village,Croydon,E05011480,E09000008
Croydon,Selsdon and Addington Village,2022-05-05,Lee,Joseph,Local Conservatives,1771,True,Selsdon & Addington Village,Croydon,E05011480,E09000008
Croydon,Selsdon and Addington Village,2022-05-05,Lishmund,Helen,Liberal Democrats,513,False,Selsdon & Addington Village,Croydon,E05011480,E09000008
Croydon,Selsdon and Addington Village,2022-05-05,Semadeni,Jean,Liberal Democrats,254,False,Selsdon & Addington Village,Croydon,E05011480,E09000008
Croydon,Selsdon and Addington Village,2022-05-05,Stiling,Zachary,Heritage Party,45,False,Selsdon & Addington Village,Croydon,E05011480,E09000008
Croydon,Selsdon and Addington Village,2022-05-05,Ward,Robert,Local Conservatives,1695,True,Selsdon & Addington Village,Croydon,E05011480,E09000008
Croydon,Selsdon Vale and Forestdale,2022-05-05,Douglas,Adrian,Green Party,469,False,Selsdon Vale & Forestdale,Croydon,E05011481,E09000008
Croydon,Selsdon Vale and Forestdale,2022-05-05,Hossain,Anwar,Labour Party,446,False,Selsdon Vale & Forestdale,Croydon,E05011481,E09000008
Croydon,Selsdon Vale and Forestdale,2022-05-05,Kelly,Gary,Green Party,425,False,Selsdon Vale & Forestdale,Croydon,E05011481,E09000008
Croydon,Selsdon Vale and Forestdale,2022-05-05,Quadir,Badsha,Local Conservatives,1502,True,Selsdon Vale & Forestdale,Croydon,E05011481,E09000008
Croydon,Selsdon Vale and Forestdale,2022-05-05,Stranack,Andy,Local Conservatives,1964,True,Selsdon Vale & Forestdale,Croydon,E05011481,E09000008
Croydon,Selsdon Vale and Forestdale,2022-05-05,Whitehead,Russell,Labour Party,480,False,Selsdon Vale & Forestdale,Croydon,E05011481,E09000008
Croydon,Shirley North,2022-05-05,Bennett,Sue,Local Conservatives,2069,True,Shirley North,Croydon,E05011482,E09000008
Croydon,Shirley North,2022-05-05,Chatterjee,Richard,Local Conservatives,1911,True,Shirley North,Croydon,E05011482,E09000008
Croydon,Shirley North,2022-05-05,Elliott-Coleman,Joseph,Green Party,403,False,Shirley North,Croydon,E05011482,E09000008
Croydon,Shirley North,2022-05-05,Harrison,Sarah,Liberal Democrats,616,False,Shirley North,Croydon,E05011482,E09000008
Croydon,Shirley North,2022-05-05,Henson,Mark,Labour Party,1165,False,Shirley North,Croydon,E05011482,E09000008
Croydon,Shirley North,2022-05-05,Hymabaccus,Kaashif,Liberal Democrats,315,False,Shirley North,Croydon,E05011482,E09000008
Croydon,Shirley North,2022-05-05,Johnson,Mark,Local Conservatives,1810,True,Shirley North,Croydon,E05011482,E09000008
Croydon,Shirley North,2022-05-05,O’Neill,Nuala,Labour Party,1027,False,Shirley North,Croydon,E05011482,E09000008
Croydon,Shirley North,2022-05-05,Osland,Caroline,Green Party,422,False,Shirley North,Croydon,E05011482,E09000008
Croydon,Shirley North,2022-05-05,Sciberras,Christopher,Green Party,274,False,Shirley North,Croydon,E05011482,E09000008
Croydon,Shirley North,2022-05-05,Sereda,Lawrence,Liberal Democrats,401,False,Shirley North,Croydon,E05011482,E09000008
Croydon,Shirley North,2022-05-05,Spalding,Peter,Labour Party,931,False,Shirley North,Croydon,E05011482,E09000008
Croydon,Shirley South,2022-05-05,Bebington,Andy,Green Party,480,False,Shirley South,Croydon,E05011483,E09000008
Croydon,Shirley South,2022-05-05,Bebington,Liz,Green Party,445,False,Shirley South,Croydon,E05011483,E09000008
Croydon,Shirley South,2022-05-05,Chowdhury,Safwan,Labour Party,682,False,Shirley South,Croydon,E05011483,E09000008
Croydon,Shirley South,2022-05-05,Conway,Maggie,Labour Party,806,False,Shirley South,Croydon,E05011483,E09000008
Croydon,Shirley South,2022-05-05,Cummings,Jason,Local Conservatives,1520,True,Shirley South,Croydon,E05011483,E09000008
Croydon,Shirley South,2022-05-05,Palmieri,Giacinto,Liberal Democrats,246,False,Shirley South,Croydon,E05011483,E09000008
Croydon,Shirley South,2022-05-05,Roche,Scott,Local Conservatives,1374,True,Shirley South,Croydon,E05011483,E09000008
Croydon,Shirley South,2022-05-05,Ruse,Anna,Liberal Democrats,296,False,Shirley South,Croydon,E05011483,E09000008
Croydon,South Croydon,2022-05-05,Andrew,Joshua,Labour Party,1359,False,South Croydon,Croydon,E05011484,E09000008
Croydon,South Croydon,2022-05-05,Bishopp,Michael,Liberal Democrats,659,False,South Croydon,Croydon,E05011484,E09000008
Croydon,South Croydon,2022-05-05,Drake,Martin,Liberal Democrats,668,False,South Croydon,Croydon,E05011484,E09000008
Croydon,South Croydon,2022-05-05,Galloway,Bridget,Labour Party,1378,False,South Croydon,Croydon,E05011484,E09000008
Croydon,South Croydon,2022-05-05,Garner,Kathleen,UK Independence Party (UKIP),117,False,South Croydon,Croydon,E05011484,E09000008
Croydon,South Croydon,2022-05-05,Gatland,Maria,Local Conservatives,1898,True,South Croydon,Croydon,E05011484,E09000008
Croydon,South Croydon,2022-05-05,Hafeez,Tariq,Labour Party,1196,False,South Croydon,Croydon,E05011484,E09000008
Croydon,South Croydon,2022-05-05,Harris,Steve,Green Party,682,False,South Croydon,Croydon,E05011484,E09000008
Croydon,South Croydon,2022-05-05,Miller,Keith,Liberal Democrats,529,False,South Croydon,Croydon,E05011484,E09000008
Croydon,South Croydon,2022-05-05,Neal,Michael,Local Conservatives,1688,True,South Croydon,Croydon,E05011484,E09000008
Croydon,South Croydon,2022-05-05,Patel,Nayan,Green Party,605,False,South Croydon,Croydon,E05011484,E09000008
Croydon,South Croydon,2022-05-05,Perry,Jason,Local Conservatives,1872,True,South Croydon,Croydon,E05011484,E09000008
Croydon,South Croydon,2022-05-05,Richards,Marc,Green Party,508,False,South Croydon,Croydon,E05011484,E09000008
Croydon,South Norwood,2022-05-05,Bonham,Luke,Liberal Democrats,431,False,South Norwood,Croydon,E05011485,E09000008
Croydon,South Norwood,2022-05-05,Carserides,Louis,Labour Party,1705,True,South Norwood,Croydon,E05011485,E09000008
Croydon,South Norwood,2022-05-05,Coombe,Timothy,Green Party,499,False,South Norwood,Croydon,E05011485,E09000008
Croydon,South Norwood,2022-05-05,Fearon,Spencer,Taking the Initiative Party of Britain,464,False,South Norwood,Croydon,E05011485,E09000008
Croydon,South Norwood,2022-05-05,Herman,Christopher,Labour Party,1361,True,South Norwood,Croydon,E05011485,E09000008
Croydon,South Norwood,2022-05-05,Kaler,Angela,Taking the Initiative Party of Britain,533,False,South Norwood,Croydon,E05011485,E09000008
Croydon,South Norwood,2022-05-05,King,Marley,Green Party,470,False,South Norwood,Croydon,E05011485,E09000008
Croydon,South Norwood,2022-05-05,Nabukeera,Stella,Labour Party,1467,True,South Norwood,Croydon,E05011485,E09000008
Croydon,South Norwood,2022-05-05,O`Flynn,Matthew,Local Conservatives,536,False,South Norwood,Croydon,E05011485,E09000008
Croydon,South Norwood,2022-05-05,Post,Martyn,Green Party,361,False,South Norwood,Croydon,E05011485,E09000008
Croydon,South Norwood,2022-05-05,Sambre,Meenal,Local Conservatives,429,False,South Norwood,Croydon,E05011485,E09000008
Croydon,South Norwood,2022-05-05,Solomon,Samia,Taking the Initiative Party of Britain,409,False,South Norwood,Croydon,E05011485,E09000008
Croydon,South Norwood,2022-05-05,Tanna,Sunny,Local Conservatives,462,False,South Norwood,Croydon,E05011485,E09000008
Croydon,South Norwood,2022-05-05,Tremellen,Douglas,Liberal Democrats,239,False,South Norwood,Croydon,E05011485,E09000008
Croydon,South Norwood,2022-05-05,Watson,Susan,Liberal Democrats,324,False,South Norwood,Croydon,E05011485,E09000008
Croydon,Thornton Heath,2022-05-05,Bamgbopa,Folarin,Local Conservatives,553,False,Thornton Heath,Croydon,E05011486,E09000008
Croydon,Thornton Heath,2022-05-05,Barrett,Andrew,Liberal Democrats,546,False,Thornton Heath,Croydon,E05011486,E09000008
Croydon,Thornton Heath,2022-05-05,Bradler,Ian Peter,Green Party,496,False,Thornton Heath,Croydon,E05011486,E09000008
Croydon,Thornton Heath,2022-05-05,Harris,Richard,Local Conservatives,681,False,Thornton Heath,Croydon,E05011486,E09000008
Croydon,Thornton Heath,2022-05-05,Hewlett,Angus,Green Party,400,False,Thornton Heath,Croydon,E05011486,E09000008
Croydon,Thornton Heath,2022-05-05,Hoffman,Marian,Green Party,549,False,Thornton Heath,Croydon,E05011486,E09000008
Croydon,Thornton Heath,2022-05-05,Jewitt,Karen,Labour Party,2021,True,Thornton Heath,Croydon,E05011486,E09000008
Croydon,Thornton Heath,2022-05-05,Lamaallam,Hanan,Taking the Initiative Party of Britain,180,False,Thornton Heath,Croydon,E05011486,E09000008
Croydon,Thornton Heath,2022-05-05,Marquis,Jillette,Taking the Initiative Party of Britain,183,False,Thornton Heath,Croydon,E05011486,E09000008
Croydon,Thornton Heath,2022-05-05,McLean,Jason,Taking the Initiative Party of Britain,122,False,Thornton Heath,Croydon,E05011486,E09000008
Croydon,Thornton Heath,2022-05-05,Nwafor,Tamar,Labour Party,1789,True,Thornton Heath,Croydon,E05011486,E09000008
Croydon,Thornton Heath,2022-05-05,Perry,Andrea,Independent,592,False,Thornton Heath,Croydon,E05011486,E09000008
Croydon,Thornton Heath,2022-05-05,Tipton,John,Local Conservatives,600,False,Thornton Heath,Croydon,E05011486,E09000008
Croydon,Thornton Heath,2022-05-05,Young,Callton,Labour Party,1539,True,Thornton Heath,Croydon,E05011486,E09000008
Croydon,Waddon,2022-05-05,Davis,Rowenna,Labour Party,1620,True,Waddon,Croydon,E05011487,E09000008
Croydon,Waddon,2022-05-05,Ekekhomen,Donald,Local Conservatives,1238,False,Waddon,Croydon,E05011487,E09000008
Croydon,Waddon,2022-05-05,Fox,Simon Joseph,Local Conservatives,1406,True,Waddon,Croydon,E05011487,E09000008
Croydon,Waddon,2022-05-05,Jeganmogan,Sharmmi,Local Conservatives,1174,False,Waddon,Croydon,E05011487,E09000008
Croydon,Waddon,2022-05-05,Jones,Simon Christopher Richard,Green Party,497,False,Waddon,Croydon,E05011487,E09000008
Croydon,Waddon,2022-05-05,Loucas,Imogen,Green Party,487,False,Waddon,Croydon,E05011487,E09000008
Croydon,Waddon,2022-05-05,Osman,Yusuf Ali,Liberal Democrats,377,False,Waddon,Croydon,E05011487,E09000008
Croydon,Waddon,2022-05-05,Pelling,Andrew John,Independent,705,False,Waddon,Croydon,E05011487,E09000008
Croydon,Waddon,2022-05-05,Ponnuthurai,Ellily,Labour Party,1397,True,Waddon,Croydon,E05011487,E09000008
Croydon,Waddon,2022-05-05,Rich,Jessica Naomi Patsy,Labour Party,1394,False,Waddon,Croydon,E05011487,E09000008
Croydon,Waddon,2022-05-05,Sibtain,Mary Jean,Green Party,414,False,Waddon,Croydon,E05011487,E09000008
Croydon,Waddon,2022-05-05,Viggiani,Josh,Liberal Democrats,363,False,Waddon,Croydon,E05011487,E09000008
Croydon,West Thornton,2022-05-05,Andoh,Ben,Taking the Initiative Party of Britain,218,False,West Thornton,Croydon,E05011488,E09000008
Croydon,West Thornton,2022-05-05,Buttigieg,Barry Philip,Green Party,418,False,West Thornton,Croydon,E05011488,E09000008
Croydon,West Thornton,2022-05-05,Campbell,Janet Georgia,Labour Party,1896,True,West Thornton,Croydon,E05011488,E09000008
Croydon,West Thornton,2022-05-05,King,Stuart Thomas,Labour Party,1755,True,West Thornton,Croydon,E05011488,E09000008
Croydon,West Thornton,2022-05-05,Lott,Tom,Local Conservatives,803,False,West Thornton,Croydon,E05011488,E09000008
Croydon,West Thornton,2022-05-05,Mott,Rosalyn Elisabeth Wyatt,Green Party,407,False,West Thornton,Croydon,E05011488,E09000008
Croydon,West Thornton,2022-05-05,Ratnaraja,Patrick Rohan,Local Conservatives,818,False,West Thornton,Croydon,E05011488,E09000008
Croydon,West Thornton,2022-05-05,Reshekaron,Chrishni,Labour Party,1684,True,West Thornton,Croydon,E05011488,E09000008
Croydon,West Thornton,2022-05-05,Talukdar,Abdul Matin,Local Conservatives,595,False,West Thornton,Croydon,E05011488,E09000008
Croydon,Woodside,2022-05-05,Adeoye,Titilope,Local Conservatives,741,False,Woodside,Croydon,E05011489,E09000008
Croydon,Woodside,2022-05-05,Bonello,Michael,Labour Party,2098,True,Woodside,Croydon,E05011489,E09000008
Croydon,Woodside,2022-05-05,Ellis,Pravina,Green Party,548,False,Woodside,Croydon,E05011489,E09000008
Croydon,Woodside,2022-05-05,Emanuel,Mark,Taking the Initiative Party of Britain,246,False,Woodside,Croydon,E05011489,E09000008
Croydon,Woodside,2022-05-05,Fearon,Frances,Green Party,489,False,Woodside,Croydon,E05011489,E09000008
Croydon,Woodside,2022-05-05,Foster,Amy,Labour Party,1938,True,Woodside,Croydon,E05011489,E09000008
Croydon,Woodside,2022-05-05,Garrod,Elaine,Green Party,492,False,Woodside,Croydon,E05011489,E09000008
Croydon,Woodside,2022-05-05,Gibbs,Khaetthaleeya,Taking the Initiative Party of Britain,259,False,Woodside,Croydon,E05011489,E09000008
Croydon,Woodside,2022-05-05,Graham,Brigitte,Labour Party,1763,True,Woodside,Croydon,E05011489,E09000008
Croydon,Woodside,2022-05-05,Howard-Jones,Tomas,Liberal Democrats,402,False,Woodside,Croydon,E05011489,E09000008
Croydon,Woodside,2022-05-05,Metin,Seugul,Taking the Initiative Party of Britain,159,False,Woodside,Croydon,E05011489,E09000008
Croydon,Woodside,2022-05-05,Natrajan,Rebecca,Local Conservatives,678,False,Woodside,Croydon,E05011489,E09000008
Croydon,Woodside,2022-05-05,Rendle,Andrew,Liberal Democrats,391,False,Woodside,Croydon,E05011489,E09000008
Croydon,Woodside,2022-05-05,Waterhouse,Hilary,Liberal Democrats,463,False,Woodside,Croydon,E05011489,E09000008
Croydon,Woodside,2022-05-05,Wright,Desmond,Local Conservatives,675,False,Woodside,Croydon,E05011489,E09000008
Ealing,Central Greenford,2022-05-05,Abrahams,Alexander Thomas,Liberal Democrat,356,False,Central Greenford,Ealing,E05013518,E09000009
Ealing,Central Greenford,2022-05-05,Ahmed,Shahbaz,Labour Party,1798,True,Central Greenford,Ealing,E05013518,E09000009
Ealing,Central Greenford,2022-05-05,England,Anakin Tiger,Local Conservatives,934,False,Central Greenford,Ealing,E05013518,E09000009
Ealing,Central Greenford,2022-05-05,Goldstone,Ben,Trade Unionist and Socialist Coalition,115,False,Central Greenford,Ealing,E05013518,E09000009
Ealing,Central Greenford,2022-05-05,Hurst,Leslie Ronald,Liberal Democrat,337,False,Central Greenford,Ealing,E05013518,E09000009
Ealing,Central Greenford,2022-05-05,Kohli,Sanjai Kumar,Labour Party,1806,True,Central Greenford,Ealing,E05013518,E09000009
Ealing,Central Greenford,2022-05-05,Maroun,Miled,Local Conservatives,1047,False,Central Greenford,Ealing,E05013518,E09000009
Ealing,Central Greenford,2022-05-05,Mitchell,John William,Liberal Democrat,339,False,Central Greenford,Ealing,E05013518,E09000009
Ealing,Central Greenford,2022-05-05,Ojo,Olumide,Local Conservatives,876,False,Central Greenford,Ealing,E05013518,E09000009
Ealing,Central Greenford,2022-05-05,Raza,Aysha Sultana,Labour Party,1848,True,Central Greenford,Ealing,E05013518,E09000009
Ealing,Central Greenford,2022-05-05,Rolt,John Henry Michael,Green Party,443,False,Central Greenford,Ealing,E05013518,E09000009
Ealing,Dormers Wells,2022-05-05,Bains,Kanwal Kaur,Labour Party,2498,True,Dormers Wells,Ealing,E05013519,E09000009
Ealing,Dormers Wells,2022-05-05,Browning,Bob,Liberal Democrat,338,False,Dormers Wells,Ealing,E05013519,E09000009
Ealing,Dormers Wells,2022-05-05,Dheer,Ranjit Lal,Labour Party,2367,True,Dormers Wells,Ealing,E05013519,E09000009
Ealing,Dormers Wells,2022-05-05,Dogra,Minni Kumari,Independent Network,415,False,Dormers Wells,Ealing,E05013519,E09000009
Ealing,Dormers Wells,2022-05-05,Fruzza,Francesco Daniele Dino,Liberal Democrat,262,False,Dormers Wells,Ealing,E05013519,E09000009
Ealing,Dormers Wells,2022-05-05,Hoshen,Md Jumshed,Local Conservatives,625,False,Dormers Wells,Ealing,E05013519,E09000009
Ealing,Dormers Wells,2022-05-05,Midha,Mohinder Kaur,Labour Party,2272,True,Dormers Wells,Ealing,E05013519,E09000009
Ealing,Dormers Wells,2022-05-05,Moore,Darren Roger,Green Party,371,False,Dormers Wells,Ealing,E05013519,E09000009
Ealing,Dormers Wells,2022-05-05,Murphy,Oliver Patrick,Liberal Democrat,281,False,Dormers Wells,Ealing,E05013519,E09000009
Ealing,Dormers Wells,2022-05-05,Sharker,Babul,Local Conservatives,630,False,Dormers Wells,Ealing,E05013519,E09000009
Ealing,Dormers Wells,2022-05-05,Uddin,Salah,Local Conservatives,597,False,Dormers Wells,Ealing,E05013519,E09000009
Ealing,Ealing Broadway,2022-05-05,Dhanda,Sudarshan Kumar,Labour Party,1285,False,Ealing Broadway,Ealing,E05013520,E09000009
Ealing,Ealing Broadway,2022-05-05,Gallant,Julian Dominique,Local Conservatives,1713,True,Ealing Broadway,Ealing,E05013520,E09000009
Ealing,Ealing Broadway,2022-05-05,Gettleson,Michael Joseph,Liberal Democrat,725,False,Ealing Broadway,Ealing,E05013520,E09000009
Ealing,Ealing Broadway,2022-05-05,Hans,Meena,Green Party,897,False,Ealing Broadway,Ealing,E05013520,E09000009
Ealing,Ealing Broadway,2022-05-05,Kohli,Monika,Labour Party,1351,False,Ealing Broadway,Ealing,E05013520,E09000009
Ealing,Ealing Broadway,2022-05-05,Kumar,Seema,Local Conservatives,1595,True,Ealing Broadway,Ealing,E05013520,E09000009
Ealing,Ealing Broadway,2022-05-05,Salaun,Francis Patrick Marie Desmond,Liberal Democrat,621,False,Ealing Broadway,Ealing,E05013520,E09000009
Ealing,Ealing Broadway,2022-05-05,Scott,Bex Victoria Spero Hill,Liberal Democrat,712,False,Ealing Broadway,Ealing,E05013520,E09000009
Ealing,Ealing Broadway,2022-05-05,White,Charles Robert Philip,Labour Party,1140,False,Ealing Broadway,Ealing,E05013520,E09000009
Ealing,Ealing Broadway,2022-05-05,Young,Anthony Christopher Bowes,Local Conservatives,1667,True,Ealing Broadway,Ealing,E05013520,E09000009
Ealing,Ealing Common,2022-05-05,Anand,Praveen Kamlesh,Labour Party,1847,True,Ealing Common,Ealing,E05013521,E09000009
Ealing,Ealing Common,2022-05-05,Ball,Jon Timothy Ashby,Liberal Democrat,2218,True,Ealing Common,Ealing,E05013521,E09000009
Ealing,Ealing Common,2022-05-05,Carter,Julie Anne Arezou,UK Independence Party (UKIP),101,False,Ealing Common,Ealing,E05013521,E09000009
Ealing,Ealing Common,2022-05-05,Cross,Benedict Henry Usborne,Liberal Democrat,1778,False,Ealing Common,Ealing,E05013521,E09000009
Ealing,Ealing Common,2022-05-05,Cusworth,Patrick Goodwin,Local Conservatives,989,False,Ealing Common,Ealing,E05013521,E09000009
Ealing,Ealing Common,2022-05-05,Hersch,Connie,Liberal Democrat,1877,True,Ealing Common,Ealing,E05013521,E09000009
Ealing,Ealing Common,2022-05-05,Macdonald,Andrew James,Local Conservatives,1027,False,Ealing Common,Ealing,E05013521,E09000009
Ealing,Ealing Common,2022-05-05,Paice,Liz,Local Conservatives,1038,False,Ealing Common,Ealing,E05013521,E09000009
Ealing,Ealing Common,2022-05-05,Powell,Emma Louise,Green Party,894,False,Ealing Common,Ealing,E05013521,E09000009
Ealing,Ealing Common,2022-05-05,Sanghera,Jags,Labour Party,1480,False,Ealing Common,Ealing,E05013521,E09000009
Ealing,Ealing Common,2022-05-05,Woolley,Iram Shabnam,Labour Party,1397,False,Ealing Common,Ealing,E05013521,E09000009
Ealing,East Acton,2022-05-05,Benveniste,Jonathan Howard,Local Conservatives,674,False,East Acton,Ealing,E05013522,E09000009
Ealing,East Acton,2022-05-05,Best,Mark Allan,Trade Unionist and Socialist Coalition,124,False,East Acton,Ealing,E05013522,E09000009
Ealing,East Acton,2022-05-05,Crawford,Kate,Labour Party,2065,True,East Acton,Ealing,E05013522,E09000009
Ealing,East Acton,2022-05-05,Dalal,Rusi Keki,Liberal Democrat,292,False,East Acton,Ealing,E05013522,E09000009
Ealing,East Acton,2022-05-05,Donnelly,Stephen Owen,Labour Party,1781,True,East Acton,Ealing,E05013522,E09000009
Ealing,East Acton,2022-05-05,Horwich,Margaret Jane,Liberal Democrat,354,False,East Acton,Ealing,E05013522,E09000009
Ealing,East Acton,2022-05-05,Lalla,Dan,Independent Network,169,False,East Acton,Ealing,E05013522,E09000009
Ealing,East Acton,2022-05-05,Luzac,Erwin William,Local Conservatives,685,False,East Acton,Ealing,E05013522,E09000009
Ealing,East Acton,2022-05-05,McCloskey,Roisin Clare,Green Party,603,False,East Acton,Ealing,E05013522,E09000009
Ealing,East Acton,2022-05-05,Randall,Jim,Local Conservatives,625,False,East Acton,Ealing,E05013522,E09000009
Ealing,East Acton,2022-05-05,Sirisena Gunatilake,Deshanth Tharindu,Liberal Democrat,197,False,East Acton,Ealing,E05013522,E09000009
Ealing,East Acton,2022-05-05,Tailor,Hitesh,Labour Party,1692,True,East Acton,Ealing,E05013522,E09000009
Ealing,Greenford Broadway,2022-05-05,Alexander,Varlene,Labour Party,2257,True,Greenford Broadway,Ealing,E05013523,E09000009
Ealing,Greenford Broadway,2022-05-05,Archer,Timothy James,Liberal Democrat,293,False,Greenford Broadway,Ealing,E05013523,E09000009
Ealing,Greenford Broadway,2022-05-05,Dheer,Harbhajan Kaur,Labour Party,2107,True,Greenford Broadway,Ealing,E05013523,E09000009
Ealing,Greenford Broadway,2022-05-05,Ducker,John Francis Christopher,Liberal Democrat,278,False,Greenford Broadway,Ealing,E05013523,E09000009
Ealing,Greenford Broadway,2022-05-05,Edwards,Peter,Local Conservatives,924,False,Greenford Broadway,Ealing,E05013523,E09000009
Ealing,Greenford Broadway,2022-05-05,Gaca,Jan Andrew,Green Party,460,False,Greenford Broadway,Ealing,E05013523,E09000009
Ealing,Greenford Broadway,2022-05-05,Kelly,Anthony John,Labour Party,2190,True,Greenford Broadway,Ealing,E05013523,E09000009
Ealing,Greenford Broadway,2022-05-05,Markwell,Nicholas,UK Independence Party (UKIP),158,False,Greenford Broadway,Ealing,E05013523,E09000009
Ealing,Greenford Broadway,2022-05-05,Masud,Sayed,Local Conservatives,745,False,Greenford Broadway,Ealing,E05013523,E09000009
Ealing,Greenford Broadway,2022-05-05,Platings,Isobel Annette,Liberal Democrat,244,False,Greenford Broadway,Ealing,E05013523,E09000009
Ealing,Greenford Broadway,2022-05-05,Roy,Ajay Kumar,Local Conservatives,842,False,Greenford Broadway,Ealing,E05013523,E09000009
Ealing,Hanger Hill,2022-05-05,Afshari-Mehr,Avesta,Labour Party,1154,False,Hanger Hill,Ealing,E05013524,E09000009
Ealing,Hanger Hill,2022-05-05,Conti,Fabio,Local Conservatives,1559,True,Hanger Hill,Ealing,E05013524,E09000009
Ealing,Hanger Hill,2022-05-05,Lozada,Oliver Paul,Labour Party,1094,False,Hanger Hill,Ealing,E05013524,E09000009
Ealing,Hanger Hill,2022-05-05,Oxley,Jonathan Mark,Liberal Democrat,1437,False,Hanger Hill,Ealing,E05013524,E09000009
Ealing,Hanger Hill,2022-05-05,Russell,Joan Mary,Labour Party,1166,False,Hanger Hill,Ealing,E05013524,E09000009
Ealing,Hanger Hill,2022-05-05,Sanders,Mark Kevin,Liberal Democrat,1456,False,Hanger Hill,Ealing,E05013524,E09000009
Ealing,Hanger Hill,2022-05-05,Solski,Michal,Green Party,645,False,Hanger Hill,Ealing,E05013524,E09000009
Ealing,Hanger Hill,2022-05-05,Stafford,Gregory James,Local Conservatives,1549,True,Hanger Hill,Ealing,E05013524,E09000009
Ealing,Hanger Hill,2022-05-05,Sumner,Nigel Robert,Local Conservatives,1479,False,Hanger Hill,Ealing,E05013524,E09000009
Ealing,Hanger Hill,2022-05-05,Zissimos,Athena,Liberal Democrat,1657,True,Hanger Hill,Ealing,E05013524,E09000009
Ealing,Hanwell Broadway,2022-05-05,Bakhai,Nigel,Liberal Democrat,616,False,Hanwell Broadway,Ealing,E05013525,E09000009
Ealing,Hanwell Broadway,2022-05-05,Barak,Gary Elliot,Local Conservatives,827,False,Hanwell Broadway,Ealing,E05013525,E09000009
Ealing,Hanwell Broadway,2022-05-05,Compton-Taylor,David,Local Conservatives,770,False,Hanwell Broadway,Ealing,E05013525,E09000009
Ealing,Hanwell Broadway,2022-05-05,Crossland,Kate,Green Party,1331,False,Hanwell Broadway,Ealing,E05013525,E09000009
Ealing,Hanwell Broadway,2022-05-05,Gordon,Yoel,Labour Party,1779,True,Hanwell Broadway,Ealing,E05013525,E09000009
Ealing,Hanwell Broadway,2022-05-05,Hamidi,Monica,Labour Party,1767,True,Hanwell Broadway,Ealing,E05013525,E09000009
Ealing,Hanwell Broadway,2022-05-05,Knewstub,Polly,Labour Party,1720,True,Hanwell Broadway,Ealing,E05013525,E09000009
Ealing,Hanwell Broadway,2022-05-05,Mitton,Alastair Martin Beverly,Liberal Democrat,561,False,Hanwell Broadway,Ealing,E05013525,E09000009
Ealing,Hanwell Broadway,2022-05-05,Reynolds,Neil Stephen,Green Party,1285,False,Hanwell Broadway,Ealing,E05013525,E09000009
Ealing,Hanwell Broadway,2022-05-05,Shah,Waheeda,Local Conservatives,617,False,Hanwell Broadway,Ealing,E05013525,E09000009
Ealing,Hanwell Broadway,2022-05-05,Singh,Lakhbir,Liberal Democrat,342,False,Hanwell Broadway,Ealing,E05013525,E09000009
Ealing,Hanwell Broadway,2022-05-05,Van De Geer,Marijn Cecile,Green Party,1022,False,Hanwell Broadway,Ealing,E05013525,E09000009
Ealing,Lady Margaret,2022-05-05,Ali,Forman,Local Conservatives,862,False,Lady Margaret,Ealing,E05013526,E09000009
Ealing,Lady Margaret,2022-05-05,Gower,John Edwin,Liberal Democrat,384,False,Lady Margaret,Ealing,E05013526,E09000009
Ealing,Lady Margaret,2022-05-05,Graham,Louise Elizabeth,Green Party,547,False,Lady Margaret,Ealing,E05013526,E09000009
Ealing,Lady Margaret,2022-05-05,Hawkes,Ian Laurence,Liberal Democrat,367,False,Lady Margaret,Ealing,E05013526,E09000009
Ealing,Lady Margaret,2022-05-05,Islam,Muhammad Rafiquel,Local Conservatives,730,False,Lady Margaret,Ealing,E05013526,E09000009
Ealing,Lady Margaret,2022-05-05,Izmirlieva,Milena Alexandrova,Liberal Democrat,237,False,Lady Margaret,Ealing,E05013526,E09000009
Ealing,Lady Margaret,2022-05-05,Mohan,Karam Chand,Labour Party,2708,True,Lady Margaret,Ealing,E05013526,E09000009
Ealing,Lady Margaret,2022-05-05,Padda,Swaran Singh,Labour Party,2649,True,Lady Margaret,Ealing,E05013526,E09000009
Ealing,Lady Margaret,2022-05-05,Rashid,Md Mamunur,Local Conservatives,681,False,Lady Margaret,Ealing,E05013526,E09000009
Ealing,Lady Margaret,2022-05-05,Sahota,Kamaldeep Kaur,Labour Party,2690,True,Lady Margaret,Ealing,E05013526,E09000009
Ealing,North Acton,2022-05-05,Allen,Mervyn David George,Liberal Democrat,460,False,North Acton,Ealing,E05013527,E09000009
Ealing,North Acton,2022-05-05,Bunder,Leslie Ben,Independent Network,223,False,North Acton,Ealing,E05013527,E09000009
Ealing,North Acton,2022-05-05,Crawford,Daniel Stewart,Labour Party,1872,True,North Acton,Ealing,E05013527,E09000009
Ealing,North Acton,2022-05-05,Haili,Hodan,Labour Party,1544,True,North Acton,Ealing,E05013527,E09000009
Ealing,North Acton,2022-05-05,Hans-Barker,Ineta,Green Party,669,False,North Acton,Ealing,E05013527,E09000009
Ealing,North Acton,2022-05-05,Harper,James Kenneth,Local Conservatives,666,False,North Acton,Ealing,E05013527,E09000009
Ealing,North Acton,2022-05-05,Hashani,Blerina,Labour Party,1512,True,North Acton,Ealing,E05013527,E09000009
Ealing,North Acton,2022-05-05,Hofman,David Lawrence,Trade Unionist and Socialist Coalition,110,False,North Acton,Ealing,E05013527,E09000009
Ealing,North Acton,2022-05-05,Kalkhoran,Andy,Local Conservatives,674,False,North Acton,Ealing,E05013527,E09000009
Ealing,North Acton,2022-05-05,Lazarow,Ann,Local Conservatives,717,False,North Acton,Ealing,E05013527,E09000009
Ealing,North Acton,2022-05-05,Salaman,Myer Redcliffe,Liberal Democrat,377,False,North Acton,Ealing,E05013527,E09000009
Ealing,North Acton,2022-05-05,Whelan,Alan,Liberal Democrat,346,False,North Acton,Ealing,E05013527,E09000009
Ealing,North Acton,2022-05-05,Wixted,Greg,Independent Network,153,False,North Acton,Ealing,E05013527,E09000009
Ealing,North Greenford,2022-05-05,Alac,Loreta Emelie,Liberal Democrat,496,False,North Greenford,Ealing,E05013528,E09000009
Ealing,North Greenford,2022-05-05,Allain,Ryan Arthur,Green Party,560,False,North Greenford,Ealing,E05013528,E09000009
Ealing,North Greenford,2022-05-05,Babic,Predrag,Local Conservatives,998,False,North Greenford,Ealing,E05013528,E09000009
Ealing,North Greenford,2022-05-05,Ducker,Judith Ellen,Liberal Democrat,431,False,North Greenford,Ealing,E05013528,E09000009
Ealing,North Greenford,2022-05-05,Iqbal,Muhammad Javaid,Labour Party,2319,True,North Greenford,Ealing,E05013528,E09000009
Ealing,North Greenford,2022-05-05,Jammu,Amarjit Kaur,Labour Party,2453,True,North Greenford,Ealing,E05013528,E09000009
Ealing,North Greenford,2022-05-05,Kempley,Justin Paul,Liberal Democrat,536,False,North Greenford,Ealing,E05013528,E09000009
Ealing,North Greenford,2022-05-05,Lafford,George Henry,Local Conservatives,1095,False,North Greenford,Ealing,E05013528,E09000009
Ealing,North Greenford,2022-05-05,Manro,Shital Ved Parkash,Labour Party,2393,True,North Greenford,Ealing,E05013528,E09000009
Ealing,North Greenford,2022-05-05,Sullivan,Minoo Hashemi,Local Conservatives,910,False,North Greenford,Ealing,E05013528,E09000009
Ealing,North Hanwell,2022-05-05,Anderson,Alan Campbell,Green Party,858,False,North Hanwell,Ealing,E05013529,E09000009
Ealing,North Hanwell,2022-05-05,Brett,Louise Patricia,Labour Party,2312,True,North Hanwell,Ealing,E05013529,E09000009
Ealing,North Hanwell,2022-05-05,Davies,Benjamin William,Local Conservatives,871,False,North Hanwell,Ealing,E05013529,E09000009
Ealing,North Hanwell,2022-05-05,Gill,Tony,Trade Unionist and Socialist Coalition,158,False,North Hanwell,Ealing,E05013529,E09000009
Ealing,North Hanwell,2022-05-05,Horwich,Zoe Alexandra,Liberal Democrat,637,False,North Hanwell,Ealing,E05013529,E09000009
Ealing,North Hanwell,2022-05-05,Hutchison,Peter John,Liberal Democrat,461,False,North Hanwell,Ealing,E05013529,E09000009
Ealing,North Hanwell,2022-05-05,Potts,Ian Michael,Local Conservatives,848,False,North Hanwell,Ealing,E05013529,E09000009
Ealing,North Hanwell,2022-05-05,Rowley,Gillian Lesley,Liberal Democrat,313,False,North Hanwell,Ealing,E05013529,E09000009
Ealing,North Hanwell,2022-05-05,Tighe,Claire Marie,Labour Party,2207,True,North Hanwell,Ealing,E05013529,E09000009
Ealing,North Hanwell,2022-05-05,Wall,Ray,Labour Party,1994,True,North Hanwell,Ealing,E05013529,E09000009
Ealing,North Hanwell,2022-05-05,Yung,Sam,Local Conservatives,786,False,North Hanwell,Ealing,E05013529,E09000009
Ealing,Northfield,2022-05-05,Diamond,Sam,Green Party,858,False,Northfield,Ealing,E05013530,E09000009
Ealing,Northfield,2022-05-05,Driscoll,Paul William,Labour Party,2424,True,Northfield,Ealing,E05013530,E09000009
Ealing,Northfield,2022-05-05,Glancy,Leslie Ann,Liberal Democrat,714,False,Northfield,Ealing,E05013530,E09000009
Ealing,Northfield,2022-05-05,Hanrahan,Sean Anthony,Local Conservatives,1676,False,Northfield,Ealing,E05013530,E09000009
Ealing,Northfield,2022-05-05,Horrex,David Murray,Liberal Democrat,669,False,Northfield,Ealing,E05013530,E09000009
Ealing,Northfield,2022-05-05,Kapoor,Anita,Local Conservatives,1705,False,Northfield,Ealing,E05013530,E09000009
Ealing,Northfield,2022-05-05,Kingston,Ian Arthur George,Labour Party,2227,True,Northfield,Ealing,E05013530,E09000009
Ealing,Northfield,2022-05-05,Meiklejohn,Christina Leith,Green Party,816,False,Northfield,Ealing,E05013530,E09000009
Ealing,Northfield,2022-05-05,Mullins,Theresa Maria,Local Conservatives,1772,False,Northfield,Ealing,E05013530,E09000009
Ealing,Northfield,2022-05-05,Nagpal,Kim,Labour Party,2041,True,Northfield,Ealing,E05013530,E09000009
Ealing,Northfield,2022-05-05,Sinhal,Ashok Ratanjibhai,Liberal Democrat,484,False,Northfield,Ealing,E05013530,E09000009
Ealing,Northfield,2022-05-05,Warren,Ross Michael,Green Party,649,False,Northfield,Ealing,E05013530,E09000009
Ealing,Northolt Mandeville,2022-05-05,Aggleton,Lawrence James,Liberal Democrat,287,False,Northolt Mandeville,Ealing,E05013531,E09000009
Ealing,Northolt Mandeville,2022-05-05,Ahmed,Ali,Local Conservatives,984,False,Northolt Mandeville,Ealing,E05013531,E09000009
Ealing,Northolt Mandeville,2022-05-05,Anderson,Justin James,Local Conservatives,1236,False,Northolt Mandeville,Ealing,E05013531,E09000009
Ealing,Northolt Mandeville,2022-05-05,Barton,Katy Rose,Green Party,551,False,Northolt Mandeville,Ealing,E05013531,E09000009
Ealing,Northolt Mandeville,2022-05-05,Costigan,Deirdre Therese,Labour and Co-operative Party,2566,True,Northolt Mandeville,Ealing,E05013531,E09000009
Ealing,Northolt Mandeville,2022-05-05,Hirst,Matthew,Liberal Democrat,312,False,Northolt Mandeville,Ealing,E05013531,E09000009
Ealing,Northolt Mandeville,2022-05-05,Mellor,Pat,Liberal Democrat,220,False,Northolt Mandeville,Ealing,E05013531,E09000009
Ealing,Northolt Mandeville,2022-05-05,Nazari,Diva,Local Conservatives,990,False,Northolt Mandeville,Ealing,E05013531,E09000009
Ealing,Northolt Mandeville,2022-05-05,Rice,Miriam Edna,Labour and Co-operative Party,2364,True,Northolt Mandeville,Ealing,E05013531,E09000009
Ealing,Northolt Mandeville,2022-05-05,Summers,Chris,Labour and Co-operative Party,2309,True,Northolt Mandeville,Ealing,E05013531,E09000009
Ealing,Northolt West End,2022-05-05,Ahmed,Jamal Uddin,Local Conservatives,661,False,Northolt West End,Ealing,E05013532,E09000009
Ealing,Northolt West End,2022-05-05,Chalu,Bridgette Abena,Liberal Democrat,256,False,Northolt West End,Ealing,E05013532,E09000009
Ealing,Northolt West End,2022-05-05,Haughian,Niall Arthur,Liberal Democrat,248,False,Northolt West End,Ealing,E05013532,E09000009
Ealing,Northolt West End,2022-05-05,Horwich,Lee Martin,Liberal Democrat,301,False,Northolt West End,Ealing,E05013532,E09000009
Ealing,Northolt West End,2022-05-05,Kubica,Natalia,Green Party,439,False,Northolt West End,Ealing,E05013532,E09000009
Ealing,Northolt West End,2022-05-05,Mahfouz,Bassam,Labour Party,2076,True,Northolt West End,Ealing,E05013532,E09000009
Ealing,Northolt West End,2022-05-05,Martin,Dee,Labour Party,2170,True,Northolt West End,Ealing,E05013532,E09000009
Ealing,Northolt West End,2022-05-05,Sarker,Abul Kalam Azad,Local Conservatives,582,False,Northolt West End,Ealing,E05013532,E09000009
Ealing,Northolt West End,2022-05-05,Uddin,Md Main,Local Conservatives,538,False,Northolt West End,Ealing,E05013532,E09000009
Ealing,Northolt West End,2022-05-05,Wall,Lauren Marie,Labour Party,2164,True,Northolt West End,Ealing,E05013532,E09000009
Ealing,Norwood Green,2022-05-05,Badsha,Md Abul Bashar,Local Conservatives,568,False,Norwood Green,Ealing,E05013533,E09000009
Ealing,Norwood Green,2022-05-05,Benjamin,Mark Jason,Trade Unionist and Socialist Coalition,144,False,Norwood Green,Ealing,E05013533,E09000009
Ealing,Norwood Green,2022-05-05,Daniel,Nikki,Green Party,520,False,Norwood Green,Ealing,E05013533,E09000009
Ealing,Norwood Green,2022-05-05,Etessami,Pantea,Liberal Democrat,221,False,Norwood Green,Ealing,E05013533,E09000009
Ealing,Norwood Green,2022-05-05,Gauss,John Hubert,Liberal Democrat,269,False,Norwood Green,Ealing,E05013533,E09000009
Ealing,Norwood Green,2022-05-05,Martin,John Joseph,Labour Party,2706,True,Norwood Green,Ealing,E05013533,E09000009
Ealing,Norwood Green,2022-05-05,Murtaza,Gul,Labour Party,2470,True,Norwood Green,Ealing,E05013533,E09000009
Ealing,Norwood Green,2022-05-05,Nahar,Sabikun,Local Conservatives,543,False,Norwood Green,Ealing,E05013533,E09000009
Ealing,Norwood Green,2022-05-05,Pidoux,Michael George,Liberal Democrat,200,False,Norwood Green,Ealing,E05013533,E09000009
Ealing,Norwood Green,2022-05-05,Rahman,Khandaker Abdur,Local Conservatives,510,False,Norwood Green,Ealing,E05013533,E09000009
Ealing,Norwood Green,2022-05-05,Sidhu,Tarept Kaur,Labour Party,2600,True,Norwood Green,Ealing,E05013533,E09000009
Ealing,Perivale,2022-05-05,Ahmed,Munir,Labour Party,2505,True,Perivale,Ealing,E05013534,E09000009
Ealing,Perivale,2022-05-05,Bailey,Andrew Constantine,Local Conservatives,1452,False,Perivale,Ealing,E05013534,E09000009
Ealing,Perivale,2022-05-05,Barchuk,Vlod,Local Conservatives,1234,False,Perivale,Ealing,E05013534,E09000009
Ealing,Perivale,2022-05-05,Berg,Geoffrey Stuart,Liberal Democrat,357,False,Perivale,Ealing,E05013534,E09000009
Ealing,Perivale,2022-05-05,Friday,Margaret Josephine,Liberal Democrat,391,False,Perivale,Ealing,E05013534,E09000009
Ealing,Perivale,2022-05-05,Mahmood,Tariq,Labour Party,2423,True,Perivale,Ealing,E05013534,E09000009
Ealing,Perivale,2022-05-05,Miller,Tony,Liberal Democrat,288,False,Perivale,Ealing,E05013534,E09000009
Ealing,Perivale,2022-05-05,Pattison,Helen Katherine Campbell,Trade Unionist and Socialist Coalition,128,False,Perivale,Ealing,E05013534,E09000009
Ealing,Perivale,2022-05-05,Sharma,Charan Bala,Labour Party,2342,True,Perivale,Ealing,E05013534,E09000009
Ealing,Perivale,2022-05-05,Vines,Alex,Green Party,517,False,Perivale,Ealing,E05013534,E09000009
Ealing,Perivale,2022-05-05,Yeo,Edmond Hengkuen,Local Conservatives,1232,False,Perivale,Ealing,E05013534,E09000009
Ealing,Pitshanger,2022-05-05,Amoako-Atta,Lamley,Trade Unionist and Socialist Coalition,94,False,Pitshanger,Ealing,E05013535,E09000009
Ealing,Pitshanger,2022-05-05,Baaklini,Rima,Labour Party,2106,True,Pitshanger,Ealing,E05013535,E09000009
Ealing,Pitshanger,2022-05-05,Beaumont,Les,Social Democratic Party,109,False,Pitshanger,Ealing,E05013535,E09000009
Ealing,Pitshanger,2022-05-05,Fruzza,Francesco Rossano Alberto,Liberal Democrat,1106,False,Pitshanger,Ealing,E05013535,E09000009
Ealing,Pitshanger,2022-05-05,Kumar,Sarah,Local Conservatives,1480,False,Pitshanger,Ealing,E05013535,E09000009
Ealing,Pitshanger,2022-05-05,Martin,David James,Liberal Democrat,723,False,Pitshanger,Ealing,E05013535,E09000009
Ealing,Pitshanger,2022-05-05,McCartney,Sara,Green Party,861,False,Pitshanger,Ealing,E05013535,E09000009
Ealing,Pitshanger,2022-05-05,Nathan,Roderick Ian,Liberal Democrat,766,False,Pitshanger,Ealing,E05013535,E09000009
Ealing,Pitshanger,2022-05-05,Nijhar,Ilayda,Labour Party,2017,True,Pitshanger,Ealing,E05013535,E09000009
Ealing,Pitshanger,2022-05-05,Proud,Ian Philip Saxby,Local Conservatives,1576,False,Pitshanger,Ealing,E05013535,E09000009
Ealing,Pitshanger,2022-05-05,Rana,Fatima Roshan,Local Conservatives,1392,False,Pitshanger,Ealing,E05013535,E09000009
Ealing,Pitshanger,2022-05-05,Wesson,Ben,Labour Party,1990,True,Pitshanger,Ealing,E05013535,E09000009
Ealing,South Acton,2022-05-05,Alexander,Arthur,Local Conservatives,706,False,South Acton,Ealing,E05013536,E09000009
Ealing,South Acton,2022-05-05,Anderson,Callum Bradley,Labour Party,2111,True,South Acton,Ealing,E05013536,E09000009
Ealing,South Acton,2022-05-05,Blacker,Josh,Labour Party,2292,True,South Acton,Ealing,E05013536,E09000009
Ealing,South Acton,2022-05-05,Dhillon,Jack Dalbir,Local Conservatives,607,False,South Acton,Ealing,E05013536,E09000009
Ealing,South Acton,2022-05-05,Grassi,Emily,Green Party,915,False,South Acton,Ealing,E05013536,E09000009
Ealing,South Acton,2022-05-05,Hughes,Timothy William Bailey,Liberal Democrat,459,False,South Acton,Ealing,E05013536,E09000009
Ealing,South Acton,2022-05-05,Joachim,Margaret Jane,Liberal Democrat,543,False,South Acton,Ealing,E05013536,E09000009
Ealing,South Acton,2022-05-05,Johnson,Yvonne Elizabeth,Labour Party,2210,True,South Acton,Ealing,E05013536,E09000009
Ealing,South Acton,2022-05-05,Kutlu,Devrim,Trade Unionist and Socialist Coalition,128,False,South Acton,Ealing,E05013536,E09000009
Ealing,South Acton,2022-05-05,Ollendorff,Judith Ann,Liberal Democrat,335,False,South Acton,Ealing,E05013536,E09000009
Ealing,South Acton,2022-05-05,Peach,John Stephen Kent,Local Conservatives,711,False,South Acton,Ealing,E05013536,E09000009
Ealing,South Acton,2022-05-05,Red Brick,Glen Miller,Independent,150,False,South Acton,Ealing,E05013536,E09000009
Ealing,Southall Broadway,2022-05-05,Bettridge,Robin James,Liberal Democrat,220,False,Southall Broadway,Ealing,E05013537,E09000009
Ealing,Southall Broadway,2022-05-05,Bhatti,Rashpal Kaur,Independent Network,238,False,Southall Broadway,Ealing,E05013537,E09000009
Ealing,Southall Broadway,2022-05-05,Bhinder,Darsham Singh,Local Conservatives,667,False,Southall Broadway,Ealing,E05013537,E09000009
Ealing,Southall Broadway,2022-05-05,Curtis,Ann Elizabeth,Green Party,213,False,Southall Broadway,Ealing,E05013537,E09000009
Ealing,Southall Broadway,2022-05-05,Dhaliwal,Harmandra Singh,Independent Network,201,False,Southall Broadway,Ealing,E05013537,E09000009
Ealing,Southall Broadway,2022-05-05,Khan,Sarfraz Ahmed,Labour Party,1793,True,Southall Broadway,Ealing,E05013537,E09000009
Ealing,Southall Broadway,2022-05-05,Miah,Mohd Ibrahim,Local Conservatives,584,False,Southall Broadway,Ealing,E05013537,E09000009
Ealing,Southall Broadway,2022-05-05,Nagpal,Kamaljit Kaur,Labour Party,1831,True,Southall Broadway,Ealing,E05013537,E09000009
Ealing,Southall Broadway,2022-05-05,Zerdin,David Leslie,Liberal Democrat,120,False,Southall Broadway,Ealing,E05013537,E09000009
Ealing,Southall Green,2022-05-05,Abdul-Qayum,Sufiyan Urmar,Independent Network,254,False,Southall Green,Ealing,E05013538,E09000009
Ealing,Southall Green,2022-05-05,Anand,Jasbir Kaur,Labour Party,3105,True,Southall Green,Ealing,E05013538,E09000009
Ealing,Southall Green,2022-05-05,Chadburn,Matt,Green Party,270,False,Southall Green,Ealing,E05013538,E09000009
Ealing,Southall Green,2022-05-05,Chand,Avtar,Local Conservatives,803,False,Southall Green,Ealing,E05013538,E09000009
Ealing,Southall Green,2022-05-05,Cross,Alison Joanna,Liberal Democrat,241,False,Southall Green,Ealing,E05013538,E09000009
Ealing,Southall Green,2022-05-05,Dhindsa,Kamaljit Singh,Labour Party,3034,True,Southall Green,Ealing,E05013538,E09000009
Ealing,Southall Green,2022-05-05,Groen,Derk Jan,Liberal Democrat,130,False,Southall Green,Ealing,E05013538,E09000009
Ealing,Southall Green,2022-05-05,Hill,Lewis Neville,Liberal Democrat,133,False,Southall Green,Ealing,E05013538,E09000009
Ealing,Southall Green,2022-05-05,Khan,Md Feroz,Local Conservatives,727,False,Southall Green,Ealing,E05013538,E09000009
Ealing,Southall Green,2022-05-05,Mahi,Amrik,Independent Network,235,False,Southall Green,Ealing,E05013538,E09000009
Ealing,Southall Green,2022-05-05,Marsden,David,Independent Network,223,False,Southall Green,Ealing,E05013538,E09000009
Ealing,Southall Green,2022-05-05,Mason,Peter Elijah Jonathan,Labour Party,2856,True,Southall Green,Ealing,E05013538,E09000009
Ealing,Southall Green,2022-05-05,Shekh,Arif,Local Conservatives,657,False,Southall Green,Ealing,E05013538,E09000009
Ealing,Southall West,2022-05-05,Amin,Mohammad Zeaul,Independent,347,False,Southall West,Ealing,E05013539,E09000009
Ealing,Southall West,2022-05-05,Bhangu,Joe,Independent Network,207,False,Southall West,Ealing,E05013539,E09000009
Ealing,Southall West,2022-05-05,Bliss,Nigel Graham,Liberal Democrat,91,False,Southall West,Ealing,E05013539,E09000009
Ealing,Southall West,2022-05-05,Carter,Bishnu,Local Conservatives,271,False,Southall West,Ealing,E05013539,E09000009
Ealing,Southall West,2022-05-05,Chapman,Nicholas,Green Party,141,False,Southall West,Ealing,E05013539,E09000009
Ealing,Southall West,2022-05-05,Crossfield,Ray,Independent Network,141,False,Southall West,Ealing,E05013539,E09000009
Ealing,Southall West,2022-05-05,Hersch,Rainer Wolfgang,Liberal Democrat,68,False,Southall West,Ealing,E05013539,E09000009
Ealing,Southall West,2022-05-05,Jassal,Surinder Kaur,Labour Party,1197,True,Southall West,Ealing,E05013539,E09000009
Ealing,Southall West,2022-05-05,Miah,Mohammad Tota,Local Conservatives,404,False,Southall West,Ealing,E05013539,E09000009
Ealing,Southall West,2022-05-05,Mohamed,Faduma Ayan Ahmed Hagi,Labour Party,990,True,Southall West,Ealing,E05013539,E09000009
Ealing,Southfield,2022-05-05,Busuttil,Gary,Liberal Democrat,2552,True,Southfield,Ealing,E05013540,E09000009
Ealing,Southfield,2022-05-05,Charman-Blower,Sophie,Labour Party,1310,False,Southfield,Ealing,E05013540,E09000009
Ealing,Southfield,2022-05-05,Coates,Darryll Li-Ming,Local Conservatives,854,False,Southfield,Ealing,E05013540,E09000009
Ealing,Southfield,2022-05-05,Eisinger,Crystal Billie,Local Conservatives,916,False,Southfield,Ealing,E05013540,E09000009
Ealing,Southfield,2022-05-05,Garrick,Anthony William,Local Conservatives,883,False,Southfield,Ealing,E05013540,E09000009
Ealing,Southfield,2022-05-05,Green,Chris,Labour Party,1022,False,Southfield,Ealing,E05013540,E09000009
Ealing,Southfield,2022-05-05,Landon,Mike,Green Party,886,False,Southfield,Ealing,E05013540,E09000009
Ealing,Southfield,2022-05-05,Malcolm,Gary,Liberal Democrat,2614,True,Southfield,Ealing,E05013540,E09000009
Ealing,Southfield,2022-05-05,Malik,Tamoor Raza,Labour Party,967,False,Southfield,Ealing,E05013540,E09000009
Ealing,Southfield,2022-05-05,Steed,Andrew Timothy,Liberal Democrat,2585,True,Southfield,Ealing,E05013540,E09000009
Ealing,Walpole,2022-05-05,Andrews,Mark,Liberal Democrat,1018,False,Walpole,Ealing,E05013541,E09000009
Ealing,Walpole,2022-05-05,Cowing,John,Local Conservatives,1415,False,Walpole,Ealing,E05013541,E09000009
Ealing,Walpole,2022-05-05,Grant,Isobel Lucy,Local Conservatives,1440,False,Walpole,Ealing,E05013541,E09000009
Ealing,Walpole,2022-05-05,Greenan,Barry Vincent,Green Party,709,False,Walpole,Ealing,E05013541,E09000009
Ealing,Walpole,2022-05-05,Mellor,Matthew John,Liberal Democrat,871,False,Walpole,Ealing,E05013541,E09000009
Ealing,Walpole,2022-05-05,Murch,Aaran Lewis,Green Party,591,False,Walpole,Ealing,E05013541,E09000009
Ealing,Walpole,2022-05-05,Quansah,Grace Barbara,Labour Party,2074,True,Walpole,Ealing,E05013541,E09000009
Ealing,Walpole,2022-05-05,Rai,Binda,Labour Party,2085,True,Walpole,Ealing,E05013541,E09000009
Ealing,Walpole,2022-05-05,Shaw,Gareth James,Labour Party,2024,True,Walpole,Ealing,E05013541,E09000009
Ealing,Walpole,2022-05-05,Valentine,Emmanuel Henriques,Green Party,725,False,Walpole,Ealing,E05013541,E09000009
Ealing,Walpole,2022-05-05,Ward,Jonathan Michael,Liberal Democrat,786,False,Walpole,Ealing,E05013541,E09000009
Ealing,Walpole,2022-05-05,Williams,Monika Teresa,Local Conservatives,1263,False,Walpole,Ealing,E05013541,E09000009
Enfield,Arnos Grove,2022-05-05,Chris BUSHILL,0,Liberal Democrat,464,False,Arnos Grove,Enfield,E05013672,E09000010
Enfield,Arnos Grove,2022-05-05,Joan BUSHILL,0,Liberal Democrat,504,False,Arnos Grove,Enfield,E05013672,E09000010
Enfield,Arnos Grove,2022-05-05,Rodney CAMPBELL,0,Green Party,323,False,Arnos Grove,Enfield,E05013672,E09000010
Enfield,Arnos Grove,2022-05-05,Adrian GRUMI,0,Conservative Party Candidate,1296,True,Arnos Grove,Enfield,E05013672,E09000010
Enfield,Arnos Grove,2022-05-05,Nneka KEAZOR,0,The Labour Party Candidate,982,False,Arnos Grove,Enfield,E05013672,E09000010
Enfield,Arnos Grove,2022-05-05,Paul PRATT,0,Conservative Party Candidate,1295,True,Arnos Grove,Enfield,E05013672,E09000010
Enfield,Arnos Grove,2022-05-05,Mahtab UDDIN,0,The Labour Party Candidate,846,False,Arnos Grove,Enfield,E05013672,E09000010
Enfield,Bowes,2022-05-05,Jane ATKINSON,0,Liberal Democrat,241,False,Bowes,Enfield,E05013673,E09000010
Enfield,Bowes,2022-05-05,Peter CHARALAMBOUS,0,Conservative Party Candidate,746,False,Bowes,Enfield,E05013673,E09000010
Enfield,Bowes,2022-05-05,Ediz MEVLIT,0,Conservative Party Candidate,721,False,Bowes,Enfield,E05013673,E09000010
Enfield,Bowes,2022-05-05,Gina NEEDS,0,The Labour Party Candidate,1139,True,Bowes,Enfield,E05013673,E09000010
Enfield,Bowes,2022-05-05,Ahmet OYKENER,0,The Labour Party Candidate,1082,True,Bowes,Enfield,E05013673,E09000010
Enfield,Bowes,2022-05-05,Daniel Szymon STACHOW,0,Green Party,301,False,Bowes,Enfield,E05013673,E09000010
Enfield,Bowes,2022-05-05,Margaret Joan STEEL,0,Liberal Democrat,180,False,Bowes,Enfield,E05013673,E09000010
Enfield,Brimsdown,2022-05-05,Leval Ayodeji AINAH,0,Conservative Party Candidate,856,False,Brimsdown,Enfield,E05013674,E09000010
Enfield,Brimsdown,2022-05-05,Mary ANDERSON,0,Green Party,395,False,Brimsdown,Enfield,E05013674,E09000010
Enfield,Brimsdown,2022-05-05,Josh ASKER,0,Trade Unionist and Socialist Coalition,77,False,Brimsdown,Enfield,E05013674,E09000010
Enfield,Brimsdown,2022-05-05,Hivran DALKAYA,0,The Labour Party Candidate,1988,True,Brimsdown,Enfield,E05013674,E09000010
Enfield,Brimsdown,2022-05-05,Leslie DUBOW,0,Liberal Democrat,236,False,Brimsdown,Enfield,E05013674,E09000010
Enfield,Brimsdown,2022-05-05,Ahmet HASAN,0,The Labour Party Candidate,1879,True,Brimsdown,Enfield,E05013674,E09000010
Enfield,Brimsdown,2022-05-05,Tony KIDMAN,0,Liberal Democrat,198,False,Brimsdown,Enfield,E05013674,E09000010
Enfield,Brimsdown,2022-05-05,Michael David LAVENDER,0,Conservative Party Candidate,877,False,Brimsdown,Enfield,E05013674,E09000010
Enfield,Brimsdown,2022-05-05,Bektas OZER,0,The Labour Party Candidate,1883,True,Brimsdown,Enfield,E05013674,E09000010
Enfield,Brimsdown,2022-05-05,Mark RILEY,0,Liberal Democrat,206,False,Brimsdown,Enfield,E05013674,E09000010
Enfield,Brimsdown,2022-05-05,Stephen Antony SAVVA,0,Conservative Party Candidate,823,False,Brimsdown,Enfield,E05013674,E09000010
Enfield,Bullsmoor,2022-05-05,Kate ANOLUE,0,The Labour Party Candidate,1307,True,Bullsmoor,Enfield,E05013675,E09000010
Enfield,Bullsmoor,2022-05-05,Christine Ann BELLAS,0,Conservative Party Candidate,761,False,Bullsmoor,Enfield,E05013675,E09000010
Enfield,Bullsmoor,2022-05-05,Thomas Alan BELLAS,0,Conservative Party Candidate,703,False,Bullsmoor,Enfield,E05013675,E09000010
Enfield,Bullsmoor,2022-05-05,Gunseli ERDOGAN,0,Liberal Democrat,193,False,Bullsmoor,Enfield,E05013675,E09000010
Enfield,Bullsmoor,2022-05-05,Esin GUNES,0,The Labour Party Candidate,1192,True,Bullsmoor,Enfield,E05013675,E09000010
Enfield,Bullsmoor,2022-05-05,Ian David Campbell PATTISON,0,Trade Unionist and Socialist Coalition,50,False,Bullsmoor,Enfield,E05013675,E09000010
Enfield,Bullsmoor,2022-05-05,Isobel WHITTAKER,0,Green Party,241,False,Bullsmoor,Enfield,E05013675,E09000010
Enfield,Bush Hill Park,2022-05-05,Folashade ADELEKE,0,The Labour Party Candidate,1220,False,Bush Hill Park,Enfield,E05013676,E09000010
Enfield,Bush Hill Park,2022-05-05,Ade ADETULA,0,Liberal Democrat,392,False,Bush Hill Park,Enfield,E05013676,E09000010
Enfield,Bush Hill Park,2022-05-05,Huseyin Isik AKPINAR,0,The Labour Party Candidate,1130,False,Bush Hill Park,Enfield,E05013676,E09000010
Enfield,Bush Hill Park,2022-05-05,Alexander BASSEY,0,Liberal Democrat,443,False,Bush Hill Park,Enfield,E05013676,E09000010
Enfield,Bush Hill Park,2022-05-05,Bevin BETTON,0,The Labour Party Candidate,1265,False,Bush Hill Park,Enfield,E05013676,E09000010
Enfield,Bush Hill Park,2022-05-05,Peter David FALLART,0,Conservative Party Candidate,2071,True,Bush Hill Park,Enfield,E05013676,E09000010
Enfield,Bush Hill Park,2022-05-05,Pat GREGORY,0,Conservative Party Candidate,2049,True,Bush Hill Park,Enfield,E05013676,E09000010
Enfield,Bush Hill Park,2022-05-05,James Andrew HOCKNEY,0,Conservative Party Candidate,2097,True,Bush Hill Park,Enfield,E05013676,E09000010
Enfield,Bush Hill Park,2022-05-05,John Henry MARTIN,0,Liberal Democrat,419,False,Bush Hill Park,Enfield,E05013676,E09000010
Enfield,Bush Hill Park,2022-05-05,Benjamin Charles MAYDON,0,Green Party,536,False,Bush Hill Park,Enfield,E05013676,E09000010
Enfield,Bush Hill Park,2022-05-05,David Leonard SCHOFIELD,0,ReformUK,71,False,Bush Hill Park,Enfield,E05013676,E09000010
Enfield,Carterhatch,2022-05-05,Salem Amin AL-DAMLUJI,0,Conservative Party Candidate,472,False,Carterhatch,Enfield,E05013677,E09000010
Enfield,Carterhatch,2022-05-05,Nawshad ALI,0,The Labour Party Candidate,1325,True,Carterhatch,Enfield,E05013677,E09000010
Enfield,Carterhatch,2022-05-05,Susan ERBIL,0,The Labour Party Candidate,1388,True,Carterhatch,Enfield,E05013677,E09000010
Enfield,Carterhatch,2022-05-05,Foston Malachi FAIRCLOUGH,0,Conservative Party Candidate,532,False,Carterhatch,Enfield,E05013677,E09000010
Enfield,Carterhatch,2022-05-05,Mary KEH,0,Liberal Democrat,132,False,Carterhatch,Enfield,E05013677,E09000010
Enfield,Carterhatch,2022-05-05,Victoria KEH,0,Liberal Democrat,131,False,Carterhatch,Enfield,E05013677,E09000010
Enfield,Carterhatch,2022-05-05,Robert Stephen PAGE,0,Green Party,218,False,Carterhatch,Enfield,E05013677,E09000010
Enfield,Cockfosters,2022-05-05,Joe CARBERRY,0,The Labour Party Candidate,750,False,Cockfosters,Enfield,E05013678,E09000010
Enfield,Cockfosters,2022-05-05,Alessandro GEORGIOU,0,Conservative Party Candidate,1707,True,Cockfosters,Enfield,E05013678,E09000010
Enfield,Cockfosters,2022-05-05,Bill LINTON,0,Green Party,306,False,Cockfosters,Enfield,E05013678,E09000010
Enfield,Cockfosters,2022-05-05,Ruby SAMPSON,0,Conservative Party Candidate,1544,True,Cockfosters,Enfield,E05013678,E09000010
Enfield,Cockfosters,2022-05-05,Paul SHAVERIN,0,The Labour Party Candidate,650,False,Cockfosters,Enfield,E05013678,E09000010
Enfield,Cockfosters,2022-05-05,Steve STAVRINOU,0,Liberal Democrat,262,False,Cockfosters,Enfield,E05013678,E09000010
Enfield,Cockfosters,2022-05-05,Anne VINEY,0,Liberal Democrat,274,False,Cockfosters,Enfield,E05013678,E09000010
Enfield,Edmonton Green,2022-05-05,Abdul ABDULLAHI,0,The Labour Party Candidate,1653,True,Edmonton Green,Enfield,E05013679,E09000010
Enfield,Edmonton Green,2022-05-05,Gunes AKBULUT,0,The Labour Party Candidate,1819,True,Edmonton Green,Enfield,E05013679,E09000010
Enfield,Edmonton Green,2022-05-05,Oktay CINPOLAT,0,Independent,866,False,Edmonton Green,Enfield,E05013679,E09000010
Enfield,Edmonton Green,2022-05-05,Ergin ERBIL,0,The Labour Party Candidate,1784,True,Edmonton Green,Enfield,E05013679,E09000010
Enfield,Edmonton Green,2022-05-05,Phivos JOANNIDES,0,Conservative Party Candidate,360,False,Edmonton Green,Enfield,E05013679,E09000010
Enfield,Edmonton Green,2022-05-05,Peter John KRAKOWIAK,0,Green Party,330,False,Edmonton Green,Enfield,E05013679,E09000010
Enfield,Edmonton Green,2022-05-05,Regine Rose LEMBERGER,0,Liberal Democrat,146,False,Edmonton Green,Enfield,E05013679,E09000010
Enfield,Edmonton Green,2022-05-05,Paul MEEHAN,0,Liberal Democrat,126,False,Edmonton Green,Enfield,E05013679,E09000010
Enfield,Edmonton Green,2022-05-05,Telesha REID,0,Independent,648,False,Edmonton Green,Enfield,E05013679,E09000010
Enfield,Edmonton Green,2022-05-05,Andrena SMITH,0,Conservative Party Candidate,409,False,Edmonton Green,Enfield,E05013679,E09000010
Enfield,Edmonton Green,2022-05-05,Lupita TURNER,0,Liberal Democrat,119,False,Edmonton Green,Enfield,E05013679,E09000010
Enfield,Edmonton Green,2022-05-05,Christine WILLIAMS,0,Conservative Party Candidate,416,False,Edmonton Green,Enfield,E05013679,E09000010
Enfield,Enfield Lock,2022-05-05,Arthur Edmund BISHOP-LAGGETT,0,Conservative Party Candidate,870,False,Enfield Lock,Enfield,E05013680,E09000010
Enfield,Enfield Lock,2022-05-05,Maxwell Euan DAY,0,Conservative Party Candidate,933,False,Enfield Lock,Enfield,E05013680,E09000010
Enfield,Enfield Lock,2022-05-05,Paul Andrew DESMONDE,0,Conservative Party Candidate,916,False,Enfield Lock,Enfield,E05013680,E09000010
Enfield,Enfield Lock,2022-05-05,Suna HURMAN,0,The Labour Party Candidate,2077,True,Enfield Lock,Enfield,E05013680,E09000010
Enfield,Enfield Lock,2022-05-05,Sabri OZAYDIN,0,The Labour Party Candidate,1856,True,Enfield Lock,Enfield,E05013680,E09000010
Enfield,Enfield Lock,2022-05-05,Bernie REES,0,Green Party,486,False,Enfield Lock,Enfield,E05013680,E09000010
Enfield,Enfield Lock,2022-05-05,Norman Frank WHITBY,0,Liberal Democrat,328,False,Enfield Lock,Enfield,E05013680,E09000010
Enfield,Enfield Lock,2022-05-05,Eylem YURUK,0,The Labour Party Candidate,1864,True,Enfield Lock,Enfield,E05013680,E09000010
Enfield,Grange Park,2022-05-05,Luke Ashley BALNAVE,0,Green Party,361,False,Grange Park,Enfield,E05013681,E09000010
Enfield,Grange Park,2022-05-05,Chris DEY,0,Conservative Party Candidate,1724,True,Grange Park,Enfield,E05013681,E09000010
Enfield,Grange Park,2022-05-05,Chris JAMES,0,The Labour Party Candidate,669,False,Grange Park,Enfield,E05013681,E09000010
Enfield,Grange Park,2022-05-05,Hazel KINSLER,0,The Labour Party Candidate,784,False,Grange Park,Enfield,E05013681,E09000010
Enfield,Grange Park,2022-05-05,Stuart LAYCOCK,0,Liberal Democrat,294,False,Grange Park,Enfield,E05013681,E09000010
Enfield,Grange Park,2022-05-05,Andy MILNE,0,Conservative Party Candidate,1672,True,Grange Park,Enfield,E05013681,E09000010
Enfield,Grange Park,2022-05-05,Claire WILSON,0,Liberal Democrat,375,False,Grange Park,Enfield,E05013681,E09000010
Enfield,Haselbury,2022-05-05,Lenuta ABDULLAH,0,Liberal Democrat,269,False,Haselbury,Enfield,E05013682,E09000010
Enfield,Haselbury,2022-05-05,Clayton BARNES,0,Conservative Party Candidate,751,False,Haselbury,Enfield,E05013682,E09000010
Enfield,Haselbury,2022-05-05,Mahym BEDEKOVA,0,The Labour Party Candidate,2012,True,Haselbury,Enfield,E05013682,E09000010
Enfield,Haselbury,2022-05-05,Mustafa CETINKAYA,0,The Labour Party Candidate,2039,True,Haselbury,Enfield,E05013682,E09000010
Enfield,Haselbury,2022-05-05,Hannah Giovanna DAWSON,0,Liberal Democrat,342,False,Haselbury,Enfield,E05013682,E09000010
Enfield,Haselbury,2022-05-05,Richard MORGAN-ASH,0,Liberal Democrat,270,False,Haselbury,Enfield,E05013682,E09000010
Enfield,Haselbury,2022-05-05,Alison Claire PHILLIPS,0,Green Party,579,False,Haselbury,Enfield,E05013682,E09000010
Enfield,Haselbury,2022-05-05,George SAVVA,0,The Labour Party Candidate,2019,True,Haselbury,Enfield,E05013682,E09000010
Enfield,Haselbury,2022-05-05,Clare SPRING,0,Conservative Party Candidate,694,False,Haselbury,Enfield,E05013682,E09000010
Enfield,Highfield,2022-05-05,Jacqueline CAMPBELL,0,Conservative Party Candidate,931,False,Highfield,Enfield,E05013683,E09000010
Enfield,Highfield,2022-05-05,Lauren FULBRIGHT,0,Liberal Democrat,328,False,Highfield,Enfield,E05013683,E09000010
Enfield,Highfield,2022-05-05,Tim LEAVER,0,The Labour Party Candidate,1048,True,Highfield,Enfield,E05013683,E09000010
Enfield,Highfield,2022-05-05,Darya PAUN,0,Liberal Democrat,258,False,Highfield,Enfield,E05013683,E09000010
Enfield,Highfield,2022-05-05,Nicola Rose SCOTT,0,Green Party,248,False,Highfield,Enfield,E05013683,E09000010
Enfield,Highfield,2022-05-05,Nia STEVENS,0,The Labour Party Candidate,960,True,Highfield,Enfield,E05013683,E09000010
Enfield,Highfield,2022-05-05,Tolga SULEYMAN,0,Conservative Party Candidate,810,False,Highfield,Enfield,E05013683,E09000010
Enfield,Jubilee,2022-05-05,Chinelo ANYANWU,0,The Labour Party Candidate,1855,True,Jubilee,Enfield,E05013684,E09000010
Enfield,Jubilee,2022-05-05,Glenn James BRESLIN,0,Conservative Party Candidate,864,False,Jubilee,Enfield,E05013684,E09000010
Enfield,Jubilee,2022-05-05,Nesil CALISKAN,0,The Labour Party Candidate,1980,True,Jubilee,Enfield,E05013684,E09000010
Enfield,Jubilee,2022-05-05,Alev CAZIMOGLU,0,The Labour Party Candidate,1852,True,Jubilee,Enfield,E05013684,E09000010
Enfield,Jubilee,2022-05-05,Rada GRAOVAC,0,Green Party,378,False,Jubilee,Enfield,E05013684,E09000010
Enfield,Jubilee,2022-05-05,Frank GREENE,0,Conservative Party Candidate,786,False,Jubilee,Enfield,E05013684,E09000010
Enfield,Jubilee,2022-05-05,Sherryton LEWIS,0,Independent,129,False,Jubilee,Enfield,E05013684,E09000010
Enfield,Jubilee,2022-05-05,Don MCGOWAN,0,Independent,121,False,Jubilee,Enfield,E05013684,E09000010
Enfield,Jubilee,2022-05-05,Leonard Samarasiri MUNASINGHE,0,Conservative Party Candidate,676,False,Jubilee,Enfield,E05013684,E09000010
Enfield,Jubilee,2022-05-05,Iman SAADOUNE,0,Liberal Democrat,230,False,Jubilee,Enfield,E05013684,E09000010
Enfield,Jubilee,2022-05-05,Cemal SAZDILI,0,Independent,263,False,Jubilee,Enfield,E05013684,E09000010
Enfield,Lower Edmonton,2022-05-05,Anne BAGULAY,0,Conservative Party Candidate,567,False,Lower Edmonton,Enfield,E05013685,E09000010
Enfield,Lower Edmonton,2022-05-05,Sinan BOZTAS,0,The Labour Party Candidate,1939,True,Lower Edmonton,Enfield,E05013685,E09000010
Enfield,Lower Edmonton,2022-05-05,Guney DOGAN,0,The Labour Party Candidate,1889,True,Lower Edmonton,Enfield,E05013685,E09000010
Enfield,Lower Edmonton,2022-05-05,Elif ERBIL,0,The Labour Party Candidate,1839,True,Lower Edmonton,Enfield,E05013685,E09000010
Enfield,Lower Edmonton,2022-05-05,John MACRORY,0,Liberal Democrat,257,False,Lower Edmonton,Enfield,E05013685,E09000010
Enfield,Lower Edmonton,2022-05-05,Aidan NELIGAN,0,Liberal Democrat,198,False,Lower Edmonton,Enfield,E05013685,E09000010
Enfield,Lower Edmonton,2022-05-05,Joe PHILLIPS,0,Green Party,355,False,Lower Edmonton,Enfield,E05013685,E09000010
Enfield,Lower Edmonton,2022-05-05,Lindsay RAWLINGS,0,Conservative Party Candidate,517,False,Lower Edmonton,Enfield,E05013685,E09000010
Enfield,Lower Edmonton,2022-05-05,James ROOKE,0,Liberal Democrat,177,False,Lower Edmonton,Enfield,E05013685,E09000010
Enfield,Lower Edmonton,2022-05-05,Dennis STACEY,0,Conservative Party Candidate,487,False,Lower Edmonton,Enfield,E05013685,E09000010
Enfield,New Southgate,2022-05-05,Josh ABEY,0,The Labour Party Candidate,1541,True,New Southgate,Enfield,E05013686,E09000010
Enfield,New Southgate,2022-05-05,Lee ATKINSON,0,Liberal Democrat,294,False,New Southgate,Enfield,E05013686,E09000010
Enfield,New Southgate,2022-05-05,Margaret BRADY,0,Conservative Party Candidate,821,False,New Southgate,Enfield,E05013686,E09000010
Enfield,New Southgate,2022-05-05,Anne Margaret BROWN,0,Green Party,309,False,New Southgate,Enfield,E05013686,E09000010
Enfield,New Southgate,2022-05-05,Laura DAVENPORT,0,Green Party,491,False,New Southgate,Enfield,E05013686,E09000010
Enfield,New Southgate,2022-05-05,Nelly GYOSHEVA,0,The Labour Party Candidate,1419,True,New Southgate,Enfield,E05013686,E09000010
Enfield,New Southgate,2022-05-05,Kiran MISTRY,0,Conservative Party Candidate,812,False,New Southgate,Enfield,E05013686,E09000010
Enfield,New Southgate,2022-05-05,Laura MONK,0,Liberal Democrat,273,False,New Southgate,Enfield,E05013686,E09000010
Enfield,Oakwood,2022-05-05,Brian CRONK,0,Liberal Democrat,276,False,Oakwood,Enfield,E05013687,E09000010
Enfield,Oakwood,2022-05-05,Angie MCEVOY,0,The Labour Party Candidate,839,False,Oakwood,Enfield,E05013687,E09000010
Enfield,Oakwood,2022-05-05,Tom O`HALLORAN,0,Conservative Party Candidate,1330,True,Oakwood,Enfield,E05013687,E09000010
Enfield,Oakwood,2022-05-05,David PETERS,0,Liberal Democrat,288,False,Oakwood,Enfield,E05013687,E09000010
Enfield,Oakwood,2022-05-05,Julian SAMPSON,0,Conservative Party Candidate,1319,True,Oakwood,Enfield,E05013687,E09000010
Enfield,Oakwood,2022-05-05,Karl VIDOL,0,The Labour Party Candidate,694,False,Oakwood,Enfield,E05013687,E09000010
Enfield,Oakwood,2022-05-05,Kevin James WILSON,0,Green Party,309,False,Oakwood,Enfield,E05013687,E09000010
Enfield,Palmers Green,2022-05-05,Nicholas ARAUJO HAOJIPATERAS,0,Trade Unionist and Socialist Coalition,44,False,Palmers Green,Enfield,E05013688,E09000010
Enfield,Palmers Green,2022-05-05,Mutlu BEYZADE,0,Liberal Democrat,346,False,Palmers Green,Enfield,E05013688,E09000010
Enfield,Palmers Green,2022-05-05,Basil Thomas CLARKE,0,Green Party,340,False,Palmers Green,Enfield,E05013688,E09000010
Enfield,Palmers Green,2022-05-05,Ertan HURER,0,Conservative Party Candidate,783,False,Palmers Green,Enfield,E05013688,E09000010
Enfield,Palmers Green,2022-05-05,Chris JAMES,0,The Labour Party Candidate,1511,True,Palmers Green,Enfield,E05013688,E09000010
Enfield,Palmers Green,2022-05-05,Shyamala LENNON,0,Conservative Party Candidate,862,False,Palmers Green,Enfield,E05013688,E09000010
Enfield,Palmers Green,2022-05-05,Angela LEWIS-WRIGHT,0,Freedom Alliance. No More Experimental Jabs.,47,False,Palmers Green,Enfield,E05013688,E09000010
Enfield,Palmers Green,2022-05-05,Brendan John MALONE,0,Liberal Democrat,407,False,Palmers Green,Enfield,E05013688,E09000010
Enfield,Palmers Green,2022-05-05,Douglas TAYLOR,0,The Labour Party Candidate,1433,True,Palmers Green,Enfield,E05013688,E09000010
Enfield,Palmers Green,2022-05-05,Nicholas John WALL,0,Green Party,322,False,Palmers Green,Enfield,E05013688,E09000010
Enfield,Ponders End,2022-05-05,Nicki ADELEKE,0,The Labour Party Candidate,1354,True,Ponders End,Enfield,E05013689,E09000010
Enfield,Ponders End,2022-05-05,Robert Edward BRASSETT,0,Liberal Democrat,237,False,Ponders End,Enfield,E05013689,E09000010
Enfield,Ponders End,2022-05-05,Mohammad Amirul ISLAM,0,The Labour Party Candidate,1316,True,Ponders End,Enfield,E05013689,E09000010
Enfield,Ponders End,2022-05-05,Andreea MALIN,0,Green Party,243,False,Ponders End,Enfield,E05013689,E09000010
Enfield,Ponders End,2022-05-05,Anupama Esther PRASAD,0,Conservative Party Candidate,536,False,Ponders End,Enfield,E05013689,E09000010
Enfield,Ponders End,2022-05-05,Brian SEKITTO,0,Liberal Democrat,169,False,Ponders End,Enfield,E05013689,E09000010
Enfield,Ponders End,2022-05-05,Md Main UDDIN,0,Conservative Party Candidate,647,False,Ponders End,Enfield,E05013689,E09000010
Enfield,Ridgeway,2022-05-05,Yalcin AKSANOGLU,0,The Labour Party Candidate,940,False,Ridgeway,Enfield,E05013690,E09000010
Enfield,Ridgeway,2022-05-05,Zeynep AKSANOGLU,0,The Labour Party Candidate,1012,False,Ridgeway,Enfield,E05013690,E09000010
Enfield,Ridgeway,2022-05-05,Jeff EVANS,0,ReformUK,88,False,Ridgeway,Enfield,E05013690,E09000010
Enfield,Ridgeway,2022-05-05,Hilary KIDMAN,0,Liberal Democrat,563,False,Ridgeway,Enfield,E05013690,E09000010
Enfield,Ridgeway,2022-05-05,Joanne Louise LABAN,0,Conservative Party Candidate,2541,True,Ridgeway,Enfield,E05013690,E09000010
Enfield,Ridgeway,2022-05-05,Simon Richard PEARCE,0,The Labour Party Candidate,1060,False,Ridgeway,Enfield,E05013690,E09000010
Enfield,Ridgeway,2022-05-05,Hugh Macgillivray SMALL,0,Green Party,682,False,Ridgeway,Enfield,E05013690,E09000010
Enfield,Ridgeway,2022-05-05,Edward Michael Ian SMITH,0,Conservative Party Candidate,2427,True,Ridgeway,Enfield,E05013690,E09000010
Enfield,Ridgeway,2022-05-05,Alan STAINER,0,Liberal Democrat,393,False,Ridgeway,Enfield,E05013690,E09000010
Enfield,Ridgeway,2022-05-05,Lorice STAINER,0,Liberal Democrat,357,False,Ridgeway,Enfield,E05013690,E09000010
Enfield,Ridgeway,2022-05-05,Andrew James THORP,0,Conservative Party Candidate,2502,True,Ridgeway,Enfield,E05013690,E09000010
Enfield,Southbury,2022-05-05,Mahmut AKSANOGLU,0,The Labour Party Candidate,1705,True,Southbury,Enfield,E05013691,E09000010
Enfield,Southbury,2022-05-05,John DOLAN,0,Trade Unionist and Socialist Coalition,126,False,Southbury,Enfield,E05013691,E09000010
Enfield,Southbury,2022-05-05,Patrick Hewytt DRYSDALE,0,Conservative Party Candidate,1225,False,Southbury,Enfield,E05013691,E09000010
Enfield,Southbury,2022-05-05,Ayten GUZEL,0,The Labour Party Candidate,1692,True,Southbury,Enfield,E05013691,E09000010
Enfield,Southbury,2022-05-05,Penelope HEATHWOOD,0,Conservative Party Candidate,1214,False,Southbury,Enfield,E05013691,E09000010
Enfield,Southbury,2022-05-05,Rick JEWELL,0,The Labour Party Candidate,1714,True,Southbury,Enfield,E05013691,E09000010
Enfield,Southbury,2022-05-05,Mansoor Arshad MIR,0,Liberal Democrat,259,False,Southbury,Enfield,E05013691,E09000010
Enfield,Southbury,2022-05-05,Arben NEZA,0,Conservative Party Candidate,1116,False,Southbury,Enfield,E05013691,E09000010
Enfield,Southbury,2022-05-05,Alexander RADER,0,Liberal Democrat,311,False,Southbury,Enfield,E05013691,E09000010
Enfield,Southbury,2022-05-05,Sunaina RISHI,0,Green Party,518,False,Southbury,Enfield,E05013691,E09000010
Enfield,Southbury,2022-05-05,Gwyneth Wesley ROLPH,0,Freedom Alliance. Stop the Great Reset.,69,False,Southbury,Enfield,E05013691,E09000010
Enfield,Southbury,2022-05-05,Stephen John VINEY,0,Liberal Democrat,281,False,Southbury,Enfield,E05013691,E09000010
Enfield,Southgate,2022-05-05,Harry DEVITT REDMOND,0,The Labour Party Candidate,1340,False,Southgate,Enfield,E05013692,E09000010
Enfield,Southgate,2022-05-05,Georgia ELLIOTT-SMITH,0,Green Party,1087,False,Southgate,Enfield,E05013692,E09000010
Enfield,Southgate,2022-05-05,Charith GUNAWARDENA,0,Green Party,1268,False,Southgate,Enfield,E05013692,E09000010
Enfield,Southgate,2022-05-05,Christine HAMILTON,0,The Labour Party Candidate,1365,False,Southgate,Enfield,E05013692,E09000010
Enfield,Southgate,2022-05-05,Stephanos IOANNOU,0,Conservative Party Candidate,1915,True,Southgate,Enfield,E05013692,E09000010
Enfield,Southgate,2022-05-05,Chris JOANNIDES,0,Conservative Party Candidate,1751,True,Southgate,Enfield,E05013692,E09000010
Enfield,Southgate,2022-05-05,Richard MAPLESTON,0,Liberal Democrat,342,False,Southgate,Enfield,E05013692,E09000010
Enfield,Southgate,2022-05-05,Sanjay MAZUMDER,0,Liberal Democrat,317,False,Southgate,Enfield,E05013692,E09000010
Enfield,Southgate,2022-05-05,Diana MEDLICOTT,0,Liberal Democrat,291,False,Southgate,Enfield,E05013692,E09000010
Enfield,Southgate,2022-05-05,Elisa MORREALE,0,Conservative Party Candidate,1654,True,Southgate,Enfield,E05013692,E09000010
Enfield,Southgate,2022-05-05,Gary OGIN,0,The Labour Party Candidate,1183,False,Southgate,Enfield,E05013692,E09000010
Enfield,Southgate,2022-05-05,Nigel John WATSON,0,Green Party,840,False,Southgate,Enfield,E05013692,E09000010
Enfield,Town,2022-05-05,Chris COLE,0,The Labour Party Candidate,1464,False,Town,Enfield,E05013693,E09000010
Enfield,Town,2022-05-05,Kay Natalie HEATHER,0,Green Party,842,False,Town,Enfield,E05013693,E09000010
Enfield,Town,2022-05-05,Ausilia Matraxia LE`CAND-HARWOOD,0,Liberal Democrat,413,False,Town,Enfield,E05013693,E09000010
Enfield,Town,2022-05-05,Christopher LE`CAND-HARWOOD,0,Liberal Democrat,342,False,Town,Enfield,E05013693,E09000010
Enfield,Town,2022-05-05,Tim MARTIN,0,Liberal Democrat,484,False,Town,Enfield,E05013693,E09000010
Enfield,Town,2022-05-05,Sibel OZCELIK,0,The Labour Party Candidate,1297,False,Town,Enfield,E05013693,E09000010
Enfield,Town,2022-05-05,Jacob PERSAUD,0,The Labour Party Candidate,1423,False,Town,Enfield,E05013693,E09000010
Enfield,Town,2022-05-05,Michael Jeremy RYE,0,Conservative Party Candidate,1980,True,Town,Enfield,E05013693,E09000010
Enfield,Town,2022-05-05,James Buckley STEVEN,0,Conservative Party Candidate,1924,True,Town,Enfield,E05013693,E09000010
Enfield,Town,2022-05-05,Emma Lucy SUPPLE,0,Conservative Party Candidate,1963,True,Town,Enfield,E05013693,E09000010
Enfield,Upper Edmonton,2022-05-05,Tudorel CARACUDA,0,Liberal Democrat,202,False,Upper Edmonton,Enfield,E05013694,E09000010
Enfield,Upper Edmonton,2022-05-05,Insaf EL-JAAFARI,0,Liberal Democrat,160,False,Upper Edmonton,Enfield,E05013694,E09000010
Enfield,Upper Edmonton,2022-05-05,Thomas FAWNS,0,The Labour Party Candidate,2011,True,Upper Edmonton,Enfield,E05013694,E09000010
Enfield,Upper Edmonton,2022-05-05,David Christopher FLINT,0,Green Party,292,False,Upper Edmonton,Enfield,E05013694,E09000010
Enfield,Upper Edmonton,2022-05-05,Margaret GREER,0,The Labour Party Candidate,2024,True,Upper Edmonton,Enfield,E05013694,E09000010
Enfield,Upper Edmonton,2022-05-05,Doris JIAGGE,0,The Labour Party Candidate,1956,True,Upper Edmonton,Enfield,E05013694,E09000010
Enfield,Upper Edmonton,2022-05-05,Daniel PEARCE,0,Conservative Party Candidate,512,False,Upper Edmonton,Enfield,E05013694,E09000010
Enfield,Upper Edmonton,2022-05-05,Hifjur RAHMAN,0,Conservative Party Candidate,431,False,Upper Edmonton,Enfield,E05013694,E09000010
Enfield,Upper Edmonton,2022-05-05,Sahar SAAMI,0,Liberal Democrat,160,False,Upper Edmonton,Enfield,E05013694,E09000010
Enfield,Upper Edmonton,2022-05-05,Rachel SHAWCROSS,0,Conservative Party Candidate,435,False,Upper Edmonton,Enfield,E05013694,E09000010
Enfield,Whitewebbs,2022-05-05,Robert John WILSON,0,Liberal Democrat,1042,False,Whitewebbs,Enfield,E05013695,E09000010
Enfield,Whitewebbs,2022-05-05,Deborah Frances CAIRNS,0,ReformUK,85,False,Whitewebbs,Enfield,E05013695,E09000010
Enfield,Whitewebbs,2022-05-05,Hannah Geraldine DYSON,0,Conservative Party Candidate,1900,True,Whitewebbs,Enfield,E05013695,E09000010
Enfield,Whitewebbs,2022-05-05,Nishan DZHINGOZYAN,0,The Labour Party Candidate,1256,False,Whitewebbs,Enfield,E05013695,E09000010
Enfield,Whitewebbs,2022-05-05,Reece Anthony Charles FOX,0,Conservative Party Candidate,1712,True,Whitewebbs,Enfield,E05013695,E09000010
Enfield,Whitewebbs,2022-05-05,Mirjana GLAVARDANOV,0,Trade Unionist and Socialist Coalition,70,False,Whitewebbs,Enfield,E05013695,E09000010
Enfield,Whitewebbs,2022-05-05,Stephen Henry HENNESSY,0,Green Party,558,False,Whitewebbs,Enfield,E05013695,E09000010
Enfield,Whitewebbs,2022-05-05,Ayfer ORHAN,0,Liberal Democrat,971,False,Whitewebbs,Enfield,E05013695,E09000010
Enfield,Whitewebbs,2022-05-05,Gaetano Luca RUSSO,0,Liberal Democrat,1057,False,Whitewebbs,Enfield,E05013695,E09000010
Enfield,Whitewebbs,2022-05-05,David James SKELTON,0,Conservative Party Candidate,1788,True,Whitewebbs,Enfield,E05013695,E09000010
Enfield,Whitewebbs,2022-05-05,David WOOD,0,The Labour Party Candidate,1313,False,Whitewebbs,Enfield,E05013695,E09000010
Enfield,Whitewebbs,2022-05-05,Hass YUSUF,0,The Labour Party Candidate,1186,False,Whitewebbs,Enfield,E05013695,E09000010
Enfield,Winchmore Hill,2022-05-05,Carl BAYLISS,0,The Labour Party Candidate,996,False,Winchmore Hill,Enfield,E05013696,E09000010
Enfield,Winchmore Hill,2022-05-05,Lee CHAMBERLAIN,0,Conservative Party Candidate,1725,True,Winchmore Hill,Enfield,E05013696,E09000010
Enfield,Winchmore Hill,2022-05-05,Matt J. MCLAREN,0,Liberal Democrat,483,False,Winchmore Hill,Enfield,E05013696,E09000010
Enfield,Winchmore Hill,2022-05-05,Jonathan MOLLOY,0,Green Party,470,False,Winchmore Hill,Enfield,E05013696,E09000010
Enfield,Winchmore Hill,2022-05-05,Mark QUINN,0,The Labour Party Candidate,948,False,Winchmore Hill,Enfield,E05013696,E09000010
Enfield,Winchmore Hill,2022-05-05,Andy STAINTON,0,Liberal Democrat,420,False,Winchmore Hill,Enfield,E05013696,E09000010
Enfield,Winchmore Hill,2022-05-05,Maria ALEXANDROU,0,Conservative Party Candidate,1899,True,Winchmore Hill,Enfield,E05013696,E09000010
Greenwich,Abbey Wood,2022-05-05,BAKER,Peter George Thomas,Labour and Co-operative Party,1980,True,Abbey Wood,Greenwich,E05014072,E09000011
Greenwich,Abbey Wood,2022-05-05,BRANDON,James,Green Party,526,False,Abbey Wood,Greenwich,E05014072,E09000011
Greenwich,Abbey Wood,2022-05-05,BRINSON,David,Conservative Party Candidate,569,False,Abbey Wood,Greenwich,E05014072,E09000011
Greenwich,Abbey Wood,2022-05-05,COUSINS,Ann-Marie Imani,Labour and Co-operative Party,1964,True,Abbey Wood,Greenwich,E05014072,E09000011
Greenwich,Abbey Wood,2022-05-05,DURHAM,Anthony Charles Henry,Liberal Democrats,211,False,Abbey Wood,Greenwich,E05014072,E09000011
Greenwich,Abbey Wood,2022-05-05,GALIEVA,Aruhan,Green Party,338,False,Abbey Wood,Greenwich,E05014072,E09000011
Greenwich,Abbey Wood,2022-05-05,HYLAND,Denise Christine,Labour and Co-operative Party,1929,True,Abbey Wood,Greenwich,E05014072,E09000011
Greenwich,Abbey Wood,2022-05-05,LOBO,Brenda,Conservative Party Candidate,506,False,Abbey Wood,Greenwich,E05014072,E09000011
Greenwich,Abbey Wood,2022-05-05,MIRABELLA,Roberto,Green Party,374,False,Abbey Wood,Greenwich,E05014072,E09000011
Greenwich,Abbey Wood,2022-05-05,WELLER,Brian,Conservative Party Candidate,499,False,Abbey Wood,Greenwich,E05014072,E09000011
Greenwich,Blackheath Westcombe,2022-05-05,ALLMAN,Trevor William,Official Monster Raving Loony Party,125,False,Blackheath Westcombe,Greenwich,E05014073,E09000011
Greenwich,Blackheath Westcombe,2022-05-05,BRIGHTY,Geoff,Conservative Party Candidate,1621,False,Blackheath Westcombe,Greenwich,E05014073,E09000011
Greenwich,Blackheath Westcombe,2022-05-05,CHALMERS,Pierce George,Liberal Democrats,578,False,Blackheath Westcombe,Greenwich,E05014073,E09000011
Greenwich,Blackheath Westcombe,2022-05-05,COPPACK,Lee,Liberal Democrats,618,False,Blackheath Westcombe,Greenwich,E05014073,E09000011
Greenwich,Blackheath Westcombe,2022-05-05,EDGAR,Christopher George,Green Party,672,False,Blackheath Westcombe,Greenwich,E05014073,E09000011
Greenwich,Blackheath Westcombe,2022-05-05,FLETCHER,Leo,Labour and Co-operative Party,2372,True,Blackheath Westcombe,Greenwich,E05014073,E09000011
Greenwich,Blackheath Westcombe,2022-05-05,LOLAVAR,Mariam,Labour and Co-operative Party,2467,True,Blackheath Westcombe,Greenwich,E05014073,E09000011
Greenwich,Blackheath Westcombe,2022-05-05,MALIVOIRE,Philip Ian,Green Party,629,False,Blackheath Westcombe,Greenwich,E05014073,E09000011
Greenwich,Blackheath Westcombe,2022-05-05,MCGILL,Stewart David James,Communist Party of Britain,79,False,Blackheath Westcombe,Greenwich,E05014073,E09000011
Greenwich,Blackheath Westcombe,2022-05-05,MCGINLEY,Daniel,Conservative Party Candidate,1245,False,Blackheath Westcombe,Greenwich,E05014073,E09000011
Greenwich,Blackheath Westcombe,2022-05-05,MUGHAL,Naveed,Conservative Party Candidate,1166,False,Blackheath Westcombe,Greenwich,E05014073,E09000011
Greenwich,Blackheath Westcombe,2022-05-05,RANCE,Victoria,Green Party,876,False,Blackheath Westcombe,Greenwich,E05014073,E09000011
Greenwich,Blackheath Westcombe,2022-05-05,SPENCE,Roger Norman Abbot,Liberal Democrats,477,False,Blackheath Westcombe,Greenwich,E05014073,E09000011
Greenwich,Blackheath Westcombe,2022-05-05,ST MATTHEW-DANIEL,Christine,Labour and Co-operative Party,2170,True,Blackheath Westcombe,Greenwich,E05014073,E09000011
Greenwich,Charlton Hornfair,2022-05-05,BROWN,Ann Sophia,Green Party,547,False,Charlton Hornfair,Greenwich,E05014074,E09000011
Greenwich,Charlton Hornfair,2022-05-05,BURKE-MCDONALD,Clare Sorcha Nancy,Labour and Co-operative Party,1744,True,Charlton Hornfair,Greenwich,E05014074,E09000011
Greenwich,Charlton Hornfair,2022-05-05,BURRIDGE,Sam,Liberal Democrats,241,False,Charlton Hornfair,Greenwich,E05014074,E09000011
Greenwich,Charlton Hornfair,2022-05-05,FIENNES,Rupert,Conservative Party Candidate,486,False,Charlton Hornfair,Greenwich,E05014074,E09000011
Greenwich,Charlton Hornfair,2022-05-05,O`KELLY,Alan,Conservative Party Candidate,453,False,Charlton Hornfair,Greenwich,E05014074,E09000011
Greenwich,Charlton Hornfair,2022-05-05,PEMBERTON,Cole,Green Party,272,False,Charlton Hornfair,Greenwich,E05014074,E09000011
Greenwich,Charlton Hornfair,2022-05-05,SALDIN,Lakshan Pernamo,Labour and Co-operative Party,1528,True,Charlton Hornfair,Greenwich,E05014074,E09000011
Greenwich,Charlton Village & Riverside,2022-05-05,CONNOLLY,Philip John,Green Party,355,False,Charlton Village & Riverside,Greenwich,E05014075,E09000011
Greenwich,Charlton Village & Riverside,2022-05-05,DILLON,Gary,Labour and Co-operative Party,1491,True,Charlton Village & Riverside,Greenwich,E05014075,E09000011
Greenwich,Charlton Village & Riverside,2022-05-05,LOOPS,Clare,Green Party,427,False,Charlton Village & Riverside,Greenwich,E05014075,E09000011
Greenwich,Charlton Village & Riverside,2022-05-05,VAN DEN BROEK,Jo,Labour and Co-operative Party,1346,True,Charlton Village & Riverside,Greenwich,E05014075,E09000011
Greenwich,Charlton Village & Riverside,2022-05-05,WATKIN,Stuart John,Liberal Democrats,182,False,Charlton Village & Riverside,Greenwich,E05014075,E09000011
Greenwich,Charlton Village & Riverside,2022-05-05,WOODRUFF,Lucy,Conservative Party Candidate,303,False,Charlton Village & Riverside,Greenwich,E05014075,E09000011
Greenwich,Charlton Village & Riverside,2022-05-05,WORRON,James,Conservative Party Candidate,258,False,Charlton Village & Riverside,Greenwich,E05014075,E09000011
Greenwich,East Greenwich,2022-05-05,BELL,Andrew,Conservative Party Candidate,483,False,East Greenwich,Greenwich,E05014076,E09000011
Greenwich,East Greenwich,2022-05-05,BORBELY,Andrea,Conservative Party Candidate,495,False,East Greenwich,Greenwich,E05014076,E09000011
Greenwich,East Greenwich,2022-05-05,BROWNE,Matt,Green Party,1557,False,East Greenwich,Greenwich,E05014076,E09000011
Greenwich,East Greenwich,2022-05-05,HANNAN,Rowshan,Labour Party,1825,True,East Greenwich,Greenwich,E05014076,E09000011
Greenwich,East Greenwich,2022-05-05,RAHMAN,Majid,Labour Party,1700,True,East Greenwich,Greenwich,E05014076,E09000011
Greenwich,East Greenwich,2022-05-05,RICHARDS COTTELL,Maisie,Labour Party,1844,True,East Greenwich,Greenwich,E05014076,E09000011
Greenwich,East Greenwich,2022-05-05,SMITH,Stacy Elaine,Green Party,1632,False,East Greenwich,Greenwich,E05014076,E09000011
Greenwich,East Greenwich,2022-05-05,TEARLE,Karin,Green Party,1462,False,East Greenwich,Greenwich,E05014076,E09000011
Greenwich,East Greenwich,2022-05-05,WAINWRIGHT,Rupert John Edward,Liberal Democrats,78,False,East Greenwich,Greenwich,E05014076,E09000011
Greenwich,East Greenwich,2022-05-05,WHITTINGHAM,Elliot,Conservative Party Candidate,396,False,East Greenwich,Greenwich,E05014076,E09000011
Greenwich,Eltham Page,2022-05-05,BEGOLLARI,Angie,Conservative Party Candidate,541,False,Eltham Page,Greenwich,E05014077,E09000011
Greenwich,Eltham Page,2022-05-05,HUNTBACH,Matthew Mark,Liberal Democrats,187,False,Eltham Page,Greenwich,E05014077,E09000011
Greenwich,Eltham Page,2022-05-05,MERRILL,Sarah-Jane,Labour and Co-operative Party,1152,True,Eltham Page,Greenwich,E05014077,E09000011
Greenwich,Eltham Page,2022-05-05,RUSSELL,Phil,Conservative Party Candidate,544,False,Eltham Page,Greenwich,E05014077,E09000011
Greenwich,Eltham Page,2022-05-05,SCANLON,Nicholas,Britain First - British People First,255,False,Eltham Page,Greenwich,E05014077,E09000011
Greenwich,Eltham Page,2022-05-05,STRATFORD,Matt,Green Party,265,False,Eltham Page,Greenwich,E05014077,E09000011
Greenwich,Eltham Page,2022-05-05,WILLIAMS,Miranda,Labour and Co-operative Party,1030,True,Eltham Page,Greenwich,E05014077,E09000011
Greenwich,Eltham Park & Progress,2022-05-05,BEAUMONT,Wendy Dawn,Reform UK,98,False,Eltham Park & Progress,Greenwich,E05014078,E09000011
Greenwich,Eltham Park & Progress,2022-05-05,BIRD,Linda,Labour and Co-operative Party,1959,True,Eltham Park & Progress,Greenwich,E05014078,E09000011
Greenwich,Eltham Park & Progress,2022-05-05,DAVIS,Charlie,Conservative Party Candidate,1479,False,Eltham Park & Progress,Greenwich,E05014078,E09000011
Greenwich,Eltham Park & Progress,2022-05-05,DRURY,Spencer,Conservative Party Candidate,1470,False,Eltham Park & Progress,Greenwich,E05014078,E09000011
Greenwich,Eltham Park & Progress,2022-05-05,HAWKINS,Luke Anthony,Green Party,480,False,Eltham Park & Progress,Greenwich,E05014078,E09000011
Greenwich,Eltham Park & Progress,2022-05-05,MILLS,Alistair Daniel,Liberal Democrats,228,False,Eltham Park & Progress,Greenwich,E05014078,E09000011
Greenwich,Eltham Park & Progress,2022-05-05,PEIRCE,Simon,Labour and Co-operative Party,1662,True,Eltham Park & Progress,Greenwich,E05014078,E09000011
Greenwich,Eltham Town & Avery Hill,2022-05-05,BACKON,Sammy,Labour and Co-operative Party,1870,True,Eltham Town & Avery Hill,Greenwich,E05014079,E09000011
Greenwich,Eltham Town & Avery Hill,2022-05-05,BRIGHT,Tom,Reform UK,164,False,Eltham Town & Avery Hill,Greenwich,E05014079,E09000011
Greenwich,Eltham Town & Avery Hill,2022-05-05,CHUTER,Michael David,Liberal Democrats,312,False,Eltham Town & Avery Hill,Greenwich,E05014079,E09000011
Greenwich,Eltham Town & Avery Hill,2022-05-05,DINGSDALE,Lauren,Labour and Co-operative Party,1921,True,Eltham Town & Avery Hill,Greenwich,E05014079,E09000011
Greenwich,Eltham Town & Avery Hill,2022-05-05,FLETCHER,Nigel,Conservative Party Candidate,1740,False,Eltham Town & Avery Hill,Greenwich,E05014079,E09000011
Greenwich,Eltham Town & Avery Hill,2022-05-05,GREENWELL,Pat,Conservative Party Candidate,1763,True,Eltham Town & Avery Hill,Greenwich,E05014079,E09000011
Greenwich,Eltham Town & Avery Hill,2022-05-05,PARKHURST,Martha Emilie,Liberal Democrats,340,False,Eltham Town & Avery Hill,Greenwich,E05014079,E09000011
Greenwich,Eltham Town & Avery Hill,2022-05-05,REID,Malcolm,Conservative Party Candidate,1528,False,Eltham Town & Avery Hill,Greenwich,E05014079,E09000011
Greenwich,Eltham Town & Avery Hill,2022-05-05,WILLIAMS,Mark Alan,Green Party,573,False,Eltham Town & Avery Hill,Greenwich,E05014079,E09000011
Greenwich,Eltham Town & Avery Hill,2022-05-05,ZEESHAN,Raja,Labour and Co-operative Party,1678,False,Eltham Town & Avery Hill,Greenwich,E05014079,E09000011
Greenwich,Greenwich Creekside,2022-05-05,ANNING,Majella,Labour Party,1463,True,Greenwich Creekside,Greenwich,E05014080,E09000011
Greenwich,Greenwich Creekside,2022-05-05,AUSTIN,Anthony Philip,Liberal Democrats,302,False,Greenwich Creekside,Greenwich,E05014080,E09000011
Greenwich,Greenwich Creekside,2022-05-05,CROMPTON,Ben,Conservative Party Candidate,356,False,Greenwich Creekside,Greenwich,E05014080,E09000011
Greenwich,Greenwich Creekside,2022-05-05,HARRIS,Victoria Jane Kathleen,Liberal Democrats,333,False,Greenwich Creekside,Greenwich,E05014080,E09000011
Greenwich,Greenwich Creekside,2022-05-05,LONGHURST,Sem,Green Party,449,False,Greenwich Creekside,Greenwich,E05014080,E09000011
Greenwich,Greenwich Creekside,2022-05-05,O`BYRNE MULLIGAN,Calum,Labour Party,1224,True,Greenwich Creekside,Greenwich,E05014080,E09000011
Greenwich,Greenwich Creekside,2022-05-05,SWIFT,Christopher,Conservative Party Candidate,254,False,Greenwich Creekside,Greenwich,E05014080,E09000011
Greenwich,Greenwich Park,2022-05-05,JEFFERY,Hayley,Green Party Lead Candidate,1000,False,Greenwich Park,Greenwich,E05014081,E09000011
Greenwich,Greenwich Park,2022-05-05,O`CONNOR,Rhian,Liberal Democrats,335,False,Greenwich Park,Greenwich,E05014081,E09000011
Greenwich,Greenwich Park,2022-05-05,SIXSMITH,Mike,Green Party,650,False,Greenwich Park,Greenwich,E05014081,E09000011
Greenwich,Greenwich Park,2022-05-05,SLATTERY,Pat,Labour Party,1441,True,Greenwich Park,Greenwich,E05014081,E09000011
Greenwich,Greenwich Park,2022-05-05,SMITH,Aidan,Labour Party,1379,True,Greenwich Park,Greenwich,E05014081,E09000011
Greenwich,Greenwich Park,2022-05-05,SMITH,Andrew Charles,Liberal Democrats,216,False,Greenwich Park,Greenwich,E05014081,E09000011
Greenwich,Greenwich Park,2022-05-05,SMITH,Daniel,Conservative Party Candidate,363,False,Greenwich Park,Greenwich,E05014081,E09000011
Greenwich,Greenwich Park,2022-05-05,VILALTA,Ariadna,Conservative Party Candidate,328,False,Greenwich Park,Greenwich,E05014081,E09000011
Greenwich,Greenwich Peninsula,2022-05-05,ABBATE,Ulysse Lucien,Liberal Democrats,312,False,Greenwich Peninsula,Greenwich,E05014082,E09000011
Greenwich,Greenwich Peninsula,2022-05-05,AMAEFULA,Godwin,Conservative Party Candidate,321,False,Greenwich Peninsula,Greenwich,E05014082,E09000011
Greenwich,Greenwich Peninsula,2022-05-05,BAILEY,Roger,Green Party,323,False,Greenwich Peninsula,Greenwich,E05014082,E09000011
Greenwich,Greenwich Peninsula,2022-05-05,CHAMBERLAIN,Richard John,Liberal Democrats,290,False,Greenwich Peninsula,Greenwich,E05014082,E09000011
Greenwich,Greenwich Peninsula,2022-05-05,COWLING,James,Conservative Party Candidate,321,False,Greenwich Peninsula,Greenwich,E05014082,E09000011
Greenwich,Greenwich Peninsula,2022-05-05,GARDNER,David Llewellyn,Labour and Co-operative Party,1047,True,Greenwich Peninsula,Greenwich,E05014082,E09000011
Greenwich,Greenwich Peninsula,2022-05-05,HOLMES,John Keith,Green Party,271,False,Greenwich Peninsula,Greenwich,E05014082,E09000011
Greenwich,Greenwich Peninsula,2022-05-05,MULLIGAN,Greg,Liberal Democrats,301,False,Greenwich Peninsula,Greenwich,E05014082,E09000011
Greenwich,Greenwich Peninsula,2022-05-05,SCOTT-MCDONALD,Denise Roseanne,Labour and Co-operative Party,1080,True,Greenwich Peninsula,Greenwich,E05014082,E09000011
Greenwich,Greenwich Peninsula,2022-05-05,SESSIONS,Laura Jane,Green Party,371,False,Greenwich Peninsula,Greenwich,E05014082,E09000011
Greenwich,Greenwich Peninsula,2022-05-05,UGO,Anthonia,Conservative Party Candidate,295,False,Greenwich Peninsula,Greenwich,E05014082,E09000011
Greenwich,Greenwich Peninsula,2022-05-05,WHEELER,Terry,Reform UK,48,False,Greenwich Peninsula,Greenwich,E05014082,E09000011
Greenwich,Greenwich Peninsula,2022-05-05,WILLIAMS,Nick,Labour and Co-operative Party,959,True,Greenwich Peninsula,Greenwich,E05014082,E09000011
Greenwich,Kidbrooke Park,2022-05-05,DAVIS,Aileen,Conservative Party Candidate,571,False,Kidbrooke Park,Greenwich,E05014083,E09000011
Greenwich,Kidbrooke Park,2022-05-05,FAHY,John,Labour and Co-operative Party,1270,True,Kidbrooke Park,Greenwich,E05014083,E09000011
Greenwich,Kidbrooke Park,2022-05-05,KENT,Sharon Anne,Reform UK,127,False,Kidbrooke Park,Greenwich,E05014083,E09000011
Greenwich,Kidbrooke Park,2022-05-05,MCGAHEY,Odette Florence,Labour and Co-operative Party,1284,True,Kidbrooke Park,Greenwich,E05014083,E09000011
Greenwich,Kidbrooke Park,2022-05-05,PEMBERTON,Alexander John,Green Party,390,False,Kidbrooke Park,Greenwich,E05014083,E09000011
Greenwich,Kidbrooke Park,2022-05-05,REID,Donald William Sherret,Liberal Democrats,218,False,Kidbrooke Park,Greenwich,E05014083,E09000011
Greenwich,Kidbrooke Park,2022-05-05,WEST,Kerrymarie,Conservative Party Candidate,487,False,Kidbrooke Park,Greenwich,E05014083,E09000011
Greenwich,Kidbrooke Village & Sutcliffe,2022-05-05,BAUER,Sandra,Labour and Co-operative Party,865,True,Kidbrooke Village & Sutcliffe,Greenwich,E05014084,E09000011
Greenwich,Kidbrooke Village & Sutcliffe,2022-05-05,DRURY,Kate,Conservative Party Candidate,266,False,Kidbrooke Village & Sutcliffe,Greenwich,E05014084,E09000011
Greenwich,Kidbrooke Village & Sutcliffe,2022-05-05,MILNE,Chris,Liberal Democrats,169,False,Kidbrooke Village & Sutcliffe,Greenwich,E05014084,E09000011
Greenwich,Kidbrooke Village & Sutcliffe,2022-05-05,MOORE,Fiona Charlotte,Green Party,290,False,Kidbrooke Village & Sutcliffe,Greenwich,E05014084,E09000011
Greenwich,Kidbrooke Village & Sutcliffe,2022-05-05,OJOMOLA,Lola,Conservative Party Candidate,209,False,Kidbrooke Village & Sutcliffe,Greenwich,E05014084,E09000011
Greenwich,Kidbrooke Village & Sutcliffe,2022-05-05,SULLIVAN,Dave,Labour and Co-operative Party,655,True,Kidbrooke Village & Sutcliffe,Greenwich,E05014084,E09000011
Greenwich,Middle Park & Horn Park,2022-05-05,BANKS,David,Conservative Party Candidate,521,False,Middle Park & Horn Park,Greenwich,E05014085,E09000011
Greenwich,Middle Park & Horn Park,2022-05-05,DAVIES,Pierre Lewis,Green Party,236,False,Middle Park & Horn Park,Greenwich,E05014085,E09000011
Greenwich,Middle Park & Horn Park,2022-05-05,MAY,Chris,Labour and Co-operative Party,1302,True,Middle Park & Horn Park,Greenwich,E05014085,E09000011
Greenwich,Middle Park & Horn Park,2022-05-05,PATTENDEN,Mark Simon,Liberal Democrats,184,False,Middle Park & Horn Park,Greenwich,E05014085,E09000011
Greenwich,Middle Park & Horn Park,2022-05-05,SAYERS,Rob,Conservative Party Candidate,449,False,Middle Park & Horn Park,Greenwich,E05014085,E09000011
Greenwich,Middle Park & Horn Park,2022-05-05,TAGGART-RYAN,Rachel,Labour and Co-operative Party,1242,True,Middle Park & Horn Park,Greenwich,E05014085,E09000011
Greenwich,"Mottingham, Coldharbour & New Eltham",2022-05-05,AUSTEN,Donald James,Labour and Co-operative Party,1836,False,"Mottingham, Coldharbour & New Eltham",Greenwich,E05014086,E09000011
Greenwich,"Mottingham, Coldharbour & New Eltham",2022-05-05,DOWSE,Cathy,Labour and Co-operative Party,1916,True,"Mottingham, Coldharbour & New Eltham",Greenwich,E05014086,E09000011
Greenwich,"Mottingham, Coldharbour & New Eltham",2022-05-05,GENTRY,Paul Graeme,Liberal Democrats,399,False,"Mottingham, Coldharbour & New Eltham",Greenwich,E05014086,E09000011
Greenwich,"Mottingham, Coldharbour & New Eltham",2022-05-05,HARTLEY,Matt,Conservative Party Candidate,1894,True,"Mottingham, Coldharbour & New Eltham",Greenwich,E05014086,E09000011
Greenwich,"Mottingham, Coldharbour & New Eltham",2022-05-05,HILLS,John,Conservative Party Candidate,1846,True,"Mottingham, Coldharbour & New Eltham",Greenwich,E05014086,E09000011
Greenwich,"Mottingham, Coldharbour & New Eltham",2022-05-05,JONES,Edward John Charles,Labour and Co-operative Party,1734,False,"Mottingham, Coldharbour & New Eltham",Greenwich,E05014086,E09000011
Greenwich,"Mottingham, Coldharbour & New Eltham",2022-05-05,SIMPSON,Mark George,Reform UK,149,False,"Mottingham, Coldharbour & New Eltham",Greenwich,E05014086,E09000011
Greenwich,"Mottingham, Coldharbour & New Eltham",2022-05-05,TESTER,Roger,Conservative Party Candidate,1748,False,"Mottingham, Coldharbour & New Eltham",Greenwich,E05014086,E09000011
Greenwich,Plumstead & Glyndon,2022-05-05,BROWN,Millie Theresa Ladybird,Liberal Democrats,364,False,Plumstead & Glyndon,Greenwich,E05014087,E09000011
Greenwich,Plumstead & Glyndon,2022-05-05,DOWD,Michael,Conservative Party Candidate,527,False,Plumstead & Glyndon,Greenwich,E05014087,E09000011
Greenwich,Plumstead & Glyndon,2022-05-05,GREEN,Alistair,Conservative Party Candidate,482,False,Plumstead & Glyndon,Greenwich,E05014087,E09000011
Greenwich,Plumstead & Glyndon,2022-05-05,KHAIREH,Adel,Labour and Co-operative Party,2415,True,Plumstead & Glyndon,Greenwich,E05014087,E09000011
Greenwich,Plumstead & Glyndon,2022-05-05,ORAM,Benjamin Keith Edward,Green Party,479,False,Plumstead & Glyndon,Greenwich,E05014087,E09000011
Greenwich,Plumstead & Glyndon,2022-05-05,PLATT,Duncan Hugh,Green Party,453,False,Plumstead & Glyndon,Greenwich,E05014087,E09000011
Greenwich,Plumstead & Glyndon,2022-05-05,RANABHAT,Jit,Labour and Co-operative Party,2319,True,Plumstead & Glyndon,Greenwich,E05014087,E09000011
Greenwich,Plumstead & Glyndon,2022-05-05,SMITH,Richard John Lyle,Liberal Democrats,229,False,Plumstead & Glyndon,Greenwich,E05014087,E09000011
Greenwich,Plumstead & Glyndon,2022-05-05,THOMAS,Sandra,Labour and Co-operative Party,2440,True,Plumstead & Glyndon,Greenwich,E05014087,E09000011
Greenwich,Plumstead & Glyndon,2022-05-05,TURNER,Kristian,Conservative Party Candidate,442,False,Plumstead & Glyndon,Greenwich,E05014087,E09000011
Greenwich,Plumstead Common,2022-05-05,ASGHAR,Nas,Labour and Co-operative Party,2091,True,Plumstead Common,Greenwich,E05014088,E09000011
Greenwich,Plumstead Common,2022-05-05,BARRON,Leonie Katherine,Green Party,691,False,Plumstead Common,Greenwich,E05014088,E09000011
Greenwich,Plumstead Common,2022-05-05,COOKE,Issy,Labour and Co-operative Party,2194,True,Plumstead Common,Greenwich,E05014088,E09000011
Greenwich,Plumstead Common,2022-05-05,DAVIS,Jim,Conservative Party Candidate,617,False,Plumstead Common,Greenwich,E05014088,E09000011
Greenwich,Plumstead Common,2022-05-05,FOORD,Ashley,Conservative Party Candidate,631,False,Plumstead Common,Greenwich,E05014088,E09000011
Greenwich,Plumstead Common,2022-05-05,MORROW,Matt,Labour and Co-operative Party,2083,True,Plumstead Common,Greenwich,E05014088,E09000011
Greenwich,Plumstead Common,2022-05-05,PETERSEN,Anji Melanie,Green Party,493,False,Plumstead Common,Greenwich,E05014088,E09000011
Greenwich,Plumstead Common,2022-05-05,ROBINSON,Dave,Conservative Party Candidate,581,False,Plumstead Common,Greenwich,E05014088,E09000011
Greenwich,Plumstead Common,2022-05-05,SHIEL,Richard Andrew,Liberal Democrats,338,False,Plumstead Common,Greenwich,E05014088,E09000011
Greenwich,Shooters Hill,2022-05-05,ANOTY,Christopher,Conservative Party Candidate,413,False,Shooters Hill,Greenwich,E05014089,E09000011
Greenwich,Shooters Hill,2022-05-05,BUTLER,Paul,Conservative Party Candidate,440,False,Shooters Hill,Greenwich,E05014089,E09000011
Greenwich,Shooters Hill,2022-05-05,HANDYSIDE,Ruth,Reform UK,89,False,Shooters Hill,Greenwich,E05014089,E09000011
Greenwich,Shooters Hill,2022-05-05,RHYMES,Tamasin Elizabeth,Green Party,475,False,Shooters Hill,Greenwich,E05014089,E09000011
Greenwich,Shooters Hill,2022-05-05,SHEDDEN,Kirstie Jane,Liberal Democrats,275,False,Shooters Hill,Greenwich,E05014089,E09000011
Greenwich,Shooters Hill,2022-05-05,THORPE,Danny,Labour and Co-operative Party,1878,True,Shooters Hill,Greenwich,E05014089,E09000011
Greenwich,Shooters Hill,2022-05-05,WILLIAMS,Ivis,Labour and Co-operative Party,1757,True,Shooters Hill,Greenwich,E05014089,E09000011
Greenwich,Thamesmead Moorings,2022-05-05,BABATOLA,Olu,Labour and Co-operative Party,1323,True,Thamesmead Moorings,Greenwich,E05014090,E09000011
Greenwich,Thamesmead Moorings,2022-05-05,DRAKE,Paul,Conservative Party Candidate,359,False,Thamesmead Moorings,Greenwich,E05014090,E09000011
Greenwich,Thamesmead Moorings,2022-05-05,LEKAU,Averil,Labour and Co-operative Party,1242,True,Thamesmead Moorings,Greenwich,E05014090,E09000011
Greenwich,Thamesmead Moorings,2022-05-05,NUTTING,Peter,Conservative Party Candidate,311,False,Thamesmead Moorings,Greenwich,E05014090,E09000011
Greenwich,Thamesmead Moorings,2022-05-05,SPENCE,Judy,Liberal Democrats,190,False,Thamesmead Moorings,Greenwich,E05014090,E09000011
Greenwich,West Thamesmead,2022-05-05,ADAMS,Julie Rosetta,Green Party,263,False,West Thamesmead,Greenwich,E05014091,E09000011
Greenwich,West Thamesmead,2022-05-05,LLOYD,Chris,Labour and Co-operative Party,1085,True,West Thamesmead,Greenwich,E05014091,E09000011
Greenwich,West Thamesmead,2022-05-05,MILLER,Suzanne Jane,Liberal Democrats,148,False,West Thamesmead,Greenwich,E05014091,E09000011
Greenwich,West Thamesmead,2022-05-05,MORRIS,Jonathan,Conservative Party Candidate,259,False,West Thamesmead,Greenwich,E05014091,E09000011
Greenwich,West Thamesmead,2022-05-05,OLUGBEMI,`Lade Hephzibah,Labour and Co-operative Party,967,True,West Thamesmead,Greenwich,E05014091,E09000011
Greenwich,West Thamesmead,2022-05-05,PODMORE,Colin,Conservative Party Candidate,210,False,West Thamesmead,Greenwich,E05014091,E09000011
Greenwich,Woolwich Arsenal,2022-05-05,AYODELE,Joshua Olanrewaju,Labour and Co-operative Party,1571,True,Woolwich Arsenal,Greenwich,E05014092,E09000011
Greenwich,Woolwich Arsenal,2022-05-05,EVERNDEN,Lindsay Anne,Green Party,606,False,Woolwich Arsenal,Greenwich,E05014092,E09000011
Greenwich,Woolwich Arsenal,2022-05-05,HILLS,Pat,Conservative Party Candidate,339,False,Woolwich Arsenal,Greenwich,E05014092,E09000011
Greenwich,Woolwich Arsenal,2022-05-05,LITTLEWOOD,Sam,Labour and Co-operative Party,1540,True,Woolwich Arsenal,Greenwich,E05014092,E09000011
Greenwich,Woolwich Arsenal,2022-05-05,NEVES,Marcelo,Conservative Party Candidate,304,False,Woolwich Arsenal,Greenwich,E05014092,E09000011
Greenwich,Woolwich Arsenal,2022-05-05,ONWUACHI,Philip,Independent,118,False,Woolwich Arsenal,Greenwich,E05014092,E09000011
Greenwich,Woolwich Arsenal,2022-05-05,PERERA-DELCOURT,Ramesh Prasenajith,Liberal Democrats,393,False,Woolwich Arsenal,Greenwich,E05014092,E09000011
Greenwich,Woolwich Arsenal,2022-05-05,SMITH,Jackie Ann,Labour and Co-operative Party,1538,True,Woolwich Arsenal,Greenwich,E05014092,E09000011
Greenwich,Woolwich Arsenal,2022-05-05,WILKINSON-BEWICK,Tania,Conservative Party Candidate,319,False,Woolwich Arsenal,Greenwich,E05014092,E09000011
Greenwich,Woolwich Arsenal,2022-05-05,WU,Jimmy,Reform UK,74,False,Woolwich Arsenal,Greenwich,E05014092,E09000011
Greenwich,Woolwich Common,2022-05-05,GLINSMAN,Matthew Joseph,Liberal Democrats,288,False,Woolwich Common,Greenwich,E05014093,E09000011
Greenwich,Woolwich Common,2022-05-05,IGE,Elizabeth,Labour and Co-operative Party,1486,True,Woolwich Common,Greenwich,E05014093,E09000011
Greenwich,Woolwich Common,2022-05-05,OKEREKE,Anthony Chika,Labour and Co-operative Party,1350,True,Woolwich Common,Greenwich,E05014093,E09000011
Greenwich,Woolwich Common,2022-05-05,POOKE,Elaine,Conservative Party Candidate,326,False,Woolwich Common,Greenwich,E05014093,E09000011
Greenwich,Woolwich Common,2022-05-05,RAFFERTY,Mike,Conservative Party Candidate,299,False,Woolwich Common,Greenwich,E05014093,E09000011
Greenwich,Woolwich Dockyard,2022-05-05,CHUNU,David,Conservative Party Candidate,331,False,Woolwich Dockyard,Greenwich,E05014094,E09000011
Greenwich,Woolwich Dockyard,2022-05-05,GALLIE,Simon,Conservative Party Candidate,373,False,Woolwich Dockyard,Greenwich,E05014094,E09000011
Greenwich,Woolwich Dockyard,2022-05-05,MARTIN,Nichola Jayne,Liberal Democrats,261,False,Woolwich Dockyard,Greenwich,E05014094,E09000011
Greenwich,Woolwich Dockyard,2022-05-05,MBANG,Dominic Kobena,Labour and Co-operative Party,1495,True,Woolwich Dockyard,Greenwich,E05014094,E09000011
Greenwich,Woolwich Dockyard,2022-05-05,MOHAMMED,Asli,Labour and Co-operative Party,1422,True,Woolwich Dockyard,Greenwich,E05014094,E09000011
Greenwich,Woolwich Dockyard,2022-05-05,ROSE,Matthew Ian,Liberal Democrats,231,False,Woolwich Dockyard,Greenwich,E05014094,E09000011
Hackney,Brownswood,2022-05-05,Adesanu-Adejare,Soraya,Labour and Co-operative Party,1323,True,Brownswood,Hackney,E05009367,E09000012
Hackney,Brownswood,2022-05-05,Branigan,Pearce Anthony,Conservative Party Candidate,162,False,Brownswood,Hackney,E05009367,E09000012
Hackney,Brownswood,2022-05-05,Douglas,Mark,Green Party,553,False,Brownswood,Hackney,E05009367,E09000012
Hackney,Brownswood,2022-05-05,Neadley,Andrew R,Liberal Deomcrat,232,False,Brownswood,Hackney,E05009367,E09000012
Hackney,Brownswood,2022-05-05,Potter,Clare Melanie,Labour and Co-operative Party,1315,True,Brownswood,Hackney,E05009367,E09000012
Hackney,Brownswood,2022-05-05,Wigro,Gitta,Green Party,499,False,Brownswood,Hackney,E05009367,E09000012
Hackney,Brownswood,2022-05-05,Zolnierzak,Joanna,Conservative Party Candidate,115,False,Brownswood,Hackney,E05009367,E09000012
Hackney,Cazenove,2022-05-05,Alexander,Daniel,Green Party,433,False,Cazenove,Hackney,E05009368,E09000012
Hackney,Cazenove,2022-05-05,Bootna,Rishiduth,Conservative Party Candidate,251,False,Cazenove,Hackney,E05009368,E09000012
Hackney,Cazenove,2022-05-05,Byron,Naomi Ruth,Trade Unionist and Socialist Coalition,81,False,Cazenove,Hackney,E05009368,E09000012
Hackney,Cazenove,2022-05-05,Fielder,Stephen,Green Party,277,False,Cazenove,Hackney,E05009368,E09000012
Hackney,Cazenove,2022-05-05,Goldberg,Eluzer,Labour Party,1709,True,Cazenove,Hackney,E05009368,E09000012
Hackney,Cazenove,2022-05-05,Hornero Garcia,Maria Cristina,Green Party,463,False,Cazenove,Hackney,E05009368,E09000012
Hackney,Cazenove,2022-05-05,Isrolia,Javed,Liberal Democrat,1233,False,Cazenove,Hackney,E05009368,E09000012
Hackney,Cazenove,2022-05-05,Martin,Darren Alexander,Liberal Democrat,1121,False,Cazenove,Hackney,E05009368,E09000012
Hackney,Cazenove,2022-05-05,Pallis,Samuel Robert Ian Andrew,Labour Party,1582,True,Cazenove,Hackney,E05009368,E09000012
Hackney,Cazenove,2022-05-05,Sharer,Ian David,Liberal Democrat,1471,False,Cazenove,Hackney,E05009368,E09000012
Hackney,Cazenove,2022-05-05,Woodley,Caroline Rebecca,Labour Party,1724,True,Cazenove,Hackney,E05009368,E09000012
Hackney,Clissold,2022-05-05,Baffour,Frank,Labour Party,1869,True,Clissold,Hackney,E05009369,E09000012
Hackney,Clissold,2022-05-05,Etti,Sade,Labour Party,2188,True,Clissold,Hackney,E05009369,E09000012
Hackney,Clissold,2022-05-05,James,Heather,Liberal Democrat,392,False,Clissold,Hackney,E05009369,E09000012
Hackney,Clissold,2022-05-05,Mikolajewska,Diana,Conservative Party Candidate,232,False,Clissold,Hackney,E05009369,E09000012
Hackney,Clissold,2022-05-05,Morton,Tabitha,Women's Equality Party,489,False,Clissold,Hackney,E05009369,E09000012
Hackney,Clissold,2022-05-05,Nierzejewski,Monika,Conservative Party Candidate,181,False,Clissold,Hackney,E05009369,E09000012
Hackney,Clissold,2022-05-05,Premru,Felicity Jane,Labour Party,1740,True,Clissold,Hackney,E05009369,E09000012
Hackney,Clissold,2022-05-05,Rayner,Feodora,Green Party First Choice Candidate,1120,False,Clissold,Hackney,E05009369,E09000012
Hackney,Clissold,2022-05-05,Reid,Kelly,Independent Network,220,False,Clissold,Hackney,E05009369,E09000012
Hackney,Clissold,2022-05-05,Remy,Marie,Green Party Third Choice Candidate,793,False,Clissold,Hackney,E05009369,E09000012
Hackney,Clissold,2022-05-05,Tegtmeyer,Reiner,Green Party Second Choice Candidate,564,False,Clissold,Hackney,E05009369,E09000012
Hackney,Clissold,2022-05-05,Zolnierzak,Julia,Conservative Party Candidate,179,False,Clissold,Hackney,E05009369,E09000012
Hackney,Dalston,2022-05-05,Adebayo,Grace,Labour Party,1199,True,Dalston,Hackney,E05009370,E09000012
Hackney,Dalston,2022-05-05,Adesanu,Shehu,Independent Network,89,False,Dalston,Hackney,E05009370,E09000012
Hackney,Dalston,2022-05-05,Garbett,Zoe,Green Party,1446,True,Dalston,Hackney,E05009370,E09000012
Hackney,Dalston,2022-05-05,Hassan,Altan,Liberal Democrat,138,False,Dalston,Hackney,E05009370,E09000012
Hackney,Dalston,2022-05-05,Petrou,Esther,Independent Network,87,False,Dalston,Hackney,E05009370,E09000012
Hackney,Dalston,2022-05-05,Scott,Tyrone,Green Party,920,False,Dalston,Hackney,E05009370,E09000012
Hackney,Dalston,2022-05-05,Snell,Peter James Ingrid,Labour Party,727,False,Dalston,Hackney,E05009370,E09000012
Hackney,De Beauvoir,2022-05-05,Billington,Polly Jane,Labour Party,1400,True,De Beauvoir,Hackney,E05009371,E09000012
Hackney,De Beauvoir,2022-05-05,Dewey,Thomas Edward,Labour Party,1102,True,De Beauvoir,Hackney,E05009371,E09000012
Hackney,De Beauvoir,2022-05-05,Finlay,Heather,Green Party,538,False,De Beauvoir,Hackney,E05009371,E09000012
Hackney,De Beauvoir,2022-05-05,Hodgson,John William,Liberal democrat,302,False,De Beauvoir,Hackney,E05009371,E09000012
Hackney,De Beauvoir,2022-05-05,Lee,Nicholas,Green Party,288,False,De Beauvoir,Hackney,E05009371,E09000012
Hackney,De Beauvoir,2022-05-05,May,Samantha,Independent Network,205,False,De Beauvoir,Hackney,E05009371,E09000012
Hackney,Hackney Central,2022-05-05,Battaglino,Clair,Independent Network,214,False,Hackney Central,Hackney,E05009372,E09000012
Hackney,Hackney Central,2022-05-05,Conway,Sophie,Labour Party,2214,True,Hackney Central,Hackney,E05009372,E09000012
Hackney,Hackney Central,2022-05-05,Costley-White,Nicholas,Green Party,561,False,Hackney Central,Hackney,E05009372,E09000012
Hackney,Hackney Central,2022-05-05,Hayhurst,Benjamin David,Labour Party,1877,True,Hackney Central,Hackney,E05009372,E09000012
Hackney,Hackney Central,2022-05-05,Holloway,Patricia,Liberal Democrat,268,False,Hackney Central,Hackney,E05009372,E09000012
Hackney,Hackney Central,2022-05-05,Kellett,Peter Charles,Liberal Democrat,158,False,Hackney Central,Hackney,E05009372,E09000012
Hackney,Hackney Central,2022-05-05,Kirby,Desmond,Independent Network,173,False,Hackney Central,Hackney,E05009372,E09000012
Hackney,Hackney Central,2022-05-05,Liberadzki,Stefan,Green Party,519,False,Hackney Central,Hackney,E05009372,E09000012
Hackney,Hackney Central,2022-05-05,O'Rorke,Imogen,Independent Network,189,False,Hackney Central,Hackney,E05009372,E09000012
Hackney,Hackney Central,2022-05-05,Raval,Dev,Liberal Democrat,170,False,Hackney Central,Hackney,E05009372,E09000012
Hackney,Hackney Central,2022-05-05,Suso-Runge,Sheila Ann,Labour Party,1994,True,Hackney Central,Hackney,E05009372,E09000012
Hackney,Hackney Downs,2022-05-05,Binnie-Lubbock,Alastair,Green Party,1667,True,Hackney Downs,Hackney,E05009373,E09000012
Hackney,Hackney Downs,2022-05-05,Cuellar-Bridy,Agnieszka,Conservative Party Candidate,194,False,Hackney Downs,Hackney,E05009373,E09000012
Hackney,Hackney Downs,2022-05-05,Desmond,Michael Barry,Labour and Co-operative Party,1823,True,Hackney Downs,Hackney,E05009373,E09000012
Hackney,Hackney Downs,2022-05-05,Doyle,Elizabeth Clare,Trade Unionist and Socialist Coalition,99,False,Hackney Downs,Hackney,E05009373,E09000012
Hackney,Hackney Downs,2022-05-05,Maidment,Bettina,Green Party,1573,False,Hackney Downs,Hackney,E05009373,E09000012
Hackney,Hackney Downs,2022-05-05,Merguigi,Erika,Liberal Democrat,184,False,Hackney Downs,Hackney,E05009373,E09000012
Hackney,Hackney Downs,2022-05-05,Mikolajewski,Nikodem,Conservative Party Candidate,155,False,Hackney Downs,Hackney,E05009373,E09000012
Hackney,Hackney Downs,2022-05-05,Moema,Semakaleng Mokgadi,Labour and Co-operative Party,1748,True,Hackney Downs,Hackney,E05009373,E09000012
Hackney,Hackney Downs,2022-05-05,Norman,Claire,Green Party,1316,False,Hackney Downs,Hackney,E05009373,E09000012
Hackney,Hackney Downs,2022-05-05,Parkinson,Ruth Edwina,Independent Network,101,False,Hackney Downs,Hackney,E05009373,E09000012
Hackney,Hackney Downs,2022-05-05,Rickard,Anna Joy Sanderson,Labour and Co-operative Party,1636,False,Hackney Downs,Hackney,E05009373,E09000012
Hackney,Hackney Downs,2022-05-05,Wojciechowska,Joanna,Conservative Party Candidate,161,False,Hackney Downs,Hackney,E05009373,E09000012
Hackney,Hackney Wick,2022-05-05,Ardagh,Clive,Green Party,439,False,Hackney Wick,Hackney,E05009374,E09000012
Hackney,Hackney Wick,2022-05-05,Coggins,Stuart,Green Party,407,False,Hackney Wick,Hackney,E05009374,E09000012
Hackney,Hackney Wick,2022-05-05,Kennedy,Christopher Myles,Labour Party,1675,True,Hackney Wick,Hackney,E05009374,E09000012
Hackney,Hackney Wick,2022-05-05,Lipinski,Piotr,Conservative Party Candidate,185,False,Hackney Wick,Hackney,E05009374,E09000012
Hackney,Hackney Wick,2022-05-05,Ogundemuren,Joseph Oluwasesan Adedayo,Labour Party,1603,True,Hackney Wick,Hackney,E05009374,E09000012
Hackney,Hackney Wick,2022-05-05,Pietrzyk,Piotr,Conservative Party Candidate,172,False,Hackney Wick,Hackney,E05009374,E09000012
Hackney,Hackney Wick,2022-05-05,Salisbury,Laura,Green Party,654,False,Hackney Wick,Hackney,E05009374,E09000012
Hackney,Hackney Wick,2022-05-05,Socha,Anna,Conservative Party Candidate,190,False,Hackney Wick,Hackney,E05009374,E09000012
Hackney,Hackney Wick,2022-05-05,Webb,Jessica Lilias,Labour Party,1729,True,Hackney Wick,Hackney,E05009374,E09000012
Hackney,Hackney Wick,2022-05-05,Williams,Vernon Edward,Independent,70,False,Hackney Wick,Hackney,E05009374,E09000012
Hackney,Haggerston,2022-05-05,Bugaric,Karolina,Conservative Party,325,False,Haggerston,Hackney,E05009375,E09000012
Hackney,Haggerston,2022-05-05,Chalker,Kathryne,Green Party,711,False,Haggerston,Hackney,E05009375,E09000012
Hackney,Haggerston,2022-05-05,Crowley,Niall Dominic,Independent Network,240,False,Haggerston,Hackney,E05009375,E09000012
Hackney,Haggerston,2022-05-05,Garasia,Humaira,Labour Party,1786,True,Haggerston,Hackney,E05009375,E09000012
Hackney,Haggerston,2022-05-05,Narcross,Jonathan Richard,Labour Party,1503,True,Haggerston,Hackney,E05009375,E09000012
Hackney,Haggerston,2022-05-05,Ross,Saphra,Labour Party,1604,True,Haggerston,Hackney,E05009375,E09000012
Hackney,Haggerston,2022-05-05,Spendley,Alice,Green Party,643,False,Haggerston,Hackney,E05009375,E09000012
Hackney,Haggerston,2022-05-05,Vers,Maxime,Green Party,453,False,Haggerston,Hackney,E05009375,E09000012
Hackney,Homerton,2022-05-05,Chapman,Robert Alan,Labour party,1720,True,Homerton,Hackney,E05009376,E09000012
Hackney,Homerton,2022-05-05,Lynch,Anna Siobhan,Labour party,1922,True,Homerton,Hackney,E05009376,E09000012
Hackney,Homerton,2022-05-05,Morris,Mylton,Conservative Party Candidate,267,False,Homerton,Hackney,E05009376,E09000012
Hackney,Homerton,2022-05-05,Newman,Benjamin,Green Party,623,False,Homerton,Hackney,E05009376,E09000012
Hackney,Homerton,2022-05-05,Nicholson,William Guy Marshall,Labour party,1616,True,Homerton,Hackney,E05009376,E09000012
Hackney,Homerton,2022-05-05,Puech,Brenda,Green Party,700,False,Homerton,Hackney,E05009376,E09000012
Hackney,Homerton,2022-05-05,Richardson,Thomas,Green Party,503,False,Homerton,Hackney,E05009376,E09000012
Hackney,Hoxton East & Shoreditch,2022-05-05,Adams,Kamaru,Labour Party,1354,True,Hoxton East & Shoreditch,Hackney,E05009377,E09000012
Hackney,Hoxton East & Shoreditch,2022-05-05,Clinch,John,Liberal Democrat,277,False,Hoxton East & Shoreditch,Hackney,E05009377,E09000012
Hackney,Hoxton East & Shoreditch,2022-05-05,Cook,Conan,Green Party,374,False,Hoxton East & Shoreditch,Hackney,E05009377,E09000012
Hackney,Hoxton East & Shoreditch,2022-05-05,Newby,Chris,Trade unionist and Socialist Coalition,93,False,Hoxton East & Shoreditch,Hackney,E05009377,E09000012
Hackney,Hoxton East & Shoreditch,2022-05-05,Nkolomoni,Sandy Ngongo,Conservative Party Candidate,230,False,Hoxton East & Shoreditch,Hackney,E05009377,E09000012
Hackney,Hoxton East & Shoreditch,2022-05-05,Race,Stephen,Labour Party,1081,True,Hoxton East & Shoreditch,Hackney,E05009377,E09000012
Hackney,Hoxton East & Shoreditch,2022-05-05,Sizer,Anya Josephine,Labour Party,1175,True,Hoxton East & Shoreditch,Hackney,E05009377,E09000012
Hackney,Hoxton East & Shoreditch,2022-05-05,Smorthit,Peter Alexander,Independent Network,234,False,Hoxton East & Shoreditch,Hackney,E05009377,E09000012
Hackney,Hoxton East & Shoreditch,2022-05-05,Thorp,Nicholas,Green Party,278,False,Hoxton East & Shoreditch,Hackney,E05009377,E09000012
Hackney,Hoxton East & Shoreditch,2022-05-05,Walton,Chesca,Green Party,367,False,Hoxton East & Shoreditch,Hackney,E05009377,E09000012
Hackney,Hoxton West,2022-05-05,Enzer,Daniel,Green Party,447,False,Hoxton West,Hackney,E05009378,E09000012
Hackney,Hoxton West,2022-05-05,Hall,Oliver Frances Strachan,The Conservative Party Candidate,452,False,Hoxton West,Hackney,E05009378,E09000012
Hackney,Hoxton West,2022-05-05,Ho,Cheuk Ting,Green Party,449,False,Hoxton West,Hackney,E05009378,E09000012
Hackney,Hoxton West,2022-05-05,Maxwell,Yvonne,Labour Party,1574,True,Hoxton West,Hackney,E05009378,E09000012
Hackney,Hoxton West,2022-05-05,McCarthy,Kit,Green Party,423,False,Hoxton West,Hackney,E05009378,E09000012
Hackney,Hoxton West,2022-05-05,Mckenzie,Clayeon,Labour Party,1308,True,Hoxton West,Hackney,E05009378,E09000012
Hackney,Hoxton West,2022-05-05,Payne,Geoffrey Gavin John,Liberal Democrat,365,False,Hoxton West,Hackney,E05009378,E09000012
Hackney,Hoxton West,2022-05-05,Williams,Carole Patricia,Labour Party,1308,True,Hoxton West,Hackney,E05009378,E09000012
Hackney,Hoxton West,2022-05-05,Williams,Robert,Trade Unionist and Socialist Coalition,108,False,Hoxton West,Hackney,E05009378,E09000012
Hackney,King's Park,2022-05-05,Holden,Wilby,Green Party,931,False,King's Park,Hackney,E05009379,E09000012
Hackney,King's Park,2022-05-05,Jones,Peter,Green Party,682,False,King's Park,Hackney,E05009379,E09000012
Hackney,King's Park,2022-05-05,Patrick,Sharon Roberta,Labour Party,1948,True,King's Park,Hackney,E05009379,E09000012
Hackney,King's Park,2022-05-05,Sadek,Ali Henry,Labour Party,1726,True,King's Park,Hackney,E05009379,E09000012
Hackney,King's Park,2022-05-05,Troughton,Lynne Joan,Labour Party,1739,True,King's Park,Hackney,E05009379,E09000012
Hackney,King's Park,2022-05-05,Walter,Donell,Green Party,604,False,King's Park,Hackney,E05009379,E09000012
Hackney,Lea Bridge,2022-05-05,Bigley,Juliette Heather,Liberal Democrat,322,False,Lea Bridge,Hackney,E05009380,E09000012
Hackney,Lea Bridge,2022-05-05,Earl,Douglas,Green Party,716,False,Lea Bridge,Hackney,E05009380,E09000012
Hackney,Lea Bridge,2022-05-05,Gordon,Margaret,Labour Party,2080,True,Lea Bridge,Hackney,E05009380,E09000012
Hackney,Lea Bridge,2022-05-05,Jenkins,Ruth,Green Party,881,False,Lea Bridge,Hackney,E05009380,E09000012
Hackney,Lea Bridge,2022-05-05,Lauer,Yakov,Conservative Party Candidate,224,False,Lea Bridge,Hackney,E05009380,E09000012
Hackney,Lea Bridge,2022-05-05,Leibowitz,Yeshoah,Conservative Party Candidate,204,False,Lea Bridge,Hackney,E05009380,E09000012
Hackney,Lea Bridge,2022-05-05,Oguzkanli,Demiz Cemgil,Labour Party,1732,True,Lea Bridge,Hackney,E05009380,E09000012
Hackney,Lea Bridge,2022-05-05,Rathbone,Ian,Labour Party,1802,True,Lea Bridge,Hackney,E05009380,E09000012
Hackney,Lea Bridge,2022-05-05,Sterner,Marzena,Conservative Party Candidate,218,False,Lea Bridge,Hackney,E05009380,E09000012
Hackney,Lea Bridge,2022-05-05,Zlotowitz,Sally,Green Party,692,False,Lea Bridge,Hackney,E05009380,E09000012
Hackney,London Fields,2022-05-05,Bramble,Anntoinette,Labour Party,2156,True,London Fields,Hackney,E05009381,E09000012
Hackney,London Fields,2022-05-05,Hamilton,Carrie,Green Party,915,False,London Fields,Hackney,E05009381,E09000012
Hackney,London Fields,2022-05-05,Kelly,Leslie John,Liberal Democrat,464,False,London Fields,Hackney,E05009381,E09000012
Hackney,London Fields,2022-05-05,Laudat-Scott,Lee Daniel,Labour Party,1685,True,London Fields,Hackney,E05009381,E09000012
Hackney,London Fields,2022-05-05,Ozsen,Muharrem Can,Labour Party,1741,True,London Fields,Hackney,E05009381,E09000012
Hackney,London Fields,2022-05-05,Urwin,Paul,Green Party,474,False,London Fields,Hackney,E05009381,E09000012
Hackney,London Fields,2022-05-05,Woodruff,Graham,Green Party,498,False,London Fields,Hackney,E05009381,E09000012
Hackney,Shacklewell,2022-05-05,Adams,Christian,Liberal Democrat,202,False,Shacklewell,Hackney,E05009382,E09000012
Hackney,Shacklewell,2022-05-05,Hughes,Benjamin,Green Party,458,False,Shacklewell,Hackney,E05009382,E09000012
Hackney,Shacklewell,2022-05-05,Krajewski,Andrzej,Conservative Party Candidate,163,False,Shacklewell,Hackney,E05009382,E09000012
Hackney,Shacklewell,2022-05-05,Lufkin,Richard David,Labour Party,1269,True,Shacklewell,Hackney,E05009382,E09000012
Hackney,Shacklewell,2022-05-05,Murray,Romaine,Independent Network,160,False,Shacklewell,Hackney,E05009382,E09000012
Hackney,Shacklewell,2022-05-05,Samatar,Ifraax Hussen,Labour Party,969,True,Shacklewell,Hackney,E05009382,E09000012
Hackney,Shacklewell,2022-05-05,Thomson,Fox,Green Party,314,False,Shacklewell,Hackney,E05009382,E09000012
Hackney,Springfield,2022-05-05,Afolabi,Abimbola,Labour Party,1269,False,Springfield,Hackney,E05009383,E09000012
Hackney,Springfield,2022-05-05,Birksted-Breen,Noah,Green Party,254,False,Springfield,Hackney,E05009383,E09000012
Hackney,Springfield,2022-05-05,Boylan,Sean Vincent,Liberal Democrat,76,False,Springfield,Hackney,E05009383,E09000012
Hackney,Springfield,2022-05-05,Coram,Celia,Green Party,272,False,Springfield,Hackney,E05009383,E09000012
Hackney,Springfield,2022-05-05,Gully,Clifford John,Liberal Democrat,73,False,Springfield,Hackney,E05009383,E09000012
Hackney,Springfield,2022-05-05,Hogbin,Julie-Anne,Green Party,259,False,Springfield,Hackney,E05009383,E09000012
Hackney,Springfield,2022-05-05,Jones,Michael Gbolahan,Labour Party,1179,False,Springfield,Hackney,E05009383,E09000012
Hackney,Springfield,2022-05-05,Krautwirt,Shaul,Conservative Party Candidate,2144,True,Springfield,Hackney,E05009383,E09000012
Hackney,Springfield,2022-05-05,Levy,Michael,Conservative Party Candidate,2102,True,Springfield,Hackney,E05009383,E09000012
Hackney,Springfield,2022-05-05,Smith,Laura Pascal,Labour Party,1156,False,Springfield,Hackney,E05009383,E09000012
Hackney,Springfield,2022-05-05,Smulian,Mark Nicholas,Liberal Democrat,46,False,Springfield,Hackney,E05009383,E09000012
Hackney,Springfield,2022-05-05,Steinberger,Simche,Conservative Party Candidate,2273,True,Springfield,Hackney,E05009383,E09000012
Hackney,Stamford Hill West,2022-05-05,Bismillah,Ahmed,Labour Party,1105,False,Stamford Hill West,Hackney,E05009384,E09000012
Hackney,Stamford Hill West,2022-05-05,Dixon,John,Green Party,170,False,Stamford Hill West,Hackney,E05009384,E09000012
Hackney,Stamford Hill West,2022-05-05,Friend,Peter Ivor,Liberal Democrat,52,False,Stamford Hill West,Hackney,E05009384,E09000012
Hackney,Stamford Hill West,2022-05-05,Garland,Lewis,Green Party,130,False,Stamford Hill West,Hackney,E05009384,E09000012
Hackney,Stamford Hill West,2022-05-05,Harms,Anthony David,Liberal Democrat,55,False,Stamford Hill West,Hackney,E05009384,E09000012
Hackney,Stamford Hill West,2022-05-05,Lisser,Stephen,Conservative Party Candidate,1795,True,Stamford Hill West,Hackney,E05009384,E09000012
Hackney,Stamford Hill West,2022-05-05,Papier,Benzion,Conservative Party Candidate,1782,True,Stamford Hill West,Hackney,E05009384,E09000012
Hackney,Stamford Hill West,2022-05-05,Tinaz,Faruk,Labour Party,972,False,Stamford Hill West,Hackney,E05009384,E09000012
Hackney,Stoke Newington,2022-05-05,Chomicz,Anna,Conservative Party Candidate,289,False,Stoke Newington,Hackney,E05009385,E09000012
Hackney,Stoke Newington,2022-05-05,Coban,Mete Sardar,Labour and Co-operative Party,2350,True,Stoke Newington,Hackney,E05009385,E09000012
Hackney,Stoke Newington,2022-05-05,Conception,Charlene,Green Party First Choice Candidate,1332,False,Stoke Newington,Hackney,E05009385,E09000012
Hackney,Stoke Newington,2022-05-05,Fajana-Thomas,Susan Niniola Olajumoke,Labour and Co-operative Party,2221,True,Stoke Newington,Hackney,E05009385,E09000012
Hackney,Stoke Newington,2022-05-05,Levy,Pauline,Conservative Party Candidate,260,False,Stoke Newington,Hackney,E05009385,E09000012
Hackney,Stoke Newington,2022-05-05,Macmahon,Siobhan,Green Party Second Choice Candidate,1015,False,Stoke Newington,Hackney,E05009385,E09000012
Hackney,Stoke Newington,2022-05-05,Maurseth-Cahill,Thrusie,Liberal Democrat,407,False,Stoke Newington,Hackney,E05009385,E09000012
Hackney,Stoke Newington,2022-05-05,Scarborough,Richard,Green Party Third Choice Candidate,580,False,Stoke Newington,Hackney,E05009385,E09000012
Hackney,Stoke Newington,2022-05-05,Smyth,John Calvin Garreth,Labour and Co-operative Party,1831,True,Stoke Newington,Hackney,E05009385,E09000012
Hackney,Stoke Newington,2022-05-05,Thomas,Robert Ivan,Trade Unionist and Socialist Coalition,120,False,Stoke Newington,Hackney,E05009385,E09000012
Hackney,Stoke Newington,2022-05-05,Zolnierzak,Weronika,Conservative Party Candidate,234,False,Stoke Newington,Hackney,E05009385,E09000012
Hackney,Victoria,2022-05-05,Barber,Jamie B,Trade Unionist and Socialist Coalition,89,False,Victoria,Hackney,E05009386,E09000012
Hackney,Victoria,2022-05-05,Baxter,Helen June,Liberal Democrat,447,False,Victoria,Hackney,E05009386,E09000012
Hackney,Victoria,2022-05-05,Dekker,Roelof,Green Party,545,False,Victoria,Hackney,E05009386,E09000012
Hackney,Victoria,2022-05-05,Hoppe-Krajewska,Monika,Conservative Party Candidate,284,False,Victoria,Hackney,E05009386,E09000012
Hackney,Victoria,2022-05-05,Joseph,Clare,Labour Party,1888,True,Victoria,Hackney,E05009386,E09000012
Hackney,Victoria,2022-05-05,Mcleod,Sandra,Green Party,678,False,Victoria,Hackney,E05009386,E09000012
Hackney,Victoria,2022-05-05,Robinson,Wendy,Green Party,477,False,Victoria,Hackney,E05009386,E09000012
Hackney,Victoria,2022-05-05,Softic,Leijla,Conservative Party Candidate,236,False,Victoria,Hackney,E05009386,E09000012
Hackney,Victoria,2022-05-05,Trotter,Margaret Rose,Trade Unionist and Socialist Coalition,104,False,Victoria,Hackney,E05009386,E09000012
Hackney,Victoria,2022-05-05,Gutierrez Garcia Turbet-Delof,Claudia Cecolia,Labour Party,1539,True,Victoria,Hackney,E05009386,E09000012
Hackney,Victoria,2022-05-05,Wrout,Penelope Jane,Labour Party,1459,True,Victoria,Hackney,E05009386,E09000012
Hackney,Woodberry Down,2022-05-05,Cik,Yisroel,Conservative Party Candidate,276,False,Woodberry Down,Hackney,E05009387,E09000012
Hackney,Woodberry Down,2022-05-05,O'Shea,Catherine Elisabeth Scanion,Green Party,452,False,Woodberry Down,Hackney,E05009387,E09000012
Hackney,Woodberry Down,2022-05-05,Rose,Anthony,Green Party,438,False,Woodberry Down,Hackney,E05009387,E09000012
Hackney,Woodberry Down,2022-05-05,Selman,Caroline Elizabeth,Labour Party,1441,True,Woodberry Down,Hackney,E05009387,E09000012
Hackney,Woodberry Down,2022-05-05,Wypych,Agnieszka,Conservative Party Candidate,238,False,Woodberry Down,Hackney,E05009387,E09000012
Hackney,Woodberry Down,2022-05-05,Young,Sarah Joanna,Labour Party,1189,True,Woodberry Down,Hackney,E05009387,E09000012
Hammersmith and Fulham,Addison,2022-05-05,Burden,Janet,Liberal Democrats,259,False,Addison,Hammersmith & Fulham,E05013733,E09000013
Hammersmith and Fulham,Addison,2022-05-05,Daly,Jacolyn,Labour Party,1291,True,Addison,Hammersmith & Fulham,E05013733,E09000013
Hammersmith and Fulham,Addison,2022-05-05,Davies,Letitia,Conservative Party Candidate,276,False,Addison,Hammersmith & Fulham,E05013733,E09000013
Hammersmith and Fulham,Addison,2022-05-05,Loveday,Mark,Conservative Party Candidate,249,False,Addison,Hammersmith & Fulham,E05013733,E09000013
Hammersmith and Fulham,Addison,2022-05-05,Melton,Ross,Labour Party,1195,True,Addison,Hammersmith & Fulham,E05013733,E09000013
Hammersmith and Fulham,Avonmore,2022-05-05,Ahmed,Hagir,Conservative Party Candidate,412,False,Avonmore,Hammersmith & Fulham,E05013734,E09000013
Hammersmith and Fulham,Avonmore,2022-05-05,Buchanan-Barrow,Eithne,Liberal Democrats,283,False,Avonmore,Hammersmith & Fulham,E05013734,E09000013
Hammersmith and Fulham,Avonmore,2022-05-05,Janes,Laura,Labour Party,1176,True,Avonmore,Hammersmith & Fulham,E05013734,E09000013
Hammersmith and Fulham,Avonmore,2022-05-05,Lovering,Horatio,Conservative Party Candidate,430,False,Avonmore,Hammersmith & Fulham,E05013734,E09000013
Hammersmith and Fulham,Avonmore,2022-05-05,Morton,David,Labour Party,1059,True,Avonmore,Hammersmith & Fulham,E05013734,E09000013
Hammersmith and Fulham,Brook Green,2022-05-05,Antoniades,Stala,Labour Party,1237,True,Brook Green,Hammersmith & Fulham,E05013735,E09000013
Hammersmith and Fulham,Brook Green,2022-05-05,Brooks,Dorothy,Liberal Democrats,275,False,Brook Green,Hammersmith & Fulham,E05013735,E09000013
Hammersmith and Fulham,Brook Green,2022-05-05,Duthie,Charlotte,Conservative Party Candidate,639,False,Brook Green,Hammersmith & Fulham,E05013735,E09000013
Hammersmith and Fulham,Brook Green,2022-05-05,Hewitt,Simon,Conservative Party Candidate,625,False,Brook Green,Hammersmith & Fulham,E05013735,E09000013
Hammersmith and Fulham,Brook Green,2022-05-05,Lang,Adam,Labour Party,1141,True,Brook Green,Hammersmith & Fulham,E05013735,E09000013
Hammersmith and Fulham,Brook Green,2022-05-05,McCarthy,Niamh,Liberal Democrats,253,False,Brook Green,Hammersmith & Fulham,E05013735,E09000013
Hammersmith and Fulham,College Park & Old Oak,2022-05-05,Bergholcs,Kieran,Conservative Party Candidate,247,False,College Park & Old Oak,Hammersmith & Fulham,E05013736,E09000013
Hammersmith and Fulham,College Park & Old Oak,2022-05-05,Harcourt,Wesley,Labour Party,1284,True,College Park & Old Oak,Hammersmith & Fulham,E05013736,E09000013
Hammersmith and Fulham,College Park & Old Oak,2022-05-05,Kwon,Bora,Labour Party,1194,True,College Park & Old Oak,Hammersmith & Fulham,E05013736,E09000013
Hammersmith and Fulham,College Park & Old Oak,2022-05-05,McLoughlin,Molly,Liberal Democrats,235,False,College Park & Old Oak,Hammersmith & Fulham,E05013736,E09000013
Hammersmith and Fulham,College Park & Old Oak,2022-05-05,Nicholson,Alexander,Conservative Party Candidate,247,False,College Park & Old Oak,Hammersmith & Fulham,E05013736,E09000013
Hammersmith and Fulham,College Park & Old Oak,2022-05-05,Sanderson,Alexandra,Labour Party,1237,True,College Park & Old Oak,Hammersmith & Fulham,E05013736,E09000013
Hammersmith and Fulham,College Park & Old Oak,2022-05-05,Smith,Jack,Conservative Party Candidate,248,False,College Park & Old Oak,Hammersmith & Fulham,E05013736,E09000013
Hammersmith and Fulham,Coningham,2022-05-05,Homan,Lisa,Labour Party,1529,True,Coningham,Hammersmith & Fulham,E05013737,E09000013
Hammersmith and Fulham,Coningham,2022-05-05,Iggulden,Robert,Conservative Party Candidate,302,False,Coningham,Hammersmith & Fulham,E05013737,E09000013
Hammersmith and Fulham,Coningham,2022-05-05,Kiss,Lavente,Conservative Party Candidate,291,False,Coningham,Hammersmith & Fulham,E05013737,E09000013
Hammersmith and Fulham,Coningham,2022-05-05,Miller,David,Liberal Democrats,153,False,Coningham,Hammersmith & Fulham,E05013737,E09000013
Hammersmith and Fulham,Coningham,2022-05-05,Murphy,Colin,Green Party,531,False,Coningham,Hammersmith & Fulham,E05013737,E09000013
Hammersmith and Fulham,Coningham,2022-05-05,Ransom,Benjamin,Conservative Party Candidate,281,False,Coningham,Hammersmith & Fulham,E05013737,E09000013
Hammersmith and Fulham,Coningham,2022-05-05,Ree,Rowan,Labour Party,1305,True,Coningham,Hammersmith & Fulham,E05013737,E09000013
Hammersmith and Fulham,Coningham,2022-05-05,Remy,Catherine,Liberal Democrats,175,False,Coningham,Hammersmith & Fulham,E05013737,E09000013
Hammersmith and Fulham,Coningham,2022-05-05,Simms,Benjamin,Green Party,347,False,Coningham,Hammersmith & Fulham,E05013737,E09000013
Hammersmith and Fulham,Coningham,2022-05-05,Vaughan,Rory,Labour Party,1247,True,Coningham,Hammersmith & Fulham,E05013737,E09000013
Hammersmith and Fulham,Coningham,2022-05-05,Walker,Amelia,Green Party,459,False,Coningham,Hammersmith & Fulham,E05013737,E09000013
Hammersmith and Fulham,Fulham Reach,2022-05-05,Beloten,Elisabeth,Conservative Party Candidate,756,False,Fulham Reach,Hammersmith & Fulham,E05013738,E09000013
Hammersmith and Fulham,Fulham Reach,2022-05-05,Lone,Saif,Conservative Party Candidate,653,False,Fulham Reach,Hammersmith & Fulham,E05013738,E09000013
Hammersmith and Fulham,Fulham Reach,2022-05-05,Miri,Omid,Labour Party,1756,True,Fulham Reach,Hammersmith & Fulham,E05013738,E09000013
Hammersmith and Fulham,Fulham Reach,2022-05-05,Richardson,Lucy,Labour Party,1983,True,Fulham Reach,Hammersmith & Fulham,E05013738,E09000013
Hammersmith and Fulham,Fulham Reach,2022-05-05,Sarmo,Jelena,Liberal Democrats,395,False,Fulham Reach,Hammersmith & Fulham,E05013738,E09000013
Hammersmith and Fulham,Fulham Reach,2022-05-05,Souslous,Nikos,Labour Party,1717,True,Fulham Reach,Hammersmith & Fulham,E05013738,E09000013
Hammersmith and Fulham,Fulham Reach,2022-05-05,Windsor-Clive,James,Conservative Party Candidate,728,False,Fulham Reach,Hammersmith & Fulham,E05013738,E09000013
Hammersmith and Fulham,Fulham Reach,2022-05-05,Wip,Rutger,Liberal Democrats,292,False,Fulham Reach,Hammersmith & Fulham,E05013738,E09000013
Hammersmith and Fulham,Fulham Town,2022-05-05,Brocklebank-Fowler,Victoria,Conservative Party Candidate,817,True,Fulham Town,Hammersmith & Fulham,E05013739,E09000013
Hammersmith and Fulham,Fulham Town,2022-05-05,Dinsmore,Andrew,Conservative Party Candidate,759,True,Fulham Town,Hammersmith & Fulham,E05013739,E09000013
Hammersmith and Fulham,Fulham Town,2022-05-05,Fennimore,Sue,Labour Party,497,False,Fulham Town,Hammersmith & Fulham,E05013739,E09000013
Hammersmith and Fulham,Fulham Town,2022-05-05,Hancock,Alison,Liberal Democrats,502,False,Fulham Town,Hammersmith & Fulham,E05013739,E09000013
Hammersmith and Fulham,Fulham Town,2022-05-05,Pounsford,Roy,Liberal Democrats,411,False,Fulham Town,Hammersmith & Fulham,E05013739,E09000013
Hammersmith and Fulham,Fulham Town,2022-05-05,Thorpe,Juliet,Labour Party,450,False,Fulham Town,Hammersmith & Fulham,E05013739,E09000013
Hammersmith and Fulham,Grove,2022-05-05,Briscoe,Oliver,Conservative Party Candidate,360,False,Grove,Hammersmith & Fulham,E05013740,E09000013
Hammersmith and Fulham,Grove,2022-05-05,Cowan,Stephen,Labour Party,1412,True,Grove,Hammersmith & Fulham,E05013740,E09000013
Hammersmith and Fulham,Grove,2022-05-05,Johnson,Donald,Conservative Party Candidate,340,False,Grove,Hammersmith & Fulham,E05013740,E09000013
Hammersmith and Fulham,Grove,2022-05-05,Roper,Megan,Liberal Democrats,353,False,Grove,Hammersmith & Fulham,E05013740,E09000013
Hammersmith and Fulham,Grove,2022-05-05,Rowbottom,Helen,Labour Party,1372,True,Grove,Hammersmith & Fulham,E05013740,E09000013
Hammersmith and Fulham,Hammersmith Broadway,2022-05-05,Apthorp,Emma,Labour Party,1198,True,Hammersmith Broadway,Hammersmith & Fulham,E05013741,E09000013
Hammersmith and Fulham,Hammersmith Broadway,2022-05-05,Martin,Dennis,Liberal Democrats,161,False,Hammersmith Broadway,Hammersmith & Fulham,E05013741,E09000013
Hammersmith and Fulham,Hammersmith Broadway,2022-05-05,Mason,Nick,Conservative Party Candidate,314,False,Hammersmith Broadway,Hammersmith & Fulham,E05013741,E09000013
Hammersmith and Fulham,Hammersmith Broadway,2022-05-05,Oliaji,Meher,Liberal Democrats,134,False,Hammersmith Broadway,Hammersmith & Fulham,E05013741,E09000013
Hammersmith and Fulham,Hammersmith Broadway,2022-05-05,Quigley,Patricia,Labour Party,1108,True,Hammersmith Broadway,Hammersmith & Fulham,E05013741,E09000013
Hammersmith and Fulham,Hammersmith Broadway,2022-05-05,Rogers,David,Conservative Party Candidate,258,False,Hammersmith Broadway,Hammersmith & Fulham,E05013741,E09000013
Hammersmith and Fulham,Lillie,2022-05-05,Bicknell,Anthony,Liberal Democrats,145,False,Lillie,Hammersmith & Fulham,E05013742,E09000013
Hammersmith and Fulham,Lillie,2022-05-05,Brooke-Edwards,Elena,Liberal Democrats,165,False,Lillie,Hammersmith & Fulham,E05013742,E09000013
Hammersmith and Fulham,Lillie,2022-05-05,Coleman,Ben,Labour Party,903,True,Lillie,Hammersmith & Fulham,E05013742,E09000013
Hammersmith and Fulham,Lillie,2022-05-05,Shoesmith,Sharon,Labour Party,848,True,Lillie,Hammersmith & Fulham,E05013742,E09000013
Hammersmith and Fulham,Lillie,2022-05-05,Maister,Emily,Conservative Party Candidate,368,False,Lillie,Hammersmith & Fulham,E05013742,E09000013
Hammersmith and Fulham,Lillie,2022-05-05,Tate,Jemima,Conservative Party Candidate,329,False,Lillie,Hammersmith & Fulham,E05013742,E09000013
Hammersmith and Fulham,Munster,2022-05-05,Alford,Adronie,Conservative Party Candidate,1164,True,Munster,Hammersmith & Fulham,E05013743,E09000013
Hammersmith and Fulham,Munster,2022-05-05,Burden,Jon,Liberal Democrats,655,False,Munster,Hammersmith & Fulham,E05013743,E09000013
Hammersmith and Fulham,Munster,2022-05-05,Cupit,Shirley,Labour Party,899,False,Munster,Hammersmith & Fulham,E05013743,E09000013
Hammersmith and Fulham,Munster,2022-05-05,Horlick,Nicola,Liberal Democrats,734,False,Munster,Hammersmith & Fulham,E05013743,E09000013
Hammersmith and Fulham,Munster,2022-05-05,Kamaran,Reber,Labour Party,831,False,Munster,Hammersmith & Fulham,E05013743,E09000013
Hammersmith and Fulham,Munster,2022-05-05,Karmel,Alex,Conservative Party Candidate,1169,True,Munster,Hammersmith & Fulham,E05013743,E09000013
Hammersmith and Fulham,Munster,2022-05-05,Paynter,Lydia,Labour Party,863,False,Munster,Hammersmith & Fulham,E05013743,E09000013
Hammersmith and Fulham,Munster,2022-05-05,Stanton,Dominic,Conservative Party Candidate,1113,True,Munster,Hammersmith & Fulham,E05013743,E09000013
Hammersmith and Fulham,Munster,2022-05-05,Townsend,Ted,Liberal Democrats,706,False,Munster,Hammersmith & Fulham,E05013743,E09000013
Hammersmith and Fulham,Palace and Hurlingham,2022-05-05,Afzal-Khan,Aliya,Conservative Party Candidate,1682,True,Palace & Hurlingham,Hammersmith & Fulham,E05013744,E09000013
Hammersmith and Fulham,Palace and Hurlingham,2022-05-05,Al-Fulaij,Nida,Green Party,540,False,Palace & Hurlingham,Hammersmith & Fulham,E05013744,E09000013
Hammersmith and Fulham,Palace and Hurlingham,2022-05-05,Borland,Jackie,Conservative Party Candidate,1711,True,Palace & Hurlingham,Hammersmith & Fulham,E05013744,E09000013
Hammersmith and Fulham,Palace and Hurlingham,2022-05-05,Caleb-Landy,Jonathan,Labour Party,812,False,Palace & Hurlingham,Hammersmith & Fulham,E05013744,E09000013
Hammersmith and Fulham,Palace and Hurlingham,2022-05-05,Dragadze,Tamara,Liberal Democrats,574,False,Palace & Hurlingham,Hammersmith & Fulham,E05013744,E09000013
Hammersmith and Fulham,Palace and Hurlingham,2022-05-05,Horn,Alex,Independent,183,False,Palace & Hurlingham,Hammersmith & Fulham,E05013744,E09000013
Hammersmith and Fulham,Palace and Hurlingham,2022-05-05,Lloyd-Harris,Amanda,Conservative Party Candidate,1774,True,Palace & Hurlingham,Hammersmith & Fulham,E05013744,E09000013
Hammersmith and Fulham,Palace and Hurlingham,2022-05-05,Needham,Caroline,Labour Party,952,False,Palace & Hurlingham,Hammersmith & Fulham,E05013744,E09000013
Hammersmith and Fulham,Palace and Hurlingham,2022-05-05,Vincent,Guy,Labour Party,729,False,Palace & Hurlingham,Hammersmith & Fulham,E05013744,E09000013
Hammersmith and Fulham,Parsons Green & Sandford,2022-05-05,Afonso,Jose,Conservative Party Candidate,935,True,Parsons Green & Sandford,Hammersmith & Fulham,E05013745,E09000013
Hammersmith and Fulham,Parsons Green & Sandford,2022-05-05,Cooper,Christabel,Labour Party,522,False,Parsons Green & Sandford,Hammersmith & Fulham,E05013745,E09000013
Hammersmith and Fulham,Parsons Green & Sandford,2022-05-05,Grigg,John,Labour Party,468,False,Parsons Green & Sandford,Hammersmith & Fulham,E05013745,E09000013
Hammersmith and Fulham,Parsons Green & Sandford,2022-05-05,Muir,Graham,Liberal Democrats,267,False,Parsons Green & Sandford,Hammersmith & Fulham,E05013745,E09000013
Hammersmith and Fulham,Parsons Green & Sandford,2022-05-05,Nightingale,Benedict,Liberal Democrats,263,False,Parsons Green & Sandford,Hammersmith & Fulham,E05013745,E09000013
Hammersmith and Fulham,Parsons Green & Sandford,2022-05-05,Pascu-Tulbure,Adrian,Conservative Party Candidate,922,True,Parsons Green & Sandford,Hammersmith & Fulham,E05013745,E09000013
Hammersmith and Fulham,Ravenscourt,2022-05-05,Bewley,Henrietta Sarah,Liberal Democrats,275,False,Ravenscourt,Hammersmith & Fulham,E05013746,E09000013
Hammersmith and Fulham,Ravenscourt,2022-05-05,Collins,Liz,Labour Party,1262,True,Ravenscourt,Hammersmith & Fulham,E05013746,E09000013
Hammersmith and Fulham,Ravenscourt,2022-05-05,Cook,Michael,Liberal Democrats,200,False,Ravenscourt,Hammersmith & Fulham,E05013746,E09000013
Hammersmith and Fulham,Ravenscourt,2022-05-05,Fitzgerald,Hugo,Conservative Party Candidate,515,False,Ravenscourt,Hammersmith & Fulham,E05013746,E09000013
Hammersmith and Fulham,Ravenscourt,2022-05-05,Gonsalves,Aileen-Ann,Green Party,277,False,Ravenscourt,Hammersmith & Fulham,E05013746,E09000013
Hammersmith and Fulham,Ravenscourt,2022-05-05,Higton,Mark,Conservative Party Candidate,497,False,Ravenscourt,Hammersmith & Fulham,E05013746,E09000013
Hammersmith and Fulham,Ravenscourt,2022-05-05,Walsh,Patrick,Labour Party,1088,True,Ravenscourt,Hammersmith & Fulham,E05013746,E09000013
Hammersmith and Fulham,Sands End,2022-05-05,Alexander,Paul,Labour Party,1199,True,Sands End,Hammersmith & Fulham,E05013747,E09000013
Hammersmith and Fulham,Sands End,2022-05-05,Burnet,Ray,Liberal Democrats,297,False,Sands End,Hammersmith & Fulham,E05013747,E09000013
Hammersmith and Fulham,Sands End,2022-05-05,Campbell,Constance,Conservative Party Candidate,970,False,Sands End,Hammersmith & Fulham,E05013747,E09000013
Hammersmith and Fulham,Sands End,2022-05-05,Downer-Sanderson,Liam,Conservative Party Candidate,912,False,Sands End,Hammersmith & Fulham,E05013747,E09000013
Hammersmith and Fulham,Sands End,2022-05-05,Milch,Gerald,Liberal Democrats,203,False,Sands End,Hammersmith & Fulham,E05013747,E09000013
Hammersmith and Fulham,Sands End,2022-05-05,Patel,Ashok,Labour Party,1098,True,Sands End,Hammersmith & Fulham,E05013747,E09000013
Hammersmith and Fulham,Sands End,2022-05-05,Rosenberg,Ann,Labour Party,1177,True,Sands End,Hammersmith & Fulham,E05013747,E09000013
Hammersmith and Fulham,Sands End,2022-05-05,Waine,Stewart,Conservative Party Candidate,869,False,Sands End,Hammersmith & Fulham,E05013747,E09000013
Hammersmith and Fulham,Shepherd's Bush Green,2022-05-05,Buchanan-Barrow,Paul,Liberal Democrats,170,False,Shepherd's Bush Green,Hammersmith & Fulham,E05013748,E09000013
Hammersmith and Fulham,Shepherd's Bush Green,2022-05-05,Lewis,Al,Conservative Party Candidate,165,False,Shepherd's Bush Green,Hammersmith & Fulham,E05013748,E09000013
Hammersmith and Fulham,Shepherd's Bush Green,2022-05-05,Qayyum,Zarar,Labour Party,781,True,Shepherd's Bush Green,Hammersmith & Fulham,E05013748,E09000013
Hammersmith and Fulham,Shepherd's Bush Green,2022-05-05,Umeh,Mercy,Labour Party,784,True,Shepherd's Bush Green,Hammersmith & Fulham,E05013748,E09000013
Hammersmith and Fulham,Shepherd's Bush Green,2022-05-05,Vinante,Christian,Conservative Party Candidate,151,False,Shepherd's Bush Green,Hammersmith & Fulham,E05013748,E09000013
Hammersmith and Fulham,Walham Green,2022-05-05,Bagwell,William,Liberal Democrats,156,False,Walham Green,Hammersmith & Fulham,E05013749,E09000013
Hammersmith and Fulham,Walham Green,2022-05-05,Campbell-Simon,Trey,Labour Party,907,True,Walham Green,Hammersmith & Fulham,E05013749,E09000013
Hammersmith and Fulham,Walham Green,2022-05-05,Cubitt,Richard,Conservative Party Candidate,458,False,Walham Green,Hammersmith & Fulham,E05013749,E09000013
Hammersmith and Fulham,Walham Green,2022-05-05,McDonagh,Rosie,Liberal Democrats,185,False,Walham Green,Hammersmith & Fulham,E05013749,E09000013
Hammersmith and Fulham,Walham Green,2022-05-05,Monteith-Mann,Jamie,Conservative Party Candidate,429,False,Walham Green,Hammersmith & Fulham,E05013749,E09000013
Hammersmith and Fulham,Walham Green,2022-05-05,Nwaogbe,Genevieve,Labour Party,860,True,Walham Green,Hammersmith & Fulham,E05013749,E09000013
Hammersmith and Fulham,Walham Green,2022-05-05,Owen,Robert,Green Party,172,False,Walham Green,Hammersmith & Fulham,E05013749,E09000013
Hammersmith and Fulham,West Kensington,2022-05-05,Barnes,Gill,Liberal Democrats,289,False,West Kensington,Hammersmith & Fulham,E05013751,E09000013
Hammersmith and Fulham,West Kensington,2022-05-05,Barton,Philip,Liberal Democrats,197,False,West Kensington,Hammersmith & Fulham,E05013751,E09000013
Hammersmith and Fulham,West Kensington,2022-05-05,Brown,Daryl,Labour Party,1280,True,West Kensington,Hammersmith & Fulham,E05013751,E09000013
Hammersmith and Fulham,West Kensington,2022-05-05,Chevoppe-Verdier,Florian,Labour Party,1213,True,West Kensington,Hammersmith & Fulham,E05013751,E09000013
Hammersmith and Fulham,West Kensington,2022-05-05,Marshall,Simon,Social Democratic Party,49,False,West Kensington,Hammersmith & Fulham,E05013751,E09000013
Hammersmith and Fulham,West Kensington,2022-05-05,Monerawela,Yasantha,Conservative Party Candidate,380,False,West Kensington,Hammersmith & Fulham,E05013751,E09000013
Hammersmith and Fulham,West Kensington,2022-05-05,Richards,Sophie,Conservative Party Candidate,439,False,West Kensington,Hammersmith & Fulham,E05013751,E09000013
Hammersmith and Fulham,West Kensington,2022-05-05,Taylor,Sally,Labour Party,1270,True,West Kensington,Hammersmith & Fulham,E05013751,E09000013
Hammersmith and Fulham,West Kensington,2022-05-05,Taylor,Sarah,Liberal Democrats,261,False,West Kensington,Hammersmith & Fulham,E05013751,E09000013
Hammersmith and Fulham,West Kensington,2022-05-05,Temkov,Dragi,Conservative Party Candidate,364,False,West Kensington,Hammersmith & Fulham,E05013751,E09000013
Hammersmith and Fulham,Wendell Park,2022-05-05,Gaughan,Amelia,Liberal Democrats,396,False,Wendell Park,Hammersmith & Fulham,E05013750,E09000013
Hammersmith and Fulham,Wendell Park,2022-05-05,Harvey,Rebecca,Labour Party,1511,True,Wendell Park,Hammersmith & Fulham,E05013750,E09000013
Hammersmith and Fulham,Wendell Park,2022-05-05,Milmore,Alistair,Conservative Party Candidate,462,False,Wendell Park,Hammersmith & Fulham,E05013750,E09000013
Hammersmith and Fulham,Wendell Park,2022-05-05,Perschke,Jack,Conservative Party Candidate,429,False,Wendell Park,Hammersmith & Fulham,E05013750,E09000013
Hammersmith and Fulham,Wendell Park,2022-05-05,Siddique,Asif,Labour Party,1305,True,Wendell Park,Hammersmith & Fulham,E05013750,E09000013
Hammersmith and Fulham,White City,2022-05-05,Brett,Felix,Liberal Democrats,224,False,White City,Hammersmith & Fulham,E05013752,E09000013
Hammersmith and Fulham,White City,2022-05-05,Farah,Sada,Conservative Party Candidate,239,False,White City,Hammersmith & Fulham,E05013752,E09000013
Hammersmith and Fulham,White City,2022-05-05,Jamal,Nasir,Conservative Party Candidate,197,False,White City,Hammersmith & Fulham,E05013752,E09000013
Hammersmith and Fulham,White City,2022-05-05,Jones,Andrew,Labour Party,1396,True,White City,Hammersmith & Fulham,E05013752,E09000013
Hammersmith and Fulham,White City,2022-05-05,Kelly,David,Green Party,346,False,White City,Hammersmith & Fulham,E05013752,E09000013
Hammersmith and Fulham,White City,2022-05-05,Mahmood,Zara,Conservative Party Candidate,197,False,White City,Hammersmith & Fulham,E05013752,E09000013
Hammersmith and Fulham,White City,2022-05-05,Natalia,Perex,Labour Party,1388,True,White City,Hammersmith & Fulham,E05013752,E09000013
Hammersmith and Fulham,White City,2022-05-05,Umeh,Frances,Labour Party,1262,True,White City,Hammersmith & Fulham,E05013752,E09000013
Hammersmith and Fulham,Wormholt,2022-05-05,Bajwa,Fatima,Conservative Party Candidate,240,False,Wormholt,Hammersmith & Fulham,E05013753,E09000013
Hammersmith and Fulham,Wormholt,2022-05-05,Byrne,Emma,Green Party,247,False,Wormholt,Hammersmith & Fulham,E05013753,E09000013
Hammersmith and Fulham,Wormholt,2022-05-05,Illingworth,Michael,Liberal Democrats,156,False,Wormholt,Hammersmith & Fulham,E05013753,E09000013
Hammersmith and Fulham,Wormholt,2022-05-05,Lyons,Steve,Conservative Party Candidate,250,False,Wormholt,Hammersmith & Fulham,E05013753,E09000013
Hammersmith and Fulham,Wormholt,2022-05-05,Schmid,Maxwell,Labour Party,1010,True,Wormholt,Hammersmith & Fulham,E05013753,E09000013
Hammersmith and Fulham,Wormholt,2022-05-05,Trehy,Nicole,Labour Party,990,True,Wormholt,Hammersmith & Fulham,E05013753,E09000013
Haringey,Alexandra Park,2022-05-05,Danker,George,Labour Party,1353,False,Alexandra Park,Haringey,E05013585,E09000014
Haringey,Alexandra Park,2022-05-05,Douglas,David,The Conservative Party Candidate,215,False,Alexandra Park,Haringey,E05013585,E09000014
Haringey,Alexandra Park,2022-05-05,Elliott,Sarah,Labour Party,1475,True,Alexandra Park,Haringey,E05013585,E09000014
Haringey,Alexandra Park,2022-05-05,Lewis,Claire,Green Party,562,False,Alexandra Park,Haringey,E05013585,E09000014
Haringey,Alexandra Park,2022-05-05,Prabu,Hari,Liberal Democrats,1246,False,Alexandra Park,Haringey,E05013585,E09000014
Haringey,Alexandra Park,2022-05-05,Rossetti,Alessandra,Liberal Democrats,1471,True,Alexandra Park,Haringey,E05013585,E09000014
Haringey,Bounds Green,2022-05-05,Arkell,Emily,Labour Party,1510,True,Bounds Green,Haringey,E05013586,E09000014
Haringey,Bounds Green,2022-05-05,Bhanot,Suraj,Conservative Party Candidate,187,False,Bounds Green,Haringey,E05013586,E09000014
Haringey,Bounds Green,2022-05-05,Carter,Guy,Conservative Party Candidate,199,False,Bounds Green,Haringey,E05013586,E09000014
Haringey,Bounds Green,2022-05-05,Hassan,Ibrahim,Liberal Democrats,589,False,Bounds Green,Haringey,E05013586,E09000014
Haringey,Bounds Green,2022-05-05,Hinchcliffe,Justin,Liberal Democrats,634,False,Bounds Green,Haringey,E05013586,E09000014
Haringey,Bounds Green,2022-05-05,Maddocks,Steven,Green Party,419,False,Bounds Green,Haringey,E05013586,E09000014
Haringey,Bounds Green,2022-05-05,Mason,Mary,Labour Party,1362,True,Bounds Green,Haringey,E05013586,E09000014
Haringey,Bruce Castle,2022-05-05,Ali,Ibrahim,Labour Party,1621,True,Bruce Castle,Haringey,E05013587,E09000014
Haringey,Bruce Castle,2022-05-05,Barton,James,Conservative Party Candidate,268,False,Bruce Castle,Haringey,E05013587,E09000014
Haringey,Bruce Castle,2022-05-05,Bielecka,Agnieszka,Conservative Party Candidate,221,False,Bruce Castle,Haringey,E05013587,E09000014
Haringey,Bruce Castle,2022-05-05,Dogan,Erdal,Labour Party,1574,True,Bruce Castle,Haringey,E05013587,E09000014
Haringey,Bruce Castle,2022-05-05,Fenby Taylor,Matthew,Liberal Democrats,132,False,Bruce Castle,Haringey,E05013587,E09000014
Haringey,Bruce Castle,2022-05-05,Harling,Pamela,Green Party,372,False,Bruce Castle,Haringey,E05013587,E09000014
Haringey,Bruce Castle,2022-05-05,Jameson,Sue,Labour Party,1574,True,Bruce Castle,Haringey,E05013587,E09000014
Haringey,Bruce Castle,2022-05-05,Moorthy,Niveda,Conservative Party Candidate,205,False,Bruce Castle,Haringey,E05013587,E09000014
Haringey,Bruce Castle,2022-05-05,Prager,Alison,Liberal Democrats,164,False,Bruce Castle,Haringey,E05013587,E09000014
Haringey,Bruce Castle,2022-05-05,Sweet,Alex,Liberal Democrats,137,False,Bruce Castle,Haringey,E05013587,E09000014
Haringey,Crouch End,2022-05-05,Buxton,Lester,Labour Party,1960,True,Crouch End,Haringey,E05013588,E09000014
Haringey,Crouch End,2022-05-05,Cawley-Harrison,Luke,Liberal Democrats,1942,True,Crouch End,Haringey,E05013588,E09000014
Haringey,Crouch End,2022-05-05,Dixon,Josh,Liberal Democrats,1690,False,Crouch End,Haringey,E05013588,E09000014
Haringey,Crouch End,2022-05-05,Johnson,Cressida,Labour Party,2278,True,Crouch End,Haringey,E05013588,E09000014
Haringey,Crouch End,2022-05-05,Mason,David,Labour Party,1911,False,Crouch End,Haringey,E05013588,E09000014
Haringey,Crouch End,2022-05-05,Payne,Elizabeth,Liberal Democrats,1871,False,Crouch End,Haringey,E05013588,E09000014
Haringey,Crouch End,2022-05-05,Ritchie,David,The Conservative Party Candidate,264,False,Crouch End,Haringey,E05013588,E09000014
Haringey,Crouch End,2022-05-05,Wilkinson,Paul,Green Party,1095,False,Crouch End,Haringey,E05013588,E09000014
Haringey,Fortis Green,2022-05-05,Barnes,Dawn,Liberal Democrats,1979,True,Fortis Green,Haringey,E05013589,E09000014
Haringey,Fortis Green,2022-05-05,Bentham,Matthew,Liberal Democrats,1705,False,Fortis Green,Haringey,E05013589,E09000014
Haringey,Fortis Green,2022-05-05,Blake,Mark,Labour Party,1743,True,Fortis Green,Haringey,E05013589,E09000014
Haringey,Fortis Green,2022-05-05,Ettinger,Colin,Green Party,865,False,Fortis Green,Haringey,E05013589,E09000014
Haringey,Fortis Green,2022-05-05,Hammer,Elliot,Conservative Party Candidate,311,False,Fortis Green,Haringey,E05013589,E09000014
Haringey,Fortis Green,2022-05-05,O`Donovan,Sean,Labour Party,1652,False,Fortis Green,Haringey,E05013589,E09000014
Haringey,Fortis Green,2022-05-05,Ross,Viv,Liberal Democrats,1664,False,Fortis Green,Haringey,E05013589,E09000014
Haringey,Fortis Green,2022-05-05,Sherwood,Julian,Conservative Party Candidate,305,False,Fortis Green,Haringey,E05013589,E09000014
Haringey,Fortis Green,2022-05-05,Wallace,Joy,Labour Party,1823,True,Fortis Green,Haringey,E05013589,E09000014
Haringey,Harringay,2022-05-05,Abela,Anna,Labour Party,1941,True,Harringay,Haringey,E05013590,E09000014
Haringey,Harringay,2022-05-05,Adamou,Gina,Labour Party,1832,True,Harringay,Haringey,E05013590,E09000014
Haringey,Harringay,2022-05-05,Alexander,Karen,Liberal Democrats,1210,False,Harringay,Haringey,E05013590,E09000014
Haringey,Harringay,2022-05-05,Brabazon,Zena,Labour Party,1829,True,Harringay,Haringey,E05013590,E09000014
Haringey,Harringay,2022-05-05,Donmez,Nihat,Conservative Party Candidate,167,False,Harringay,Haringey,E05013590,E09000014
Haringey,Harringay,2022-05-05,Frantzis,Adam,Green Party,874,False,Harringay,Haringey,E05013590,E09000014
Haringey,Harringay,2022-05-05,Hull,William,Conservative Party Candidate,176,False,Harringay,Haringey,E05013590,E09000014
Haringey,Harringay,2022-05-05,Mercer,Ryan,Liberal Democrats,948,False,Harringay,Haringey,E05013590,E09000014
Haringey,Harringay,2022-05-05,Mills,Sarah,Women's Equality Party,382,False,Harringay,Haringey,E05013590,E09000014
Haringey,Harringay,2022-05-05,Rasmussen,Jethro,Conservative Party Candidate,146,False,Harringay,Haringey,E05013590,E09000014
Haringey,Harringay,2022-05-05,Schmitz,David,Liberal Democrats,1055,False,Harringay,Haringey,E05013590,E09000014
Haringey,Hermitage & Gardens,2022-05-05,Alexander,Mark,Liberal Democrats,145,False,Hermitage & Gardens,Haringey,E05013591,E09000014
Haringey,Hermitage & Gardens,2022-05-05,Clark,Anne,Green Party,493,False,Hermitage & Gardens,Haringey,E05013591,E09000014
Haringey,Hermitage & Gardens,2022-05-05,Davies,Julie,Labour Party,1318,True,Hermitage & Gardens,Haringey,E05013591,E09000014
Haringey,Hermitage & Gardens,2022-05-05,El-Gamry,Catherine,Conservative Party Candidate,127,False,Hermitage & Gardens,Haringey,E05013591,E09000014
Haringey,Hermitage & Gardens,2022-05-05,Hakata,Mike,Labour Party,1187,True,Hermitage & Gardens,Haringey,E05013591,E09000014
Haringey,Hermitage & Gardens,2022-05-05,Hamilton,Katherine,Liberal Democrats,145,False,Hermitage & Gardens,Haringey,E05013591,E09000014
Haringey,Hermitage & Gardens,2022-05-05,Jahn,Alfred,Green Party,252,False,Hermitage & Gardens,Haringey,E05013591,E09000014
Haringey,Hermitage & Gardens,2022-05-05,Matthews,Claudia,Conservative Party Candidate,129,False,Hermitage & Gardens,Haringey,E05013591,E09000014
Haringey,Highgate,2022-05-05,Da Costa,Nick,Liberal Democrats,1840,True,Highgate,Haringey,E05013592,E09000014
Haringey,Highgate,2022-05-05,Dick,Ian,Green Party,930,False,Highgate,Haringey,E05013592,E09000014
Haringey,Highgate,2022-05-05,Emery,Scott,Liberal Democrats,1641,True,Highgate,Haringey,E05013592,E09000014
Haringey,Highgate,2022-05-05,Grosskopf,Mark,Labour Party,1223,False,Highgate,Haringey,E05013592,E09000014
Haringey,Highgate,2022-05-05,Isilar-Gosling,Marsha,Liberal Democrats,1702,True,Highgate,Haringey,E05013592,E09000014
Haringey,Highgate,2022-05-05,Jennings,Maria,Labour Party,1560,False,Highgate,Haringey,E05013592,E09000014
Haringey,Highgate,2022-05-05,MacDougall,William,Conservative Party Candidate,527,False,Highgate,Haringey,E05013592,E09000014
Haringey,Highgate,2022-05-05,Mohammed,Ahmed,Labour Party,1249,False,Highgate,Haringey,E05013592,E09000014
Haringey,Highgate,2022-05-05,Steinberg,Nathan,Conservative Party Candidate,480,False,Highgate,Haringey,E05013592,E09000014
Haringey,Hornsey,2022-05-05,Blandos,John,Conservative Party Candidate,300,False,Hornsey,Haringey,E05013593,E09000014
Haringey,Hornsey,2022-05-05,Budge,Peter,Green Party,632,False,Hornsey,Haringey,E05013593,E09000014
Haringey,Hornsey,2022-05-05,Carlin,Dana,Labour Party,2789,True,Hornsey,Haringey,E05013593,E09000014
Haringey,Hornsey,2022-05-05,Cunnington,Jeremy,Liberal Democrats,641,False,Hornsey,Haringey,E05013593,E09000014
Haringey,Hornsey,2022-05-05,Duggirala,Meghana,Green Party,629,False,Hornsey,Haringey,E05013593,E09000014
Haringey,Hornsey,2022-05-05,Forrest,Peter,Conservative Party Candidate,272,False,Hornsey,Haringey,E05013593,E09000014
Haringey,Hornsey,2022-05-05,Hogan,Mary,Green Party,695,False,Hornsey,Haringey,E05013593,E09000014
Haringey,Hornsey,2022-05-05,Jogee,Adam,Labour Party,2919,True,Hornsey,Haringey,E05013593,E09000014
Haringey,Hornsey,2022-05-05,Kichenside,Matthew,Liberal Democrats,605,False,Hornsey,Haringey,E05013593,E09000014
Haringey,Hornsey,2022-05-05,Rose,Lexi,Liberal Democrats,750,False,Hornsey,Haringey,E05013593,E09000014
Haringey,Hornsey,2022-05-05,Weston,Elin,Labour Party,2690,True,Hornsey,Haringey,E05013593,E09000014
Haringey,Muswell Hill,2022-05-05,Bogdanovic,Brian,Liberal Democrats,1294,False,Muswell Hill,Haringey,E05013594,E09000014
Haringey,Muswell Hill,2022-05-05,Brennan,Cathy,Labour Party,1298,True,Muswell Hill,Haringey,E05013594,E09000014
Haringey,Muswell Hill,2022-05-05,Connor,Pippa,Liberal Democrats,1546,True,Muswell Hill,Haringey,E05013594,E09000014
Haringey,Muswell Hill,2022-05-05,Hoyland,Tom,Green Party,564,False,Muswell Hill,Haringey,E05013594,E09000014
Haringey,Muswell Hill,2022-05-05,Molla,Sahabuddin,Labour Party,1027,False,Muswell Hill,Haringey,E05013594,E09000014
Haringey,Muswell Hill,2022-05-05,Phillips,Xander,The Conservative Party Candidate,263,False,Muswell Hill,Haringey,E05013594,E09000014
Haringey,Noel Park,2022-05-05,Ahmet,Peray,Labour Party,1849,True,Noel Park,Haringey,E05013595,E09000014
Haringey,Noel Park,2022-05-05,Amos,Matthew,Liberal Democrats,514,False,Noel Park,Haringey,E05013595,E09000014
Haringey,Noel Park,2022-05-05,Ibrahim,Emine,Labour Party,1773,True,Noel Park,Haringey,E05013595,E09000014
Haringey,Noel Park,2022-05-05,Kaur,Asha,Liberal Democrats,496,False,Noel Park,Haringey,E05013595,E09000014
Haringey,Noel Park,2022-05-05,Moyeed,Khaled,Labour Party,1626,True,Noel Park,Haringey,E05013595,E09000014
Haringey,Noel Park,2022-05-05,Obese-Jecty,Ben,The Conservative Party Candidate,301,False,Noel Park,Haringey,E05013595,E09000014
Haringey,Noel Park,2022-05-05,Powell,Anthony,Liberal Democrats,506,False,Noel Park,Haringey,E05013595,E09000014
Haringey,Northumberland Park,2022-05-05,Aitken,Ron,Liberal Democrats,184,False,Northumberland Park,Haringey,E05013596,E09000014
Haringey,Northumberland Park,2022-05-05,Amin,Kaushika,Labour Party,1748,True,Northumberland Park,Haringey,E05013596,E09000014
Haringey,Northumberland Park,2022-05-05,Babis,Daniel,Conservative Party Candidate,264,False,Northumberland Park,Haringey,E05013596,E09000014
Haringey,Northumberland Park,2022-05-05,Bevan,John,Labour Party,1751,True,Northumberland Park,Haringey,E05013596,E09000014
Haringey,Northumberland Park,2022-05-05,Leenstra,Marit,Green Party,307,False,Northumberland Park,Haringey,E05013596,E09000014
Haringey,Northumberland Park,2022-05-05,Lindsay-Smith,Bob,Liberal Democrats,161,False,Northumberland Park,Haringey,E05013596,E09000014
Haringey,Northumberland Park,2022-05-05,McGillivray,Calum,Conservative Party Candidate,234,False,Northumberland Park,Haringey,E05013596,E09000014
Haringey,Northumberland Park,2022-05-05,Mortimer,Valerie,Liberal Democrats,161,False,Northumberland Park,Haringey,E05013596,E09000014
Haringey,Northumberland Park,2022-05-05,Ovat,Ajda,Labour Party,1658,True,Northumberland Park,Haringey,E05013596,E09000014
Haringey,Northumberland Park,2022-05-05,Ragnuth,Mitty,Conservative Party Candidate,187,False,Northumberland Park,Haringey,E05013596,E09000014
Haringey,Seven Sisters,2022-05-05,Blake,Barbara,Labour Party,1272,True,Seven Sisters,Haringey,E05013598,E09000014
Haringey,Seven Sisters,2022-05-05,George,Rachel,Conservative Party Candidate,185,False,Seven Sisters,Haringey,E05013598,E09000014
Haringey,Seven Sisters,2022-05-05,Hirst,Lydia,Liberal Democrats,123,False,Seven Sisters,Haringey,E05013598,E09000014
Haringey,Seven Sisters,2022-05-05,Jenks,Jim,Liberal Democrats,69,False,Seven Sisters,Haringey,E05013598,E09000014
Haringey,Seven Sisters,2022-05-05,Noble,Stephen,Conservative Party Candidate,152,False,Seven Sisters,Haringey,E05013598,E09000014
Haringey,Seven Sisters,2022-05-05,Pearce,Rosie,Green Party,367,False,Seven Sisters,Haringey,E05013598,E09000014
Haringey,Seven Sisters,2022-05-05,Simmons-Safo,Michelle,Labour Party,1113,True,Seven Sisters,Haringey,E05013598,E09000014
Haringey,South Tottenham,2022-05-05,Adje,Charles,Labour Party,1769,True,South Tottenham,Haringey,E05013599,E09000014
Haringey,South Tottenham,2022-05-05,Conyers,Paul,Liberal Democrats,156,False,South Tottenham,Haringey,E05013599,E09000014
Haringey,South Tottenham,2022-05-05,Dodd,Abigail,Green Party,446,False,South Tottenham,Haringey,E05013599,E09000014
Haringey,South Tottenham,2022-05-05,Gunes,Makbule,Labour Party,1737,True,South Tottenham,Haringey,E05013599,E09000014
Haringey,South Tottenham,2022-05-05,Lake,Daniel,Conservative Party Candidate,402,False,South Tottenham,Haringey,E05013599,E09000014
Haringey,South Tottenham,2022-05-05,Lindeman,Joan,Liberal Democrats,148,False,South Tottenham,Haringey,E05013599,E09000014
Haringey,South Tottenham,2022-05-05,Peacock,Sheila,Labour Party,1784,True,South Tottenham,Haringey,E05013599,E09000014
Haringey,South Tottenham,2022-05-05,Rosenthal,Gavin,Liberal Democrats,123,False,South Tottenham,Haringey,E05013599,E09000014
Haringey,South Tottenham,2022-05-05,Rossini,Massimo,Conservative Party Candidate,393,False,South Tottenham,Haringey,E05013599,E09000014
Haringey,South Tottenham,2022-05-05,Royde,Shloime,Conservative Party Candidate,421,False,South Tottenham,Haringey,E05013599,E09000014
Haringey,St Ann's,2022-05-05,Chan,Emma,Green Party,938,False,St Ann's,Haringey,E05013597,E09000014
Haringey,St Ann's,2022-05-05,Chrispin,Harry,Green Party,735,False,St Ann's,Haringey,E05013597,E09000014
Haringey,St Ann's,2022-05-05,Dennison,Paul,Liberal Democrats,147,False,St Ann's,Haringey,E05013597,E09000014
Haringey,St Ann's,2022-05-05,Harrison-Mullane,Holly,Labour Party,1188,True,St Ann's,Haringey,E05013597,E09000014
Haringey,St Ann's,2022-05-05,Hymas,Tammy,Labour Party,1050,True,St Ann's,Haringey,E05013597,E09000014
Haringey,St Ann's,2022-05-05,Jenkinson,Cara,Liberal Democrats,143,False,St Ann's,Haringey,E05013597,E09000014
Haringey,Stroud Green,2022-05-05,Allao,Amelia,Christian Peoples Alliance,51,False,Stroud Green,Haringey,E05013600,E09000014
Haringey,Stroud Green,2022-05-05,Beacham,David,Liberal Democrats,1121,False,Stroud Green,Haringey,E05013600,E09000014
Haringey,Stroud Green,2022-05-05,Burge,Cedd,Green Party,1009,False,Stroud Green,Haringey,E05013600,E09000014
Haringey,Stroud Green,2022-05-05,Culverwell,Eldridge,Labour Party,2000,True,Stroud Green,Haringey,E05013600,E09000014
Haringey,Stroud Green,2022-05-05,Dunstall,George,Labour Party,1827,True,Stroud Green,Haringey,E05013600,E09000014
Haringey,Stroud Green,2022-05-05,Forrest,Daphne,Conservative Party Candidate,135,False,Stroud Green,Haringey,E05013600,E09000014
Haringey,Stroud Green,2022-05-05,Hemsley,Tom,Liberal Democrats,1166,False,Stroud Green,Haringey,E05013600,E09000014
Haringey,Stroud Green,2022-05-05,Kerr,Joanna,Liberal Democrats,1303,False,Stroud Green,Haringey,E05013600,E09000014
Haringey,Stroud Green,2022-05-05,Mitchell-Mahmud,Loretta,Conservative Party Candidate,119,False,Stroud Green,Haringey,E05013600,E09000014
Haringey,Stroud Green,2022-05-05,Spiby-Vann,Helen,Christian Peoples Alliance,59,False,Stroud Green,Haringey,E05013600,E09000014
Haringey,Stroud Green,2022-05-05,Worrell,Alexandra,Labour Party,2132,True,Stroud Green,Haringey,E05013600,E09000014
Haringey,Tottenham Central,2022-05-05,Adrjanowicz,Agnieszka,Conservative Party Candidate,260,False,Tottenham Central,Haringey,E05013601,E09000014
Haringey,Tottenham Central,2022-05-05,Diakides,Isidoros,Labour Party,1950,True,Tottenham Central,Haringey,E05013601,E09000014
Haringey,Tottenham Central,2022-05-05,Evans,Matthew,Liberal Democrats,276,False,Tottenham Central,Haringey,E05013601,E09000014
Haringey,Tottenham Central,2022-05-05,Everett,Charles,Conservative Party Candidate,247,False,Tottenham Central,Haringey,E05013601,E09000014
Haringey,Tottenham Central,2022-05-05,Fuchs,Simon,Liberal Democrats,226,False,Tottenham Central,Haringey,E05013601,E09000014
Haringey,Tottenham Central,2022-05-05,Obedencio,Obi,Green Party,677,False,Tottenham Central,Haringey,E05013601,E09000014
Haringey,Tottenham Central,2022-05-05,Ogiehor,Julia,Liberal Democrats,263,False,Tottenham Central,Haringey,E05013601,E09000014
Haringey,Tottenham Central,2022-05-05,Opoku,Felicia,Labour Party,2004,True,Tottenham Central,Haringey,E05013601,E09000014
Haringey,Tottenham Central,2022-05-05,Tobin,Queenjane,Conservative Party Candidate,203,False,Tottenham Central,Haringey,E05013601,E09000014
Haringey,Tottenham Central,2022-05-05,White,Matthew,Labour Party,1735,True,Tottenham Central,Haringey,E05013601,E09000014
Haringey,Tottenham Hale,2022-05-05,Chenot,Jean-Philippe,Liberal Democrats,154,False,Tottenham Hale,Haringey,E05013602,E09000014
Haringey,Tottenham Hale,2022-05-05,Clarke,Adam,Green Party,281,False,Tottenham Hale,Haringey,E05013602,E09000014
Haringey,Tottenham Hale,2022-05-05,Dristas,Georgios,Conservative Party Candidate,170,False,Tottenham Hale,Haringey,E05013602,E09000014
Haringey,Tottenham Hale,2022-05-05,Ellen,Paddy,Green Party,319,False,Tottenham Hale,Haringey,E05013602,E09000014
Haringey,Tottenham Hale,2022-05-05,Gavazzi,Isabella,Liberal Democrats,163,False,Tottenham Hale,Haringey,E05013602,E09000014
Haringey,Tottenham Hale,2022-05-05,Gordon,Ruth,Labour Party,1396,True,Tottenham Hale,Haringey,E05013602,E09000014
Haringey,Tottenham Hale,2022-05-05,Gorski,Peter,Conservative Party Candidate,161,False,Tottenham Hale,Haringey,E05013602,E09000014
Haringey,Tottenham Hale,2022-05-05,Gourtsoyannis,Yannis,Labour Party,1201,True,Tottenham Hale,Haringey,E05013602,E09000014
Haringey,Tottenham Hale,2022-05-05,Rice,Reg,Labour Party,1206,True,Tottenham Hale,Haringey,E05013602,E09000014
Haringey,Tottenham Hale,2022-05-05,Simoes,Jay,Conservative Party Candidate,141,False,Tottenham Hale,Haringey,E05013602,E09000014
Haringey,Tottenham Hale,2022-05-05,Thomas,Andrew,Liberal Democrats,126,False,Tottenham Hale,Haringey,E05013602,E09000014
Haringey,West Green,2022-05-05,Bartlett,Nicola,Labour Party,2198,True,West Green,Haringey,E05013603,E09000014
Haringey,West Green,2022-05-05,Chandwani,Seema,Labour Party,2213,True,West Green,Haringey,E05013603,E09000014
Haringey,West Green,2022-05-05,Cin,Fatma,Conservative Party Candidate,303,False,West Green,Haringey,E05013603,E09000014
Haringey,West Green,2022-05-05,Cronin,Sharon,Conservative Party Candidate,310,False,West Green,Haringey,E05013603,E09000014
Haringey,West Green,2022-05-05,Hirst,Gregory,Liberal Democrats,325,False,West Green,Haringey,E05013603,E09000014
Haringey,West Green,2022-05-05,Lalobo,Caesar,Conservative Party Candidate,250,False,West Green,Haringey,E05013603,E09000014
Haringey,West Green,2022-05-05,Riddle,Kathy,Liberal Democrats,404,False,West Green,Haringey,E05013603,E09000014
Haringey,West Green,2022-05-05,Siemicki,Richard,Liberal Democrats,258,False,West Green,Haringey,E05013603,E09000014
Haringey,West Green,2022-05-05,Williams,Sarah,Labour Party,2201,True,West Green,Haringey,E05013603,E09000014
Haringey,White Hart Lane,2022-05-05,Blackett,Elizabeth,Liberal Democrats,318,False,White Hart Lane,Haringey,E05013604,E09000014
Haringey,White Hart Lane,2022-05-05,Bull,Gideon,Independent,630,False,White Hart Lane,Haringey,E05013604,E09000014
Haringey,White Hart Lane,2022-05-05,Fage,Bradley,Conservative Party Candidate,374,False,White Hart Lane,Haringey,E05013604,E09000014
Haringey,White Hart Lane,2022-05-05,Head,Paul,Liberal Democrats,225,False,White Hart Lane,Haringey,E05013604,E09000014
Haringey,White Hart Lane,2022-05-05,Krynicki,Jeremy,Conservative Party Candidate,333,False,White Hart Lane,Haringey,E05013604,E09000014
Haringey,White Hart Lane,2022-05-05,Mahbub,Ahmed,Labour Party,1712,True,White Hart Lane,Haringey,E05013604,E09000014
Haringey,White Hart Lane,2022-05-05,O`Shea,Neil,Conservative Party Candidate,329,False,White Hart Lane,Haringey,E05013604,E09000014
Haringey,White Hart Lane,2022-05-05,Perry,Adam,Liberal Democrats,214,False,White Hart Lane,Haringey,E05013604,E09000014
Haringey,White Hart Lane,2022-05-05,Say,Yvonne,Labour Party,1779,True,White Hart Lane,Haringey,E05013604,E09000014
Haringey,White Hart Lane,2022-05-05,Stennett,Anne,Labour Party,1723,True,White Hart Lane,Haringey,E05013604,E09000014
Haringey,Woodside,2022-05-05,Carr,Eva,Conservative Party Candidate,373,False,Woodside,Haringey,E05013605,E09000014
Haringey,Woodside,2022-05-05,Collett,Lotte,Labour Party,2077,True,Woodside,Haringey,E05013605,E09000014
Haringey,Woodside,2022-05-05,Das Neves,Lucia,Labour Party,2073,True,Woodside,Haringey,E05013605,E09000014
Haringey,Woodside,2022-05-05,Fisk,Sam,Liberal Democrats,454,False,Woodside,Haringey,E05013605,E09000014
Haringey,Woodside,2022-05-05,Francis,Jarelle,Green Party,711,False,Woodside,Haringey,E05013605,E09000014
Haringey,Woodside,2022-05-05,Iyngkaran,Thayahlan,Labour Party,1770,True,Woodside,Haringey,E05013605,E09000014
Haringey,Woodside,2022-05-05,Mediwaka,Shanuk,Conservative Party Candidate,291,False,Woodside,Haringey,E05013605,E09000014
Haringey,Woodside,2022-05-05,Negus,Paul,Liberal Democrats,402,False,Woodside,Haringey,E05013605,E09000014
Haringey,Woodside,2022-05-05,Salter,Shelley,Liberal Democrats,440,False,Woodside,Haringey,E05013605,E09000014
Harrow,Belmont,2022-05-05,Anderson,Sue Elizabeth,Labour Party,843,False,Belmont,Harrow,E05013542,E09000015
Harrow,Belmont,2022-05-05,Kendall,Anisoara Nusa,Independent Network,211,False,Belmont,Harrow,E05013542,E09000015
Harrow,Belmont,2022-05-05,Mathur,Kuldeep,Labour Party,716,False,Belmont,Harrow,E05013542,E09000015
Harrow,Belmont,2022-05-05,Mehta,Sunita,Green Party,309,False,Belmont,Harrow,E05013542,E09000015
Harrow,Belmont,2022-05-05,Parmar,Minaxi,Conservative Party Candidate,1707,True,Belmont,Harrow,E05013542,E09000015
Harrow,Belmont,2022-05-05,Patel,Anjana,Conservative Party Candidate,1720,True,Belmont,Harrow,E05013542,E09000015
Harrow,Canons,2022-05-05,Bore,James Richard,Liberal Democrats,323,False,Canons,Harrow,E05013543,E09000015
Harrow,Canons,2022-05-05,Dighe,Sanjay Jitendra,Labour Party,698,False,Canons,Harrow,E05013543,E09000015
Harrow,Canons,2022-05-05,Jogia,Ameet,Conservative Party Candidate,1679,True,Canons,Harrow,E05013543,E09000015
Harrow,Canons,2022-05-05,Lockie,Linda Joy,Labour Party,673,False,Canons,Harrow,E05013543,E09000015
Harrow,Canons,2022-05-05,Moshenson,Amir,Conservative Party Candidate,1490,True,Canons,Harrow,E05013543,E09000015
Harrow,Centenary,2022-05-05,Ashton,David Julian,Conservative Party Candidate,2165,True,Centenary,Harrow,E05013544,E09000015
Harrow,Centenary,2022-05-05,Bharadia,Govind,Conservative Party Candidate,2267,True,Centenary,Harrow,E05013544,E09000015
Harrow,Centenary,2022-05-05,Chowdhury,Salim,Conservative Party Candidate,1799,True,Centenary,Harrow,E05013544,E09000015
Harrow,Centenary,2022-05-05,Cox,Laurence John,Liberal Democrats,511,False,Centenary,Harrow,E05013544,E09000015
Harrow,Centenary,2022-05-05,Karia,Nishi,Liberal Democrats,549,False,Centenary,Harrow,E05013544,E09000015
Harrow,Centenary,2022-05-05,Mawkin,Parvine,Labour and Co - Operative Party,1523,False,Centenary,Harrow,E05013544,E09000015
Harrow,Centenary,2022-05-05,Mohanty,Brahma Mihir,Labour and Co - Operative Party,1484,False,Centenary,Harrow,E05013544,E09000015
Harrow,Centenary,2022-05-05,Yusuf,Yusuf Ibrahim,Labour and Co - Operative Party,1294,False,Centenary,Harrow,E05013544,E09000015
Harrow,Edgware,2022-05-05,Blackman,Nicola,Conservative Party Candidate,2091,True,Edgware,Harrow,E05013545,E09000015
Harrow,Edgware,2022-05-05,Kuo,Steven,Liberal Democrats,394,False,Edgware,Harrow,E05013545,E09000015
Harrow,Edgware,2022-05-05,Lee,James Robert,Labour Party,1752,False,Edgware,Harrow,E05013545,E09000015
Harrow,Edgware,2022-05-05,Murphy - Strachan,Angella,Labour Party,1687,False,Edgware,Harrow,E05013545,E09000015
Harrow,Edgware,2022-05-05,Parekh,Nitin,Labour Party,1880,True,Edgware,Harrow,E05013545,E09000015
Harrow,Edgware,2022-05-05,Teli,Yogesh Ratilal,Conservative Party Candidate,1934,True,Edgware,Harrow,E05013545,E09000015
Harrow,Edgware,2022-05-05,Voloseniuc,Stefan,Conservative Party Candidate,1801,False,Edgware,Harrow,E05013545,E09000015
Harrow,Greenhill,2022-05-05,Ali,Ghazanfar,Labour Party,1017,True,Greenhill,Harrow,E05013546,E09000015
Harrow,Greenhill,2022-05-05,Anderson,Daniel Andrew,Labour Party,1115,True,Greenhill,Harrow,E05013546,E09000015
Harrow,Greenhill,2022-05-05,Benjamin,Rhys Andrew,Conservative Party Candidate,841,False,Greenhill,Harrow,E05013546,E09000015
Harrow,Greenhill,2022-05-05,Boethe,Nahid,Liberal Democrats,265,False,Greenhill,Harrow,E05013546,E09000015
Harrow,Greenhill,2022-05-05,Dunkerley,Simon John,Conservative Party Candidate,852,False,Greenhill,Harrow,E05013546,E09000015
Harrow,Greenhill,2022-05-05,Kinnear,Eileen Mary,Conservative Party Candidate,800,False,Greenhill,Harrow,E05013546,E09000015
Harrow,Greenhill,2022-05-05,Moore,Sonia Amy,Green Party,401,False,Greenhill,Harrow,E05013546,E09000015
Harrow,Greenhill,2022-05-05,Nandhra,Prakash,Liberal Democrats,337,False,Greenhill,Harrow,E05013546,E09000015
Harrow,Greenhill,2022-05-05,Shah - Levy,Aneka Navin,Labour Party,1009,True,Greenhill,Harrow,E05013546,E09000015
Harrow,Greenhill,2022-05-05,Tonge,Lucy Isabella,Liberal Democrats,263,False,Greenhill,Harrow,E05013546,E09000015
Harrow,Harrow on the Hill,2022-05-05,Branch,Gabrielle Victoria,Liberal Democrats,296,False,Harrow on the Hill,Harrow,E05013547,E09000015
Harrow,Harrow on the Hill,2022-05-05,Fothergill,John Kiran Read,Conservative Party Candidate,1208,False,Harrow on the Hill,Harrow,E05013547,E09000015
Harrow,Harrow on the Hill,2022-05-05,Hickman,Stephen,Labour Party,1260,True,Harrow on the Hill,Harrow,E05013547,E09000015
Harrow,Harrow on the Hill,2022-05-05,Jackson,William Richard,Conservative Party Candidate,1116,False,Harrow on the Hill,Harrow,E05013547,E09000015
Harrow,Harrow on the Hill,2022-05-05,Kim,Soody Masood,Green Party,325,False,Harrow on the Hill,Harrow,E05013547,E09000015
Harrow,Harrow on the Hill,2022-05-05,Kulig,Eden Victoria,Labour Party,1261,True,Harrow on the Hill,Harrow,E05013547,E09000015
Harrow,Harrow Weald,2022-05-05,Ali - Ashghar,Ahmed,Labour Party,1221,False,Harrow Weald,Harrow,E05013548,E09000015
Harrow,Harrow Weald,2022-05-05,Chauhan,Ramji Kanji,Conservative Party Candidate,2055,True,Harrow Weald,Harrow,E05013548,E09000015
Harrow,Harrow Weald,2022-05-05,Diamond,Darren Simon,Liberal Democrats,395,False,Harrow Weald,Harrow,E05013548,E09000015
Harrow,Harrow Weald,2022-05-05,Greek,Stephen Anthony James,Conservative Party Candidate,1989,True,Harrow Weald,Harrow,E05013548,E09000015
Harrow,Harrow Weald,2022-05-05,Green,Karl Samuel,Labour Party,1318,False,Harrow Weald,Harrow,E05013548,E09000015
Harrow,Harrow Weald,2022-05-05,Hill,Derek Arthur,Liberal Democrats,366,False,Harrow Weald,Harrow,E05013548,E09000015
Harrow,Harrow Weald,2022-05-05,Patel,Pritesh,Conservative Party Candidate,2017,True,Harrow Weald,Harrow,E05013548,E09000015
Harrow,Harrow Weald,2022-05-05,Sharma,Tejinder Kumar,Labour Party,1227,False,Harrow Weald,Harrow,E05013548,E09000015
Harrow,Harrow Weald,2022-05-05,Taylor,Valerie Margaret,Liberal Democrats,437,False,Harrow Weald,Harrow,E05013548,E09000015
Harrow,Hatch End,2022-05-05,Goodwin - Freeman,Matthew John Adam,Conservative Party Candidate,1452,True,Hatch End,Harrow,E05013549,E09000015
Harrow,Hatch End,2022-05-05,Hall,Susan Mary,Conservative Party Candidate,1629,True,Hatch End,Harrow,E05013549,E09000015
Harrow,Hatch End,2022-05-05,Ismail,Sarah Mona,Liberal Democrats,406,False,Hatch End,Harrow,E05013549,E09000015
Harrow,Hatch End,2022-05-05,Patel,Nimmi Dinesh,Labour Party,725,False,Hatch End,Harrow,E05013549,E09000015
Harrow,Hatch End,2022-05-05,Price,Ian Jeffrey,Reform UK,208,False,Hatch End,Harrow,E05013549,E09000015
Harrow,Hatch End,2022-05-05,Roopram,Bhavna,Green Party,395,False,Hatch End,Harrow,E05013549,E09000015
Harrow,Hatch End,2022-05-05,Stephenson,Bill,Labour Party,706,False,Hatch End,Harrow,E05013549,E09000015
Harrow,Headstone,2022-05-05,Brown,Simon,Labour Party,1860,True,Headstone,Harrow,E05013550,E09000015
Harrow,Headstone,2022-05-05,Eldridge,Geoffrey Peter,Independent,782,False,Headstone,Harrow,E05013550,E09000015
Harrow,Headstone,2022-05-05,Levene,Anthony Michael,Liberal Democrats,421,False,Headstone,Harrow,E05013550,E09000015
Harrow,Headstone,2022-05-05,Lewinson,Lesline Patricia,Conservative Party Candidate,1352,False,Headstone,Harrow,E05013550,E09000015
Harrow,Headstone,2022-05-05,Poskitt,Adele,Green Party,499,False,Headstone,Harrow,E05013550,E09000015
Harrow,Headstone,2022-05-05,Proctor,Natasha,Labour Party,1820,True,Headstone,Harrow,E05013550,E09000015
Harrow,Headstone,2022-05-05,Rescia,Pietro,Liberal Democrats,311,False,Headstone,Harrow,E05013550,E09000015
Harrow,Headstone,2022-05-05,Seymour,Anthony Harry,Conservative Party Candidate,1302,False,Headstone,Harrow,E05013550,E09000015
Harrow,Headstone,2022-05-05,Shah,Heshma,Independent,796,False,Headstone,Harrow,E05013550,E09000015
Harrow,Headstone,2022-05-05,Singh,Vijay Yeshwanth,Conservative Party Candidate,1278,False,Headstone,Harrow,E05013550,E09000015
Harrow,Headstone,2022-05-05,Suresh,Sasikala,Labour Party,1733,True,Headstone,Harrow,E05013550,E09000015
Harrow,Headstone,2022-05-05,Turner,Mary Ellen,Independent,742,False,Headstone,Harrow,E05013550,E09000015
Harrow,Kenton East,2022-05-05,Dixit,Rohit,Labour Party,1650,False,Kenton East,Harrow,E05013551,E09000015
Harrow,Kenton East,2022-05-05,Halai,Chetna,Conservative Party Candidate,2498,True,Kenton East,Harrow,E05013551,E09000015
Harrow,Kenton East,2022-05-05,Hirani,Nitesh,Conservative Party Candidate,2695,True,Kenton East,Harrow,E05013551,E09000015
Harrow,Kenton East,2022-05-05,Joshi,Rangdatt Janakkumar,Labour Party,1605,False,Kenton East,Harrow,E05013551,E09000015
Harrow,Kenton East,2022-05-05,Raghwani,Manju Shivji,Labour Party,1626,False,Kenton East,Harrow,E05013551,E09000015
Harrow,Kenton East,2022-05-05,Sumaria,Samir Sobhagchand,Conservative Party Candidate,2223,True,Kenton East,Harrow,E05013551,E09000015
Harrow,Kenton West,2022-05-05,Boethe,Charles David,Liberal Democrats,269,False,Kenton West,Harrow,E05013552,E09000015
Harrow,Kenton West,2022-05-05,Maru,Ajay Harilal,Labour and Co-operative Party,1300,False,Kenton West,Harrow,E05013552,E09000015
Harrow,Kenton West,2022-05-05,Maru,Meera Ajay,Labour and Co-operative Party,1295,False,Kenton West,Harrow,E05013552,E09000015
Harrow,Kenton West,2022-05-05,Mithani,Vipin Chhotalal,Conservative Party Candidate,1701,True,Kenton West,Harrow,E05013552,E09000015
Harrow,Kenton West,2022-05-05,Rabadia,Kantilal Dhanji,Conservative Party Candidate,1635,True,Kenton West,Harrow,E05013552,E09000015
Harrow,Marlborough,2022-05-05,Al - Basha,David Monah,Liberal Democrats,236,False,Marlborough,Harrow,E05013553,E09000015
Harrow,Marlborough,2022-05-05,Arrigo,Paolo Cesare,Liberal Democrats,320,False,Marlborough,Harrow,E05013553,E09000015
Harrow,Marlborough,2022-05-05,Bicari,Edmond,Independent,356,False,Marlborough,Harrow,E05013553,E09000015
Harrow,Marlborough,2022-05-05,Mathias,Lawrence John,Green Party,439,False,Marlborough,Harrow,E05013553,E09000015
Harrow,Marlborough,2022-05-05,Palihakkara,Samantha,Independent,401,False,Marlborough,Harrow,E05013553,E09000015
Harrow,Marlborough,2022-05-05,Parmar,Varsha,Labour Party,1134,True,Marlborough,Harrow,E05013553,E09000015
Harrow,Marlborough,2022-05-05,Patel,Jaydeep Kantilal,Conservative Party Candidate,534,False,Marlborough,Harrow,E05013553,E09000015
Harrow,Marlborough,2022-05-05,Patel,Nishchal,Independent,256,False,Marlborough,Harrow,E05013553,E09000015
Harrow,Marlborough,2022-05-05,Perry,David Richard,Labour Party,1172,True,Marlborough,Harrow,E05013553,E09000015
Harrow,Marlborough,2022-05-05,Prakash,Savitha,Conservative Party Candidate,563,False,Marlborough,Harrow,E05013553,E09000015
Harrow,Marlborough,2022-05-05,Solanki,Dinesh,Conservative Party Candidate,529,False,Marlborough,Harrow,E05013553,E09000015
Harrow,Marlborough,2022-05-05,Weiss,Antonio Eduardo,Labour Party,1095,True,Marlborough,Harrow,E05013553,E09000015
Harrow,North Harrow,2022-05-05,Amutharasan,Marshel,Liberal Democrats,255,False,North Harrow,Harrow,E05013554,E09000015
Harrow,North Harrow,2022-05-05,Baxter,Christopher John,Conservative Party Candidate,1510,True,North Harrow,Harrow,E05013554,E09000015
Harrow,North Harrow,2022-05-05,Brown,Hugh James,Labour and Co-operative Party,1482,False,North Harrow,Harrow,E05013554,E09000015
Harrow,North Harrow,2022-05-05,Mote,Janet Teresa,Conservative Party Candidate,1487,True,North Harrow,Harrow,E05013554,E09000015
Harrow,North Harrow,2022-05-05,Wallace,Emma Jane,Green Party,331,False,North Harrow,Harrow,E05013554,E09000015
Harrow,North Harrow,2022-05-05,Weston,Georgia Lin,Labour and Co-operative Party,1448,False,North Harrow,Harrow,E05013554,E09000015
Harrow,Pinner,2022-05-05,Anderson,Jeffrey Allen,Labour Party,1271,False,Pinner,Harrow,E05013555,E09000015
Harrow,Pinner,2022-05-05,Bunce - Linsell,Jacqueline Ann,Liberal Democrats,552,False,Pinner,Harrow,E05013555,E09000015
Harrow,Pinner,2022-05-05,Chamberlain,Veronica Margaret,Liberal Democrats,775,False,Pinner,Harrow,E05013555,E09000015
Harrow,Pinner,2022-05-05,Kumaran,Kanagasabaapathy Kuha,Conservative Party Candidate,2012,True,Pinner,Harrow,E05013555,E09000015
Harrow,Pinner,2022-05-05,Lee,Krystel Shin Pei,Green Party,618,False,Pinner,Harrow,E05013555,E09000015
Harrow,Pinner,2022-05-05,Lockie,James Frank,Labour Party,1104,False,Pinner,Harrow,E05013555,E09000015
Harrow,Pinner,2022-05-05,Osborn,Paul Simon,Conservative Party Candidate,1945,True,Pinner,Harrow,E05013555,E09000015
Harrow,Pinner,2022-05-05,Stackpoole,Lesley,Labour Party,1077,False,Pinner,Harrow,E05013555,E09000015
Harrow,Pinner,2022-05-05,Stevenson,Norman Shairp,Conservative Party Candidate,2044,True,Pinner,Harrow,E05013555,E09000015
Harrow,Pinner South,2022-05-05,Baxter,June Rosemary,Conservative Party Candidate,2418,True,Pinner South,Harrow,E05013556,E09000015
Harrow,Pinner South,2022-05-05,Harnett,Finley Brook,Labour Party,1728,False,Pinner South,Harrow,E05013556,E09000015
Harrow,Pinner South,2022-05-05,Karia,Hitesh Kantilal,Conservative Party Candidate,2305,True,Pinner South,Harrow,E05013556,E09000015
Harrow,Pinner South,2022-05-05,Karia,Sanjay,Liberal Democrats,865,False,Pinner South,Harrow,E05013556,E09000015
Harrow,Pinner South,2022-05-05,Kowalczyk,Zbigniew,Reform UK,108,False,Pinner South,Harrow,E05013556,E09000015
Harrow,Pinner South,2022-05-05,Lammiman,Jean,Conservative Party Candidate,2097,True,Pinner South,Harrow,E05013556,E09000015
Harrow,Pinner South,2022-05-05,Lee,Alexander Eng Soon,Green Party,747,False,Pinner South,Harrow,E05013556,E09000015
Harrow,Pinner South,2022-05-05,Phillips,William,Labour Party,1442,False,Pinner South,Harrow,E05013556,E09000015
Harrow,Pinner South,2022-05-05,Vakesan,Thanaraja Singam,Labour Party,1380,False,Pinner South,Harrow,E05013556,E09000015
Harrow,Rayners Lane,2022-05-05,Crossman,Herbert Winford,Independent,166,False,Rayners Lane,Harrow,E05013557,E09000015
Harrow,Rayners Lane,2022-05-05,Idaikkadar,Namachivaya Thayapara,Conservative Party Candidate,977,True,Rayners Lane,Harrow,E05013557,E09000015
Harrow,Rayners Lane,2022-05-05,Langley,Rowan Nicholas Charles,Green Party,182,False,Rayners Lane,Harrow,E05013557,E09000015
Harrow,Rayners Lane,2022-05-05,Morjaria,Mala,Conservative Party Candidate,886,False,Rayners Lane,Harrow,E05013557,E09000015
Harrow,Rayners Lane,2022-05-05,Noyce,Christopher David,Liberal Democrats,665,False,Rayners Lane,Harrow,E05013557,E09000015
Harrow,Rayners Lane,2022-05-05,Noyce,Geraldine,Liberal Democrats,426,False,Rayners Lane,Harrow,E05013557,E09000015
Harrow,Rayners Lane,2022-05-05,Sharif,Tarza Ahmed,Labour Party,962,False,Rayners Lane,Harrow,E05013557,E09000015
Harrow,Rayners Lane,2022-05-05,Suresh,Krishna,Labour Party,1399,True,Rayners Lane,Harrow,E05013557,E09000015
Harrow,Rayners Lane,2022-05-05,Yogalingam,Sockalingam,Independent,559,False,Rayners Lane,Harrow,E05013557,E09000015
Harrow,Roxbourne,2022-05-05,Henson,Graham Douglas,Labour Party,1446,True,Roxbourne,Harrow,E05013558,E09000015
Harrow,Roxbourne,2022-05-05,Henson,Maxine Margaret,Labour Party,1369,True,Roxbourne,Harrow,E05013558,E09000015
Harrow,Roxbourne,2022-05-05,Hinckley,John Stuart Haddon,Conservative Party Candidate,687,False,Roxbourne,Harrow,E05013558,E09000015
Harrow,Roxbourne,2022-05-05,Rajalingam,Arunasalam,Conservative Party Candidate,764,False,Roxbourne,Harrow,E05013558,E09000015
Harrow,Roxbourne,2022-05-05,Yasin,Thomas Peter Sikandar,Liberal Democrats,170,False,Roxbourne,Harrow,E05013558,E09000015
Harrow,Roxeth,2022-05-05,Assadullah,Peymana,Labour and Co-operative Party,2009,True,Roxeth,Harrow,E05013559,E09000015
Harrow,Roxeth,2022-05-05,DELEEPAN,Rajagopal,Conservative Party Candidate,1422,False,Roxeth,Harrow,E05013559,E09000015
Harrow,Roxeth,2022-05-05,Kalubowila,Rashmi Suranga,Labour and Co-operative Party,1991,True,Roxeth,Harrow,E05013559,E09000015
Harrow,Roxeth,2022-05-05,Karunalingam,Sockalingam,Conservative Party Candidate,1364,False,Roxeth,Harrow,E05013559,E09000015
Harrow,Roxeth,2022-05-05,Miles,Jeremy Julian,Labour and Co-operative Party,2180,True,Roxeth,Harrow,E05013559,E09000015
Harrow,Roxeth,2022-05-05,Patel,Swati Rameshchandra,Green Party,553,False,Roxeth,Harrow,E05013559,E09000015
Harrow,Roxeth,2022-05-05,Pratheepan,Subankani Pathmanathan,Conservative Party Candidate,1242,False,Roxeth,Harrow,E05013559,E09000015
Harrow,Stanmore,2022-05-05,Ashton,Marilyn Joy,Conservative Party Candidate,2340,True,Stanmore,Harrow,E05013560,E09000015
Harrow,Stanmore,2022-05-05,Benjamin,Philip Richard,Conservative Party Candidate,2244,True,Stanmore,Harrow,E05013560,E09000015
Harrow,Stanmore,2022-05-05,Gallant,Jeffrey Charles,Labour Party,784,False,Stanmore,Harrow,E05013560,E09000015
Harrow,Stanmore,2022-05-05,Gibbons,Hannah Louise,Labour Party,852,False,Stanmore,Harrow,E05013560,E09000015
Harrow,Stanmore,2022-05-05,Koch,Howard Keith,Reform UK,95,False,Stanmore,Harrow,E05013560,E09000015
Harrow,Stanmore,2022-05-05,Kopelman,Nicola Jean,Liberal Democrats,392,False,Stanmore,Harrow,E05013560,E09000015
Harrow,Stanmore,2022-05-05,Levy,Philip Grenville,Liberal Democrats,330,False,Stanmore,Harrow,E05013560,E09000015
Harrow,Stanmore,2022-05-05,Levy,Sheila Michelle,Liberal Democrats,327,False,Stanmore,Harrow,E05013560,E09000015
Harrow,Stanmore,2022-05-05,Robinson,Linda Carol,Green Party,356,False,Stanmore,Harrow,E05013560,E09000015
Harrow,Stanmore,2022-05-05,Shah,Navin,Labour Party,803,False,Stanmore,Harrow,E05013560,E09000015
Harrow,Stanmore,2022-05-05,Wagman,Zak Oliver,Conservative Party Candidate,1992,True,Stanmore,Harrow,E05013560,E09000015
Harrow,Wealdstone North,2022-05-05,Choudhury,Shahania,Labour Party,1405,True,Wealdstone North,Harrow,E05013561,E09000015
Harrow,Wealdstone North,2022-05-05,Greek,Paul Francis,Conservative Party Candidate,766,False,Wealdstone North,Harrow,E05013561,E09000015
Harrow,Wealdstone North,2022-05-05,O'Dell,Phillip William,Labour Party,1361,True,Wealdstone North,Harrow,E05013561,E09000015
Harrow,Wealdstone North,2022-05-05,Tikoo,Vinod,Conservative Party Candidate,781,False,Wealdstone North,Harrow,E05013561,E09000015
Harrow,Wealdstone South,2022-05-05,Dolor,Kandy Ann Marie,Labour Party,888,True,Wealdstone South,Harrow,E05013562,E09000015
Harrow,Wealdstone South,2022-05-05,Gilligan,Dean,Labour Party,847,True,Wealdstone South,Harrow,E05013562,E09000015
Harrow,Wealdstone South,2022-05-05,Gothadiya,Naresh,Conservative Party Candidate,635,False,Wealdstone South,Harrow,E05013562,E09000015
Harrow,Wealdstone South,2022-05-05,Kara,Manji Kanji,Conservative Party Candidate,661,False,Wealdstone South,Harrow,E05013562,E09000015
Harrow,Wealdstone South,2022-05-05,Khatun,Halema,Green Party,208,False,Wealdstone South,Harrow,E05013562,E09000015
Harrow,West Harrow,2022-05-05,Dean,Edmund Thomas,Liberal Democrats,351,False,West Harrow,Harrow,E05013563,E09000015
Harrow,West Harrow,2022-05-05,Hussain,Asif,Labour Party,1459,True,West Harrow,Harrow,E05013563,E09000015
Harrow,West Harrow,2022-05-05,Ojo,Caroline Mojisola,Conservative Party Candidate,840,False,West Harrow,Harrow,E05013563,E09000015
Harrow,West Harrow,2022-05-05,Shah,Rajeshri,Labour Party,1507,True,West Harrow,Harrow,E05013563,E09000015
Harrow,West Harrow,2022-05-05,Sobiecki,Monica,Green Party,437,False,West Harrow,Harrow,E05013563,E09000015
Harrow,West Harrow,2022-05-05,Wilson,Luke Andrew Titus,Conservative Party Candidate,911,False,West Harrow,Harrow,E05013563,E09000015
Havering,Beam Park,2022-05-05,Beal,Daniel Mark,Rainham Independent Residents Association (Beam Park),415,False,Beam Park,Havering,E05013967,E09000016
Havering,Beam Park,2022-05-05,Elliott,Ross William,Rainham Independent Residents Association (Beam Park),438,False,Beam Park,Havering,E05013967,E09000016
Havering,Beam Park,2022-05-05,Huxtable [Huxtable],Linda Dawn [Lynne],Reform UK,23,False,Beam Park,Havering,E05013967,E09000016
Havering,Beam Park,2022-05-05,McKeever,Trevor Roland,Labour Party,516,True,Beam Park,Havering,E05013967,E09000016
Havering,Beam Park,2022-05-05,Oddy,Barry John,The Conservative Party Candidate,102,False,Beam Park,Havering,E05013967,E09000016
Havering,Beam Park,2022-05-05,Phillips,Kuan,Green Party,30,False,Beam Park,Havering,E05013967,E09000016
Havering,Beam Park,2022-05-05,Stanton,Matthew Christopher,Labour Party,530,True,Beam Park,Havering,E05013967,E09000016
Havering,Beam Park,2022-05-05,Strong [Strong],Thomas William [Tom],The Conservative Party Candidate,82,False,Beam Park,Havering,E05013967,E09000016
Havering,Cranham,2022-05-05,Brown,Susanne Elizabeth,Liberal Democrats,121,False,Cranham,Havering,E05013968,E09000016
Havering,Cranham,2022-05-05,Darvill,Kate Louise,Labour Party,449,False,Cranham,Havering,E05013968,E09000016
Havering,Cranham,2022-05-05,Dawson,David Richard Anthony,Labour Party,338,False,Cranham,Havering,E05013968,E09000016
Havering,Cranham,2022-05-05,Foong,Poh Cheong,The Conservative Party Candidate,435,False,Cranham,Havering,E05013968,E09000016
Havering,Cranham,2022-05-05,Ford,Gillian,Upminster and Cranham Residents Association,3107,True,Cranham,Havering,E05013968,E09000016
Havering,Cranham,2022-05-05,Hughes,David,Green Party,289,False,Cranham,Havering,E05013968,E09000016
Havering,Cranham,2022-05-05,McEvoy,Tracey,The Conservative Party Candidate,535,False,Cranham,Havering,E05013968,E09000016
Havering,Cranham,2022-05-05,Ruck,Philip Lionel,Upminster and Cranham Residents Association,2636,True,Cranham,Havering,E05013968,E09000016
Havering,Cranham,2022-05-05,Sait,Philip Andrew Charles,Liberal Democrats,55,False,Cranham,Havering,E05013968,E09000016
Havering,Cranham,2022-05-05,Stafford,Jeffery George,Labour Party,306,False,Cranham,Havering,E05013968,E09000016
Havering,Cranham,2022-05-05,Tyler,John,Upminster and Cranham Residents Association,2807,True,Cranham,Havering,E05013968,E09000016
Havering,Cranham,2022-05-05,Weedon,Danny Robert Herbert George,The Conservative Party Candidate,496,False,Cranham,Havering,E05013968,E09000016
Havering,Elm Park,2022-05-05,Azharuddin [Azharuddin],Mohammed [Azza],The Conservative Party Candidate,474,False,Elm Park,Havering,E05013969,E09000016
Havering,Elm Park,2022-05-05,Best,Valerie Patricia,The Conservative Party Candidate,608,False,Elm Park,Havering,E05013969,E09000016
Havering,Elm Park,2022-05-05,Carr,Graham Michael,Labour Party,709,False,Elm Park,Havering,E05013969,E09000016
Havering,Elm Park,2022-05-05,Davis,Janet Patricia,Labour Party,769,False,Elm Park,Havering,E05013969,E09000016
Havering,Elm Park,2022-05-05,Davis,Michael Philip,Labour Party,616,False,Elm Park,Havering,E05013969,E09000016
Havering,Elm Park,2022-05-05,Haines,Gerald Leslie,Green Party,263,False,Elm Park,Havering,E05013969,E09000016
Havering,Elm Park,2022-05-05,Mugglestone,Barry,Hornchurch Residents Association,2971,True,Elm Park,Havering,E05013969,E09000016
Havering,Elm Park,2022-05-05,Nunn,Stephanie Jane,Hornchurch Residents Association,2934,True,Elm Park,Havering,E05013969,E09000016
Havering,Elm Park,2022-05-05,Travnicek,Matej,The Conservative Party Candidate,443,False,Elm Park,Havering,E05013969,E09000016
Havering,Elm Park,2022-05-05,Wilkes,Julie Lilian,Hornchurch Residents Association,2827,True,Elm Park,Havering,E05013969,E09000016
Havering,Emerson Park,2022-05-05,Coles,Pamela Ann,Liberal Democrats,64,False,Emerson Park,Havering,E05013970,E09000016
Havering,Emerson Park,2022-05-05,Garrard,Laurance Robert,Havering Residents Association - Emerson Park,1512,True,Emerson Park,Havering,E05013970,E09000016
Havering,Emerson Park,2022-05-05,Godwin,David,Havering Residents Association - Emerson Park,1498,True,Emerson Park,Havering,E05013970,E09000016
Havering,Emerson Park,2022-05-05,Gupta,Anil Kumar,Labour Party,380,False,Emerson Park,Havering,E05013970,E09000016
Havering,Emerson Park,2022-05-05,Heron,Sharon Lynne,Hornchurch and Upminster Independents Emerson Park,104,False,Emerson Park,Havering,E05013970,E09000016
Havering,Emerson Park,2022-05-05,Hogan,Victoria Pamela,Hornchurch and Upminster Independents Emerson Park,95,False,Emerson Park,Havering,E05013970,E09000016
Havering,Emerson Park,2022-05-05,Khiljee,Noshaba,The Conservative Party Candidate,835,False,Emerson Park,Havering,E05013970,E09000016
Havering,Emerson Park,2022-05-05,McCarthy,Michael Anthony,Labour Party,331,False,Emerson Park,Havering,E05013970,E09000016
Havering,Emerson Park,2022-05-05,Potter,Graham Richard,Liberal Democrats,44,False,Emerson Park,Havering,E05013970,E09000016
Havering,Emerson Park,2022-05-05,Swan,Dominic Noel,The Conservative Party Candidate,947,False,Emerson Park,Havering,E05013970,E09000016
Havering,Gooshays,2022-05-05,Alexander,Isabelle,Independent Harold Hill Residents Association Gooshays,754,False,Gooshays,Havering,E05013971,E09000016
Havering,Gooshays,2022-05-05,Brown,Patricia Mary,Labour and Co-operative Party,1038,True,Gooshays,Havering,E05013971,E09000016
Havering,Gooshays,2022-05-05,Kershaw,Margaret Christine,Havering Residents Association - Gooshays,346,False,Gooshays,Havering,E05013971,E09000016
Havering,Gooshays,2022-05-05,Kukielka,Emilia Weronika,The Conservative Party Candidate,721,False,Gooshays,Havering,E05013971,E09000016
Havering,Gooshays,2022-05-05,MacMaster,Grant Edward,Independent Harold Hill Residents Association Gooshays,689,False,Gooshays,Havering,E05013971,E09000016
Havering,Gooshays,2022-05-05,Mahal,Rashpinder Singh,The Conservative Party Candidate,568,False,Gooshays,Havering,E05013971,E09000016
Havering,Gooshays,2022-05-05,McGeary,Paul Stephen Lawrence,Labour and Co-operative Party,1014,True,Gooshays,Havering,E05013971,E09000016
Havering,Gooshays,2022-05-05,Morant,Katie Joanna,Green Party,239,False,Gooshays,Havering,E05013971,E09000016
Havering,Gooshays,2022-05-05,Puncheon,Monica,Independent Harold Hill Residents Association Gooshays,575,False,Gooshays,Havering,E05013971,E09000016
Havering,Gooshays,2022-05-05,Samuel [Samuel],Gregory Ayodeji [Greg],The Conservative Party Candidate,720,False,Gooshays,Havering,E05013971,E09000016
Havering,Gooshays,2022-05-05,Trew,Graham Frank,Havering Residents Association - Gooshays,263,False,Gooshays,Havering,E05013971,E09000016
Havering,Gooshays,2022-05-05,Tumilty,Katharine Mary,Labour and Co-operative Party,901,True,Gooshays,Havering,E05013971,E09000016
Havering,Hacton,2022-05-05,Connew,Paul,The Conservative Party Candidate,430,False,Hacton,Havering,E05013972,E09000016
Havering,Hacton,2022-05-05,Earley,Sinead,Labour Party,272,False,Hacton,Havering,E05013972,E09000016
Havering,Hacton,2022-05-05,Jiggens,Susan Ann,Labour Party,275,False,Hacton,Havering,E05013972,E09000016
Havering,Hacton,2022-05-05,Marks,Patrick Oliver,The Conservative Party Candidate,337,False,Hacton,Havering,E05013972,E09000016
Havering,Hacton,2022-05-05,Morgon [Morgon],Raymond Paul [Ray],Hornchurch Residents Association,2315,True,Hacton,Havering,E05013972,E09000016
Havering,Hacton,2022-05-05,Whitney [Whitney],Reginald [Reg],Hornchurch Residents Association,2124,True,Hacton,Havering,E05013972,E09000016
Havering,Harold Wood,2022-05-05,Akinboboye [Akinboboye],Tolulope [Tolu],The Conservative Party Candidate,566,False,Harold Wood,Havering,E05013973,E09000016
Havering,Harold Wood,2022-05-05,Beth,Carole Anne,Labour and Co-operative Party,667,False,Harold Wood,Havering,E05013973,E09000016
Havering,Harold Wood,2022-05-05,Coles,Jonathan William Albert,Liberal Democrats,145,False,Harold Wood,Havering,E05013973,E09000016
Havering,Harold Wood,2022-05-05,Eagling,Brian Edward,Harold Wood Hill Park Residents Association,2081,True,Harold Wood,Havering,E05013973,E09000016
Havering,Harold Wood,2022-05-05,Edes,Ruth,The Conservative Party Candidate,426,False,Harold Wood,Havering,E05013973,E09000016
Havering,Harold Wood,2022-05-05,Goode,Martin Robert,Harold Wood Hill Park Residents Association,1884,True,Harold Wood,Havering,E05013973,E09000016
Havering,Harold Wood,2022-05-05,Koseda,Krystyna Helena,Labour and Co-operative Party,613,False,Harold Wood,Havering,E05013973,E09000016
Havering,Harold Wood,2022-05-05,Lammin [Lammin],Daniel Robert [Dan],Havering Residents Association - Harold Wood,484,False,Harold Wood,Havering,E05013973,E09000016
Havering,Harold Wood,2022-05-05,Meer,Adela Niamh,Havering Residents Association - Harold Wood,430,False,Harold Wood,Havering,E05013973,E09000016
Havering,Harold Wood,2022-05-05,Omosun Onaiwu,Sally,Labour and Co-operative Party,580,False,Harold Wood,Havering,E05013973,E09000016
Havering,Harold Wood,2022-05-05,Sanderson,Ian Victor,Liberal Democrats,99,False,Harold Wood,Havering,E05013973,E09000016
Havering,Harold Wood,2022-05-05,Turner,Katy,Havering Residents Association - Harold Wood,472,False,Harold Wood,Havering,E05013973,E09000016
Havering,Harold Wood,2022-05-05,Webster [Webster],Godfrey Joseph [Joe],The Conservative Party Candidate,405,False,Harold Wood,Havering,E05013973,E09000016
Havering,Harold Wood,2022-05-05,Wise,Darren Christopher,Harold Wood Hill Park Residents Association,1812,True,Harold Wood,Havering,E05013973,E09000016
Havering,Havering-atte-Bower,2022-05-05,Alasia,Sanchia Anita,Labour Party,1008,False,Havering-atte-Bower,Havering,E05013974,E09000016
Havering,Havering-atte-Bower,2022-05-05,Best [Best],Raymond Alan [Ray],The Conservative Party Candidate,1703,True,Havering-atte-Bower,Havering,E05013974,E09000016
Havering,Havering-atte-Bower,2022-05-05,Crowder,John Edward,The Conservative Party Candidate,1663,True,Havering-atte-Bower,Havering,E05013974,E09000016
Havering,Havering-atte-Bower,2022-05-05,Lashley,Benedicta,Labour Party,977,False,Havering-atte-Bower,Havering,E05013974,E09000016
Havering,Havering-atte-Bower,2022-05-05,Perry,Carol Ann,Havering Residents Association - Havering - atte-Bower,1157,False,Havering-atte-Bower,Havering,E05013974,E09000016
Havering,Havering-atte-Bower,2022-05-05,Ranjbaran,Taimaz,Labour Party,790,False,Havering-atte-Bower,Havering,E05013974,E09000016
Havering,Havering-atte-Bower,2022-05-05,White,Damian John,The Conservative Party Candidate,1504,True,Havering-atte-Bower,Havering,E05013974,E09000016
Havering,Heaton,2022-05-05,Ajidele [Ajidele],Oluwatoyin Ganiyat [Toyin],The Conservative Party Candidate,775,False,Heaton,Havering,E05013975,E09000016
Havering,Heaton,2022-05-05,Anderson,Mandy Jane,Labour and Co-operative Party,1267,True,Heaton,Havering,E05013975,E09000016
Havering,Heaton,2022-05-05,Bakoulas,Mary Vivien,Independent Harold Hill Residents Association Heaton,463,False,Heaton,Havering,E05013975,E09000016
Havering,Heaton,2022-05-05,Brice-Thompson,Wendy,Independent Harold Hill Residents Association Heaton,548,False,Heaton,Havering,E05013975,E09000016
Havering,Heaton,2022-05-05,Darvill,Keith Ernest,Labour and Co-operative Party,1200,True,Heaton,Havering,E05013975,E09000016
Havering,Heaton,2022-05-05,Glenn,Martin,Independent Harold Hill Residents Association Heaton,563,False,Heaton,Havering,E05013975,E09000016
Havering,Heaton,2022-05-05,Green,Edward Andrew,The Conservative Party Candidate,645,False,Heaton,Havering,E05013975,E09000016
Havering,Heaton,2022-05-05,Lavender,Bill,Havering Residents Association - Heaton,308,False,Heaton,Havering,E05013975,E09000016
Havering,Heaton,2022-05-05,Rimkus,Richard,The Conservative Party Candidate,598,False,Heaton,Havering,E05013975,E09000016
Havering,Heaton,2022-05-05,Tyler,Lesley Rosina,Havering Residents Association - Heaton,292,False,Heaton,Havering,E05013975,E09000016
Havering,Heaton,2022-05-05,Walker,Frankie Oreoluwa Mary-Ann,Labour and Co-operative Party,1153,True,Heaton,Havering,E05013975,E09000016
Havering,Hylands & Harrow Lodge,2022-05-05,Birch,Colin,"English Constitution Party. Freedom, Magna Carta",140,False,Hylands & Harrow Lodge,Havering,E05013976,E09000016
Havering,Hylands & Harrow Lodge,2022-05-05,Birch,Jane Diana,"English Constitution Party, Bill of Rights",125,False,Hylands & Harrow Lodge,Havering,E05013976,E09000016
Havering,Hylands & Harrow Lodge,2022-05-05,Donald,Alexander Marc,The Conservative Party Candidate,1476,False,Hylands & Harrow Lodge,Havering,E05013976,E09000016
Havering,Hylands & Harrow Lodge,2022-05-05,Farnsworth,Robert Dennis,Labour Party,822,False,Hylands & Harrow Lodge,Havering,E05013976,E09000016
Havering,Hylands & Harrow Lodge,2022-05-05,Glass,James Thomas,Hornchurch Residents Association,1729,True,Hylands & Harrow Lodge,Havering,E05013976,E09000016
Havering,Hylands & Harrow Lodge,2022-05-05,Haines [Haines],Amanda Jane [Mandy],Green Party,562,False,Hylands & Harrow Lodge,Havering,E05013976,E09000016
Havering,Hylands & Harrow Lodge,2022-05-05,Hassan,Mohammad Quamrul,Labour Party,689,False,Hylands & Harrow Lodge,Havering,E05013976,E09000016
Havering,Hylands & Harrow Lodge,2022-05-05,Smith,Christine Ivy Rose,The Conservative Party Candidate,1596,True,Hylands & Harrow Lodge,Havering,E05013976,E09000016
Havering,Hylands & Harrow Lodge,2022-05-05,White,Ciaran John,The Conservative Party Candidate,1483,False,Hylands & Harrow Lodge,Havering,E05013976,E09000016
Havering,Hylands & Harrow Lodge,2022-05-05,Wood,John Charles,Hornchurch Residents Association,1713,True,Hylands & Harrow Lodge,Havering,E05013976,E09000016
Havering,Hylands & Harrow Lodge,2022-05-05,Wood,Michael Derek,Labour Party,756,False,Hylands & Harrow Lodge,Havering,E05013976,E09000016
Havering,Marshalls & Rise Park,2022-05-05,Barrett,Kevin Patrick,Havering Residents Association - Marshalls/Rise Park,1432,False,Marshalls & Rise Park,Havering,E05013977,E09000016
Havering,Marshalls & Rise Park,2022-05-05,Chesney,Robert Antony,Havering Residents Association - Marshalls/Rise Park,1395,False,Marshalls & Rise Park,Havering,E05013977,E09000016
Havering,Marshalls & Rise Park,2022-05-05,Crowder,Philippa,The Conservative Party Candidate,2122,True,Marshalls & Rise Park,Havering,E05013977,E09000016
Havering,Marshalls & Rise Park,2022-05-05,Dervish,Osman Ali,The Conservative Party Candidate,1981,True,Marshalls & Rise Park,Havering,E05013977,E09000016
Havering,Marshalls & Rise Park,2022-05-05,Mann [Mann],Andrew James [Andy],Havering Residents Association - Marshalls/Rise Park,1440,False,Marshalls & Rise Park,Havering,E05013977,E09000016
Havering,Marshalls & Rise Park,2022-05-05,McGeary,Siobhan,Labour Party,547,False,Marshalls & Rise Park,Havering,E05013977,E09000016
Havering,Marshalls & Rise Park,2022-05-05,Misir,Robby,The Conservative Party Candidate,1955,True,Marshalls & Rise Park,Havering,E05013977,E09000016
Havering,Marshalls & Rise Park,2022-05-05,Singh,Birendra,Labour Party,497,False,Marshalls & Rise Park,Havering,E05013977,E09000016
Havering,Marshalls & Rise Park,2022-05-05,Singh,Carol Lesley,Labour Party,488,False,Marshalls & Rise Park,Havering,E05013977,E09000016
Havering,Mawneys,2022-05-05,Baker,Carol Denise,Havering Residents Association - Mawneys,1095,False,Mawneys,Havering,E05013978,E09000016
Havering,Mawneys,2022-05-05,Brown [Brown],Grenville Clark [Gren],Liberal Democrats,87,False,Mawneys,Havering,E05013978,E09000016
Havering,Mawneys,2022-05-05,De Melo,Alison,Labour Party,681,False,Mawneys,Havering,E05013978,E09000016
Havering,Mawneys,2022-05-05,Deeks,John Frederick,Liberal Democrats,86,False,Mawneys,Havering,E05013978,E09000016
Havering,Mawneys,2022-05-05,Frost,Jason David,The Conservative Party Candidate,1627,True,Mawneys,Havering,E05013978,E09000016
Havering,Mawneys,2022-05-05,Hipson,Denise,Havering Residents Association - Mawneys,963,False,Mawneys,Havering,E05013978,E09000016
Havering,Mawneys,2022-05-05,McGeary,Christine Anne,Labour Party,631,False,Mawneys,Havering,E05013978,E09000016
Havering,Mawneys,2022-05-05,Nichols,Daniel Alan,Labour Party,587,False,Mawneys,Havering,E05013978,E09000016
Havering,Mawneys,2022-05-05,Patel,Dilip,The Conservative Party Candidate,1595,True,Mawneys,Havering,E05013978,E09000016
Havering,Mawneys,2022-05-05,Smith,Carol Margaret,The Conservative Party Candidate,1467,True,Mawneys,Havering,E05013978,E09000016
Havering,Mawneys,2022-05-05,Trew,Linda Ann,Havering Residents Association - Mawneys,1045,False,Mawneys,Havering,E05013978,E09000016
Havering,Rainham & Wennington,2022-05-05,Adebayo [Adams],Susan [Susan],Green Party,242,False,Rainham & Wennington,Havering,E05013979,E09000016
Havering,Rainham & Wennington,2022-05-05,Darvill,Simon Maurice,Labour Party,881,False,Rainham & Wennington,Havering,E05013979,E09000016
Havering,Rainham & Wennington,2022-05-05,Durant,David Warren,Rainham Independent Residents Association (Rainham/Wennington),955,False,Rainham & Wennington,Havering,E05013979,E09000016
Havering,Rainham & Wennington,2022-05-05,Edwards,Sarah Jane,The Conservative Party Candidate,1206,True,Rainham & Wennington,Havering,E05013979,E09000016
Havering,Rainham & Wennington,2022-05-05,Ibnay Ambia,Mohammed Abdullah Siddique,Labour Party,827,False,Rainham & Wennington,Havering,E05013979,E09000016
Havering,Rainham & Wennington,2022-05-05,McArdle [McArdle],Jacqueline May [Jackie],The Conservative Party Candidate,1295,True,Rainham & Wennington,Havering,E05013979,E09000016
Havering,Rainham & Wennington,2022-05-05,Osammor,Antonia,Labour Party,825,False,Rainham & Wennington,Havering,E05013979,E09000016
Havering,Rainham & Wennington,2022-05-05,Ospreay [Ospreay],Susan Patricia [Sue],The Conservative Party Candidate,1443,True,Rainham & Wennington,Havering,E05013979,E09000016
Havering,Rainham & Wennington,2022-05-05,Tebbutt [Tebbutt],Henry Albert [Alby],Rainham Independent Residents Association (Rainham/Wennington),848,False,Rainham & Wennington,Havering,E05013979,E09000016
Havering,Rainham & Wennington,2022-05-05,Tucker,Jeffrey,Rainham Independent Residents Association (Rainham/Wennington),1194,False,Rainham & Wennington,Havering,E05013979,E09000016
Havering,Rush Green & Crowlands,2022-05-05,Benham,Robert Michael John,The Conservative Party Candidate,1561,True,Rush Green & Crowlands,Havering,E05013980,E09000016
Havering,Rush Green & Crowlands,2022-05-05,Bevan,Gemma Ann,Havering Residents Association - Rush Green / Crowlands,578,False,Rush Green & Crowlands,Havering,E05013980,E09000016
Havering,Rush Green & Crowlands,2022-05-05,Curtis,John Alex,Labour Party,1258,False,Rush Green & Crowlands,Havering,E05013980,E09000016
Havering,Rush Green & Crowlands,2022-05-05,Leatherbarrow,Angelina,Labour Party,1276,False,Rush Green & Crowlands,Havering,E05013980,E09000016
Havering,Rush Green & Crowlands,2022-05-05,Niemierko,Tracey Amanda,Havering Residents Association - Rush Green / Crowlands,466,False,Rush Green & Crowlands,Havering,E05013980,E09000016
Havering,Rush Green & Crowlands,2022-05-05,O`Dea,Robert Francis,Independent,63,False,Rush Green & Crowlands,Havering,E05013980,E09000016
Havering,Rush Green & Crowlands,2022-05-05,Persaud [Persaud],Vidyotama [Viddy],The Conservative Party Candidate,1536,True,Rush Green & Crowlands,Havering,E05013980,E09000016
Havering,Rush Green & Crowlands,2022-05-05,Ritchie,Robert,Labour Party,1184,False,Rush Green & Crowlands,Havering,E05013980,E09000016
Havering,Rush Green & Crowlands,2022-05-05,Ryan,Timothy Paul George,The Conservative Party Candidate,1472,True,Rush Green & Crowlands,Havering,E05013980,E09000016
Havering,Rush Green & Crowlands,2022-05-05,Singh,Ajay Pal,Havering Residents Association - Rush Green / Crowlands,482,False,Rush Green & Crowlands,Havering,E05013980,E09000016
Havering,South Hornchurch,2022-05-05,Mirza Adeel,Akhtar,Labour Party,664,False,South Hornchurch,Havering,E05013984,E09000016
Havering,South Hornchurch,2022-05-05,Kim,Arrowsmith,Green Party,116,False,South Hornchurch,Havering,E05013984,E09000016
Havering,South Hornchurch,2022-05-05,Michael Deon,Burton,The Conservative Party Candidate,573,False,South Hornchurch,Havering,E05013984,E09000016
Havering,South Hornchurch,2022-05-05,Julia Ann,Pearman,Labour Party,669,False,South Hornchurch,Havering,E05013984,E09000016
Havering,South Hornchurch,2022-05-05,Natasha Anne,Summers,Rainham Independent Residents Association (South Hornchurch),1023,True,South Hornchurch,Havering,E05013984,E09000016
Havering,South Hornchurch,2022-05-05,Andromahi,Themistocli,The Conservative Party Candidate,500,False,South Hornchurch,Havering,E05013984,E09000016
Havering,South Hornchurch,2022-05-05,Graham Keith,Williamson,Rainham Independent Residents Association (South Hornchurch),1019,True,South Hornchurch,Havering,E05013984,E09000016
Havering,Squirrels Heath,2022-05-05,Bryan,Karen Emma,Havering Residents Association - Squirrels Heath,1124,False,Squirrels Heath,Havering,E05013985,E09000016
Havering,Squirrels Heath,2022-05-05,Burke [Burke],Mary Vivien [Vivien],Labour Party,871,False,Squirrels Heath,Havering,E05013985,E09000016
Havering,Squirrels Heath,2022-05-05,Clarke,Thomas Patrick,Liberal Democrats,235,False,Squirrels Heath,Havering,E05013985,E09000016
Havering,Squirrels Heath,2022-05-05,Hibbs-Brown,Caroline Naomi,Liberal Democrats,184,False,Squirrels Heath,Havering,E05013985,E09000016
Havering,Squirrels Heath,2022-05-05,Meyer,Nigel Lawrence,Labour Party,741,False,Squirrels Heath,Havering,E05013985,E09000016
Havering,Squirrels Heath,2022-05-05,Perry [Perry],Robert John [Bob],Havering Residents Association - Squirrels Heath,967,False,Squirrels Heath,Havering,E05013985,E09000016
Havering,Squirrels Heath,2022-05-05,Prince,Keith Anthony,The Conservative Party Candidate,2331,True,Squirrels Heath,Havering,E05013985,E09000016
Havering,Squirrels Heath,2022-05-05,Purnell,Christopher William,Labour Party,714,False,Squirrels Heath,Havering,E05013985,E09000016
Havering,Squirrels Heath,2022-05-05,Rushworth [Rushworth],Colin Douglas [Doug],Havering Residents Association - Squirrels Heath,897,False,Squirrels Heath,Havering,E05013985,E09000016
Havering,Squirrels Heath,2022-05-05,Stafford,Christopher Anthony,Liberal Democrats,161,False,Squirrels Heath,Havering,E05013985,E09000016
Havering,Squirrels Heath,2022-05-05,Vickery,Christine Violet,The Conservative Party Candidate,2383,True,Squirrels Heath,Havering,E05013985,E09000016
Havering,Squirrels Heath,2022-05-05,Wallace,Melvin John,Independent,237,False,Squirrels Heath,Havering,E05013985,E09000016
Havering,Squirrels Heath,2022-05-05,White,Michael John,The Conservative Party Candidate,2295,True,Squirrels Heath,Havering,E05013985,E09000016
Havering,St Alban's,2022-05-05,Gould,Kimberley Jane,Havering Residents Association - St Alban`s,295,False,St Alban's,Havering,E05013981,E09000016
Havering,St Alban's,2022-05-05,Holt,Judith Margaret,The Conservative Party Candidate,939,True,St Alban's,Havering,E05013981,E09000016
Havering,St Alban's,2022-05-05,Keane,Jane Elizabeth,Labour Party,852,True,St Alban's,Havering,E05013981,E09000016
Havering,St Alban's,2022-05-05,Mendy,Hope Liberty,Labour Party,798,False,St Alban's,Havering,E05013981,E09000016
Havering,St Alban's,2022-05-05,Swann,Ian,Havering Residents Association - St Alban`s,240,False,St Alban's,Havering,E05013981,E09000016
Havering,St Alban's,2022-05-05,Young,Aaron Alexander Santiago,The Conservative Party Candidate,844,False,St Alban's,Havering,E05013981,E09000016
Havering,St Andrew's,2022-05-05,Butler,Nicholas Martin,Labour Party,624,False,St Andrew's,Havering,E05013982,E09000016
Havering,St Andrew's,2022-05-05,Davis,Martin Neal,Green Party,295,False,St Andrew's,Havering,E05013982,E09000016
Havering,St Andrew's,2022-05-05,Frost,Henry,The Conservative Party Candidate,747,False,St Andrew's,Havering,E05013982,E09000016
Havering,St Andrew's,2022-05-05,Jervis,Joseph Alexander,Labour Party,534,False,St Andrew's,Havering,E05013982,E09000016
Havering,St Andrew's,2022-05-05,Miah,Abdal,Labour Party,471,False,St Andrew's,Havering,E05013982,E09000016
Havering,St Andrew's,2022-05-05,Middleton,Paul Alan,Hornchurch Residents Association,2855,True,St Andrew's,Havering,E05013982,E09000016
Havering,St Andrew's,2022-05-05,Mylod,John Christopher,The Conservative Party Candidate,735,False,St Andrew's,Havering,E05013982,E09000016
Havering,St Andrew's,2022-05-05,O`Sullivan [O`Sullivan],Gerald Finbar [Gerry],Hornchurch Residents Association,2823,True,St Andrew's,Havering,E05013982,E09000016
Havering,St Andrew's,2022-05-05,Rose,Oliver Harry,The Conservative Party Candidate,702,False,St Andrew's,Havering,E05013982,E09000016
Havering,St Andrew's,2022-05-05,Vincent,Bryan Thomas,Hornchurch Residents Association,2700,True,St Andrew's,Havering,E05013982,E09000016
Havering,St Edward's,2022-05-05,Adesanya,Abiodun Kudirat,Labour Party,588,False,St Edward's,Havering,E05013983,E09000016
Havering,St Edward's,2022-05-05,Chapman,Joshua Mark,The Conservative Party Candidate,1108,True,St Edward's,Havering,E05013983,E09000016
Havering,St Edward's,2022-05-05,Davies,Peter Christopher,Liberal Democrats,120,False,St Edward's,Havering,E05013983,E09000016
Havering,St Edward's,2022-05-05,Kendrick,Ann Fiona,Havering Residents Association - St Edward`s,662,False,St Edward's,Havering,E05013983,E09000016
Havering,St Edward's,2022-05-05,Kruzycka,Karen,Green Party,210,False,St Edward's,Havering,E05013983,E09000016
Havering,St Edward's,2022-05-05,Leatherbarrow,Alexander,Labour Party,594,False,St Edward's,Havering,E05013983,E09000016
Havering,St Edward's,2022-05-05,Patel,Nisha Dilipkumar,The Conservative Party Candidate,952,True,St Edward's,Havering,E05013983,E09000016
Havering,St Edward's,2022-05-05,Sait,Kerrie Marie,Liberal Democrats,92,False,St Edward's,Havering,E05013983,E09000016
Havering,St Edward's,2022-05-05,Stilwell,Alexander Daniel,Havering Residents Association - St Edward`s,602,False,St Edward's,Havering,E05013983,E09000016
Havering,St Edward's,2022-05-05,Taylor,David Andrew,The Conservative Party Candidate,1003,True,St Edward's,Havering,E05013983,E09000016
Havering,St Edward's,2022-05-05,Tyler,David Richard,Havering Residents Association - St Edward`s,526,False,St Edward's,Havering,E05013983,E09000016
Havering,St Edward's,2022-05-05,Williams,Deborah,Labour Party,589,False,St Edward's,Havering,E05013983,E09000016
Havering,Upminster,2022-05-05,Baker,Adam John,The Conservative Party Candidate,953,False,Upminster,Havering,E05013986,E09000016
Havering,Upminster,2022-05-05,Chalk,Patrick William,Labour Party,453,False,Upminster,Havering,E05013986,E09000016
Havering,Upminster,2022-05-05,Collins,Melanie Jane,Green Party,362,False,Upminster,Havering,E05013986,E09000016
Havering,Upminster,2022-05-05,Ford,Oscar Frank,Upminster and Cranham Residents Association,2954,True,Upminster,Havering,E05013986,E09000016
Havering,Upminster,2022-05-05,Hawthorn,Linda Rose,Upminster and Cranham Residents Association,3028,True,Upminster,Havering,E05013986,E09000016
Havering,Upminster,2022-05-05,McGeary,Suzanne Louise,Labour Party,419,False,Upminster,Havering,E05013986,E09000016
Havering,Upminster,2022-05-05,Miller,Sally Anne,The Conservative Party Candidate,711,False,Upminster,Havering,E05013986,E09000016
Havering,Upminster,2022-05-05,Robinson,Bernice,The Conservative Party Candidate,584,False,Upminster,Havering,E05013986,E09000016
Havering,Upminster,2022-05-05,Sullivan,John Gregory,Labour Party,362,False,Upminster,Havering,E05013986,E09000016
Havering,Upminster,2022-05-05,Wilkins,Christopher,Upminster and Cranham Residents Association,2930,True,Upminster,Havering,E05013986,E09000016
Hillingdon,Belmore,2022-05-05,Basit,Labina,Labour,2421,True,Belmore,Hillingdon,E05013564,E09000017
Hillingdon,Belmore,2022-05-05,Singh,Jagjit,Labour,2421,True,Belmore,Hillingdon,E05013564,E09000017
Hillingdon,Belmore,2022-05-05,Garg,Narinder,Labour,2368,True,Belmore,Hillingdon,E05013564,E09000017
Hillingdon,Belmore,2022-05-05,Bell,Cameron,Conservative,923,False,Belmore,Hillingdon,E05013564,E09000017
Hillingdon,Belmore,2022-05-05,Morgan,John,Conservative,824,False,Belmore,Hillingdon,E05013564,E09000017
Hillingdon,Belmore,2022-05-05,Rodrigues,Isabel,Conservative,795,False,Belmore,Hillingdon,E05013564,E09000017
Hillingdon,Belmore,2022-05-05,Lee,Katherine,Green,268,False,Belmore,Hillingdon,E05013564,E09000017
Hillingdon,Belmore,2022-05-05,Gibbs,Andrew,Green,252,False,Belmore,Hillingdon,E05013564,E09000017
Hillingdon,Charville,2022-05-05,Nelson West,Barry,Labour,1481,True,Charville,Hillingdon,E05013565,E09000017
Hillingdon,Charville,2022-05-05,Davies,Darran,Conservative,1447,True,Charville,Hillingdon,E05013565,E09000017
Hillingdon,Charville,2022-05-05,Starr,Sumen,Labour,1398,False,Charville,Hillingdon,E05013565,E09000017
Hillingdon,Charville,2022-05-05,Barnes,Teji,Conservative,1396,False,Charville,Hillingdon,E05013565,E09000017
Hillingdon,Colham & Cowley,2022-05-05,Ahmad Wallana,Shehrya,Conservative,1851,True,Colham & Cowley,Hillingdon,E05013566,E09000017
Hillingdon,Colham & Cowley,2022-05-05,Chamdal,Roy,Conservative,1822,True,Colham & Cowley,Hillingdon,E05013566,E09000017
Hillingdon,Colham & Cowley,2022-05-05,Gohil,Ekta,Conservative,1703,True,Colham & Cowley,Hillingdon,E05013566,E09000017
Hillingdon,Colham & Cowley,2022-05-05,Eginton,Tony,Labour,1572,False,Colham & Cowley,Hillingdon,E05013566,E09000017
Hillingdon,Colham & Cowley,2022-05-05,Garelick,Steve,Labour,1455,False,Colham & Cowley,Hillingdon,E05013566,E09000017
Hillingdon,Colham & Cowley,2022-05-05,Marqvardt Jorgart,Karina,Labour,1394,False,Colham & Cowley,Hillingdon,E05013566,E09000017
Hillingdon,Colham & Cowley,2022-05-05,Crook,Nicole,Green,296,False,Colham & Cowley,Hillingdon,E05013566,E09000017
Hillingdon,Colham & Cowley,2022-05-05,McDonnell,Valerie,Green,289,False,Colham & Cowley,Hillingdon,E05013566,E09000017
Hillingdon,Colham & Cowley,2022-05-05,West,Lucy,Green,266,False,Colham & Cowley,Hillingdon,E05013566,E09000017
Hillingdon,Colham & Cowley,2022-05-05,Fischer,Alastair,National Health Action,219,False,Colham & Cowley,Hillingdon,E05013566,E09000017
Hillingdon,Colham & Cowley,2022-05-05,Courtenay,Geoff,UKIP,199,False,Colham & Cowley,Hillingdon,E05013566,E09000017
Hillingdon,Eastcote,2022-05-05,Denys,Nick,Conservative,3369,True,Eastcote,Hillingdon,E05013567,E09000017
Hillingdon,Eastcote,2022-05-05,Haggar,Becky,Conservative,3272,True,Eastcote,Hillingdon,E05013567,E09000017
Hillingdon,Eastcote,2022-05-05,Edwards,Ian,Conservative,3227,True,Eastcote,Hillingdon,E05013567,E09000017
Hillingdon,Eastcote,2022-05-05,Keyes,David,Labour,1256,False,Eastcote,Hillingdon,E05013567,E09000017
Hillingdon,Eastcote,2022-05-05,Cowlin,Robert,Labour,1201,False,Eastcote,Hillingdon,E05013567,E09000017
Hillingdon,Eastcote,2022-05-05,Tapper,Joanne,Labour,1190,False,Eastcote,Hillingdon,E05013567,E09000017
Hillingdon,Eastcote,2022-05-05,Ross,Rachel,Green,611,False,Eastcote,Hillingdon,E05013567,E09000017
Hillingdon,Eastcote,2022-05-05,Cottew,Tom,Liberal Democrats,542,False,Eastcote,Hillingdon,E05013567,E09000017
Hillingdon,Eastcote,2022-05-05,Kennedy,Andrew,Green,495,False,Eastcote,Hillingdon,E05013567,E09000017
Hillingdon,Eastcote,2022-05-05,Stephens,David,Green,304,False,Eastcote,Hillingdon,E05013567,E09000017
Hillingdon,Eastcote,2022-05-05,Henry,Tin,Trade Unionist & Socialist Coalition,72,False,Eastcote,Hillingdon,E05013567,E09000017
Hillingdon,Harefield Village,2022-05-05,Palmer,Jane,Conservative,929,True,Harefield Village,Hillingdon,E05013568,E09000017
Hillingdon,Harefield Village,2022-05-05,Samuel,Miki,Green,524,False,Harefield Village,Hillingdon,E05013568,E09000017
Hillingdon,Harefield Village,2022-05-05,Birah,Mohinder,Labour Party,179,False,Harefield Village,Hillingdon,E05013568,E09000017
Hillingdon,Hayes Town,2022-05-05,Curling,Peter,Labour,1906,True,Hayes Town,Hillingdon,E05013569,E09000017
Hillingdon,Hayes Town,2022-05-05,Gardner,Janet,Labour,1844,True,Hayes Town,Hillingdon,E05013569,E09000017
Hillingdon,Hayes Town,2022-05-05,Sansarpuri,Raju,Labour,1812,True,Hayes Town,Hillingdon,E05013569,E09000017
Hillingdon,Hayes Town,2022-05-05,Davies,Lauren,Conservative,593,False,Hayes Town,Hillingdon,E05013569,E09000017
Hillingdon,Hayes Town,2022-05-05,Sowe,Taf,Conservative,463,False,Hayes Town,Hillingdon,E05013569,E09000017
Hillingdon,Hayes Town,2022-05-05,Pahl,Tristan,Conservative,454,False,Hayes Town,Hillingdon,E05013569,E09000017
Hillingdon,Hayes Town,2022-05-05,Gillender,Hazel,Let London live,212,False,Hayes Town,Hillingdon,E05013569,E09000017
Hillingdon,Heathrow Villages,2022-05-05,Nelson,June,Labour,1336,True,Heathrow Villages,Hillingdon,E05013570,E09000017
Hillingdon,Heathrow Villages,2022-05-05,Money,Peter,Labour,1274,True,Heathrow Villages,Hillingdon,E05013570,E09000017
Hillingdon,Heathrow Villages,2022-05-05,Taylor,Christine,Conservative,943,False,Heathrow Villages,Hillingdon,E05013570,E09000017
Hillingdon,Heathrow Villages,2022-05-05,Sydenham,Daniel,Conservative,886,False,Heathrow Villages,Hillingdon,E05013570,E09000017
Hillingdon,Heathrow Villages,2022-05-05,Greenham,Alice,Green,227,False,Heathrow Villages,Hillingdon,E05013570,E09000017
Hillingdon,Heathrow Villages,2022-05-05,Khan,Zahid,Green,146,False,Heathrow Villages,Hillingdon,E05013570,E09000017
Hillingdon,Hillingdon East,2022-05-05,Sullivan,Colleen,Conservative,2104,True,Hillingdon East,Hillingdon,E05013571,E09000017
Hillingdon,Hillingdon East,2022-05-05,Bridges,Wayne,Conservative,2097,True,Hillingdon East,Hillingdon,E05013571,E09000017
Hillingdon,Hillingdon East,2022-05-05,Chapman,Alan,Conservative,2066,True,Hillingdon East,Hillingdon,E05013571,E09000017
Hillingdon,Hillingdon East,2022-05-05,Brar,Jagdeep,Labour,1311,False,Hillingdon East,Hillingdon,E05013571,E09000017
Hillingdon,Hillingdon East,2022-05-05,Goonesekera,Gregory,Labour,1231,False,Hillingdon East,Hillingdon,E05013571,E09000017
Hillingdon,Hillingdon East,2022-05-05,Virk,Gurmeet,Labour,1194,False,Hillingdon East,Hillingdon,E05013571,E09000017
Hillingdon,Hillingdon East,2022-05-05,Gardner,Steve,Social Democratic Party,239,False,Hillingdon East,Hillingdon,E05013571,E09000017
Hillingdon,Hillingdon West,2022-05-05,Bennett,Adam,Conservative,1124,True,Hillingdon West,Hillingdon,E05013572,E09000017
Hillingdon,Hillingdon West,2022-05-05,Chamdal,Reeta,Conservative,1014,True,Hillingdon West,Hillingdon,E05013572,E09000017
Hillingdon,Hillingdon West,2022-05-05,McDonald,Margaret,Labour,704,False,Hillingdon West,Hillingdon,E05013572,E09000017
Hillingdon,Hillingdon West,2022-05-05,Meen,Ray,Labour,688,False,Hillingdon West,Hillingdon,E05013572,E09000017
Hillingdon,Hillingdon West,2022-05-05,Pratt,Christine,Green,213,False,Hillingdon West,Hillingdon,E05013572,E09000017
Hillingdon,Hillingdon West,2022-05-05,Allam,David,Green,184,False,Hillingdon West,Hillingdon,E05013572,E09000017
Hillingdon,Ickenham & South Harefield,2022-05-05,Goddard,Martin,Conservative,2734,True,Ickenham & South Harefield,Hillingdon,E05013573,E09000017
Hillingdon,Ickenham & South Harefield,2022-05-05,Lavery,Eddie,Conservative,2681,True,Ickenham & South Harefield,Hillingdon,E05013573,E09000017
Hillingdon,Ickenham & South Harefield,2022-05-05,Banerjee,Kaushik,Conservative,2537,True,Ickenham & South Harefield,Hillingdon,E05013573,E09000017
Hillingdon,Ickenham & South Harefield,2022-05-05,Green,Sarah,Green,1246,False,Ickenham & South Harefield,Hillingdon,E05013573,E09000017
Hillingdon,Ickenham & South Harefield,2022-05-05,Campbell,John,Labour,1111,False,Ickenham & South Harefield,Hillingdon,E05013573,E09000017
Hillingdon,Ickenham & South Harefield,2022-05-05,Adams,Rose-Marie,Green,1061,False,Ickenham & South Harefield,Hillingdon,E05013573,E09000017
Hillingdon,Ickenham & South Harefield,2022-05-05,Espley,Paul,Labour,997,False,Ickenham & South Harefield,Hillingdon,E05013573,E09000017
Hillingdon,Ickenham & South Harefield,2022-05-05,McDonald,Kevin,Labour,938,False,Ickenham & South Harefield,Hillingdon,E05013573,E09000017
Hillingdon,Ickenham & South Harefield,2022-05-05,Wigram,Zena,Green,817,False,Ickenham & South Harefield,Hillingdon,E05013573,E09000017
Hillingdon,Northwood,2022-05-05,Higgins,Henry,Conservative,1813,True,Northwood,Hillingdon,E05013574,E09000017
Hillingdon,Northwood,2022-05-05,Lewis,Richard,Conservative,1783,True,Northwood,Hillingdon,E05013574,E09000017
Hillingdon,Northwood,2022-05-05,Hutchins,Jonathan,Labour,630,False,Northwood,Hillingdon,E05013574,E09000017
Hillingdon,Northwood,2022-05-05,Banks,Jonathan,Liberal Democrats,557,False,Northwood,Hillingdon,E05013574,E09000017
Hillingdon,Northwood,2022-05-05,Miller,David,Liberal Democrats,455,False,Northwood,Hillingdon,E05013574,E09000017
Hillingdon,Northwood,2022-05-05,Holding,Fiona,Green,288,False,Northwood,Hillingdon,E05013574,E09000017
Hillingdon,Northwood,2022-05-05,Oswell,John,Labour,186,False,Northwood,Hillingdon,E05013574,E09000017
Hillingdon,Northwood,2022-05-05,Miles,Scott,Green,170,False,Northwood,Hillingdon,E05013574,E09000017
Hillingdon,Northwood Hills,2022-05-05,Bianco,Jonathan,Conservative,1686,True,Northwood Hills,Hillingdon,E05013575,E09000017
Hillingdon,Northwood Hills,2022-05-05,Bhatt,Kishan,Conservative,1627,True,Northwood Hills,Hillingdon,E05013575,E09000017
Hillingdon,Northwood Hills,2022-05-05,Prince,Kerri,Labour,754,False,Northwood Hills,Hillingdon,E05013575,E09000017
Hillingdon,Northwood Hills,2022-05-05,Sachedina,Shabbar,Labour,640,False,Northwood Hills,Hillingdon,E05013575,E09000017
Hillingdon,Northwood Hills,2022-05-05,Dollimore,Peter,Liberal Democrats,359,False,Northwood Hills,Hillingdon,E05013575,E09000017
Hillingdon,Northwood Hills,2022-05-05,Edmeades,Stephen,Green,319,False,Northwood Hills,Hillingdon,E05013575,E09000017
Hillingdon,Northwood Hills,2022-05-05,Ross,Andrew,Green,310,False,Northwood Hills,Hillingdon,E05013575,E09000017
Hillingdon,Pinkwell,2022-05-05,Gill,tony,Labour,2314,True,Pinkwell,Hillingdon,E05013576,E09000017
Hillingdon,Pinkwell,2022-05-05,Lakhmana,Kuldeep,Labour,2214,True,Pinkwell,Hillingdon,E05013576,E09000017
Hillingdon,Pinkwell,2022-05-05,Mand,Gursharan,Labour,2154,True,Pinkwell,Hillingdon,E05013576,E09000017
Hillingdon,Pinkwell,2022-05-05,Giddings,Rosie,Conservative,692,False,Pinkwell,Hillingdon,E05013576,E09000017
Hillingdon,Pinkwell,2022-05-05,Upjohn,Darren,Conservative,669,False,Pinkwell,Hillingdon,E05013576,E09000017
Hillingdon,Pinkwell,2022-05-05,Kauffman,Allan,Conservative,635,False,Pinkwell,Hillingdon,E05013576,E09000017
Hillingdon,Ruislip,2022-05-05,Corthorne,Philip,Conservative,3242,True,Ruislip,Hillingdon,E05013577,E09000017
Hillingdon,Ruislip,2022-05-05,Riley,John,Conservative,3115,True,Ruislip,Hillingdon,E05013577,E09000017
Hillingdon,Ruislip,2022-05-05,Smallwood,Peter,Conservative,3103,True,Ruislip,Hillingdon,E05013577,E09000017
Hillingdon,Ruislip,2022-05-05,Morse,John,Labour,986,False,Ruislip,Hillingdon,E05013577,E09000017
Hillingdon,Ruislip,2022-05-05,Smith,Jane,Labour,892,False,Ruislip,Hillingdon,E05013577,E09000017
Hillingdon,Ruislip,2022-05-05,Smith,Andrew,Labour,808,False,Ruislip,Hillingdon,E05013577,E09000017
Hillingdon,Ruislip,2022-05-05,Blakie,Andrew,Green,625,False,Ruislip,Hillingdon,E05013577,E09000017
Hillingdon,Ruislip,2022-05-05,Cunliffe,Alexander,Liberal Democrats,546,False,Ruislip,Hillingdon,E05013577,E09000017
Hillingdon,Ruislip,2022-05-05,Patel,Shivalee,Green,411,False,Ruislip,Hillingdon,E05013577,E09000017
Hillingdon,Ruislip,2022-05-05,Virdee,Jaishiva,Green,374,False,Ruislip,Hillingdon,E05013577,E09000017
Hillingdon,Ruislip Manor,2022-05-05,O'Brien,Susan,Conservative,1976,True,Ruislip Manor,Hillingdon,E05013578,E09000017
Hillingdon,Ruislip Manor,2022-05-05,Mills,Douglas,Conservative,1951,True,Ruislip Manor,Hillingdon,E05013578,E09000017
Hillingdon,Ruislip Manor,2022-05-05,Moore,Norrette,Labour,806,False,Ruislip Manor,Hillingdon,E05013578,E09000017
Hillingdon,Ruislip Manor,2022-05-05,Ghei,Roshan,Labour,782,False,Ruislip Manor,Hillingdon,E05013578,E09000017
Hillingdon,Ruislip Manor,2022-05-05,Lee,Graham,Green,291,False,Ruislip Manor,Hillingdon,E05013578,E09000017
Hillingdon,Ruislip Manor,2022-05-05,Winterbotham,Melanie,Liberal Domocrats,268,False,Ruislip Manor,Hillingdon,E05013578,E09000017
Hillingdon,Ruislip Manor,2022-05-05,Wilkinson,Geoffrey,Green,228,False,Ruislip Manor,Hillingdon,E05013578,E09000017
Hillingdon,South Ruislip,2022-05-05,Mills,Richard,Conservative,2373,True,South Ruislip,Hillingdon,E05013579,E09000017
Hillingdon,South Ruislip,2022-05-05,Tuckwell,Steve,Conservative,2356,True,South Ruislip,Hillingdon,E05013579,E09000017
Hillingdon,South Ruislip,2022-05-05,Makwana,Heena,Conservative,2343,True,South Ruislip,Hillingdon,E05013579,E09000017
Hillingdon,South Ruislip,2022-05-05,Liberty,Connor,Labour,1195,False,South Ruislip,Hillingdon,E05013579,E09000017
Hillingdon,South Ruislip,2022-05-05,Sim,Alexander,Labour,1176,False,South Ruislip,Hillingdon,E05013579,E09000017
Hillingdon,South Ruislip,2022-05-05,Sharma,Mohan,Labour,1077,False,South Ruislip,Hillingdon,E05013579,E09000017
Hillingdon,South Ruislip,2022-05-05,Baynton,Sandra,Green,385,False,South Ruislip,Hillingdon,E05013579,E09000017
Hillingdon,South Ruislip,2022-05-05,Howes,Deborah,Green,365,False,South Ruislip,Hillingdon,E05013579,E09000017
Hillingdon,South Ruislip,2022-05-05,Rytter,Tiffany,Independent,298,False,South Ruislip,Hillingdon,E05013579,E09000017
Hillingdon,South Ruislip,2022-05-05,Crook,Peter,Green,271,False,South Ruislip,Hillingdon,E05013579,E09000017
Hillingdon,Uxbridge,2022-05-05,Burrows,Keith,Conservative,1971,True,Uxbridge,Hillingdon,E05013580,E09000017
Hillingdon,Uxbridge,2022-05-05,Burles,Tony,Labour,1764,True,Uxbridge,Hillingdon,E05013580,E09000017
Hillingdon,Uxbridge,2022-05-05,Choubedar,Farhad,Conservative,1740,True,Uxbridge,Hillingdon,E05013580,E09000017
Hillingdon,Uxbridge,2022-05-05,Rathore,Ranjeet,Conservative,1719,False,Uxbridge,Hillingdon,E05013580,E09000017
Hillingdon,Uxbridge,2022-05-05,Gill,Jagdip,Labour,1575,False,Uxbridge,Hillingdon,E05013580,E09000017
Hillingdon,Uxbridge,2022-05-05,Thurgar,Jess,Labour,1572,False,Uxbridge,Hillingdon,E05013580,E09000017
Hillingdon,Uxbridge,2022-05-05,West,Christine,Green,452,False,Uxbridge,Hillingdon,E05013580,E09000017
Hillingdon,Uxbridge,2022-05-05,Panayiotou,Andronikos,Green,342,False,Uxbridge,Hillingdon,E05013580,E09000017
Hillingdon,Uxbridge,2022-05-05,Ray-Howett,Michael,Green,308,False,Uxbridge,Hillingdon,E05013580,E09000017
Hillingdon,Uxbridge,2022-05-05,Harbord,Gary,Trade Unionist & Socialist Coalition,129,False,Uxbridge,Hillingdon,E05013580,E09000017
Hillingdon,West Drayton,2022-05-05,Sweeting,Jan,Labour,2111,True,West Drayton,Hillingdon,E05013581,E09000017
Hillingdon,West Drayton,2022-05-05,Farley,Scott,Labour,1968,True,West Drayton,Hillingdon,E05013581,E09000017
Hillingdon,West Drayton,2022-05-05,Islam,Mohammad,Labour,1911,True,West Drayton,Hillingdon,E05013581,E09000017
Hillingdon,West Drayton,2022-05-05,Martin,Kelly,Conservative,1428,False,West Drayton,Hillingdon,E05013581,E09000017
Hillingdon,West Drayton,2022-05-05,Bisnauthsing,Sanjiv,Conservative,1312,False,West Drayton,Hillingdon,E05013581,E09000017
Hillingdon,West Drayton,2022-05-05,Ali,Hanna,Conservative,1296,False,West Drayton,Hillingdon,E05013581,E09000017
Hillingdon,West Drayton,2022-05-05,West,Sarah,Green,315,False,West Drayton,Hillingdon,E05013581,E09000017
Hillingdon,West Drayton,2022-05-05,Bruce,Iain,Green,272,False,West Drayton,Hillingdon,E05013581,E09000017
Hillingdon,West Drayton,2022-05-05,Smith,Marcus,Green,209,False,West Drayton,Hillingdon,E05013581,E09000017
Hillingdon,West Drayton,2022-05-05,Barros,Carlos,Trade Unionist & Socialist Coalition,154,False,West Drayton,Hillingdon,E05013581,E09000017
Hillingdon,Wood End,2022-05-05,Garelick,Elizabeth,Labour,2133,True,Wood End,Hillingdon,E05013582,E09000017
Hillingdon,Wood End,2022-05-05,Kaur,Kamal,Labour,2073,True,Wood End,Hillingdon,E05013582,E09000017
Hillingdon,Wood End,2022-05-05,Mathers,Stuart,Labour,1978,True,Wood End,Hillingdon,E05013582,E09000017
Hillingdon,Wood End,2022-05-05,Brightman,Nicola,Conservative,969,False,Wood End,Hillingdon,E05013582,E09000017
Hillingdon,Wood End,2022-05-05,Gudi,Reva,Conservative,886,False,Wood End,Hillingdon,E05013582,E09000017
Hillingdon,Wood End,2022-05-05,Yarrow,David,Conservative,823,False,Wood End,Hillingdon,E05013582,E09000017
Hillingdon,Wood End,2022-05-05,Hooper,Chris,Liberal Democrats,236,False,Wood End,Hillingdon,E05013582,E09000017
Hillingdon,Wood End,2022-05-05,Buck,Jason,Trade Unionist & Socialist Coalition,137,False,Wood End,Hillingdon,E05013582,E09000017
Hillingdon,Yeading,2022-05-05,Dhot,Jas,Labour,1553,True,Yeading,Hillingdon,E05013583,E09000017
Hillingdon,Yeading,2022-05-05,Judge Dhot,Rita,Labour,1511,True,Yeading,Hillingdon,E05013583,E09000017
Hillingdon,Yeading,2022-05-05,Bridges,Kelly,Conservative,711,False,Yeading,Hillingdon,E05013583,E09000017
Hillingdon,Yeading,2022-05-05,Smallwood,Christopher,Conservative,633,False,Yeading,Hillingdon,E05013583,E09000017
Hillingdon,Yiewsley,2022-05-05,Abby,Naser,Labour,1361,True,Yiewsley,Hillingdon,E05013584,E09000017
Hillingdon,Yiewsley,2022-05-05,Punja,Sital,Labour,1120,True,Yiewsley,Hillingdon,E05013584,E09000017
Hillingdon,Yiewsley,2022-05-05,Cantwell,James,Conservative,861,False,Yiewsley,Hillingdon,E05013584,E09000017
Hillingdon,Yiewsley,2022-05-05,Deville,Alan,Conservative,842,False,Yiewsley,Hillingdon,E05013584,E09000017
Hillingdon,Yiewsley,2022-05-05,Bowman,John,Green,205,False,Yiewsley,Hillingdon,E05013584,E09000017
Hillingdon,Yiewsley,2022-05-05,Goss,Stephen,Green,170,False,Yiewsley,Hillingdon,E05013584,E09000017
Hounslow,Bedfont,2022-05-05,Bath,Lily,Labour,1768,True,Bedfont,Hounslow,E05013606,E09000018
Hounslow,Bedfont,2022-05-05,Bhalsod,Hareshkumar,Conservative,999,False,Bedfont,Hounslow,E05013606,E09000018
Hounslow,Bedfont,2022-05-05,Edwards,Peter,Conservative,1245,False,Bedfont,Hounslow,E05013606,E09000018
Hounslow,Bedfont,2022-05-05,Farmahan,Adesh,Labour,1663,True,Bedfont,Hounslow,E05013606,E09000018
Hounslow,Bedfont,2022-05-05,Osborn,John,Conservative,1162,False,Bedfont,Hounslow,E05013606,E09000018
Hounslow,Bedfont,2022-05-05,Siddhu,Raghwinder,Labour,1627,True,Bedfont,Hounslow,E05013606,E09000018
Hounslow,Bedfont,2022-05-05,Wetzel,Dave,Green,429,False,Bedfont,Hounslow,E05013606,E09000018
Hounslow,Brentford East,2022-05-05,Baksh,Paul,Conservative,271,False,Brentford East,Hounslow,E05013607,E09000018
Hounslow,Brentford East,2022-05-05,Hearn,Thomas,Conservative,314,False,Brentford East,Hounslow,E05013607,E09000018
Hounslow,Brentford East,2022-05-05,Sharma,Marina,Labour,994,True,Brentford East,Hounslow,E05013607,E09000018
Hounslow,Brentford East,2022-05-05,Summersgill,Freya,Green,312,False,Brentford East,Hounslow,E05013607,E09000018
Hounslow,Brentford East,2022-05-05,Williams,Rhys,Labour,1058,True,Brentford East,Hounslow,E05013607,E09000018
Hounslow,Brentford West,2022-05-05,Ayres,Bob,Independent,226,False,Brentford West,Hounslow,E05013608,E09000018
Hounslow,Brentford West,2022-05-05,Clark,Stephen,Green,669,False,Brentford West,Hounslow,E05013608,E09000018
Hounslow,Brentford West,2022-05-05,Denniss,Michael,Conservative,410,False,Brentford West,Hounslow,E05013608,E09000018
Hounslow,Brentford West,2022-05-05,Firkins,Tony,Green,367,False,Brentford West,Hounslow,E05013608,E09000018
Hounslow,Brentford West,2022-05-05,Lambert,Guy,Labour,1183,True,Brentford West,Hounslow,E05013608,E09000018
Hounslow,Brentford West,2022-05-05,Nixon,Zoe,Conservative,392,False,Brentford West,Hounslow,E05013608,E09000018
Hounslow,Brentford West,2022-05-05,Parizotto,Lara,Labour,1119,True,Brentford West,Hounslow,E05013608,E09000018
Hounslow,Chiswick Gunnersbury,2022-05-05,Biddolph,Joanna,Conservative,1552,True,Chiswick Gunnersbury,Hounslow,E05013609,E09000018
Hounslow,Chiswick Gunnersbury,2022-05-05,Cross,Helen,Liberal Democrats,803,False,Chiswick Gunnersbury,Hounslow,E05013609,E09000018
Hounslow,Chiswick Gunnersbury,2022-05-05,Francis,Will,Liberal Democrats,840,False,Chiswick Gunnersbury,Hounslow,E05013609,E09000018
Hounslow,Chiswick Gunnersbury,2022-05-05,Gill,Ranjit,Conservative,1382,True,Chiswick Gunnersbury,Hounslow,E05013609,E09000018
Hounslow,Chiswick Gunnersbury,2022-05-05,Guppy,Johanna,Liberal Democrats,657,False,Chiswick Gunnersbury,Hounslow,E05013609,E09000018
Hounslow,Chiswick Gunnersbury,2022-05-05,Khan,Hanif,Labour,1210,False,Chiswick Gunnersbury,Hounslow,E05013609,E09000018
Hounslow,Chiswick Gunnersbury,2022-05-05,Mushiso,Ron,Conservative,1402,True,Chiswick Gunnersbury,Hounslow,E05013609,E09000018
Hounslow,Chiswick Gunnersbury,2022-05-05,Nagaraju,Uday,Labour,1215,False,Chiswick Gunnersbury,Hounslow,E05013609,E09000018
Hounslow,Chiswick Gunnersbury,2022-05-05,Yates,Emma,Labour,1359,False,Chiswick Gunnersbury,Hounslow,E05013609,E09000018
Hounslow,Chiswick Homefields,2022-05-05,Bleach,Martin,Green,600,False,Chiswick Homefields,Hounslow,E05013610,E09000018
Hounslow,Chiswick Homefields,2022-05-05,Charrington,James,Liberal Democrats,646,False,Chiswick Homefields,Hounslow,E05013610,E09000018
Hounslow,Chiswick Homefields,2022-05-05,Cripps,Mark,Liberal Democrats,627,False,Chiswick Homefields,Hounslow,E05013610,E09000018
Hounslow,Chiswick Homefields,2022-05-05,Edwards,Leigh,Liberal Democrats,585,False,Chiswick Homefields,Hounslow,E05013610,E09000018
Hounslow,Chiswick Homefields,2022-05-05,Elkon,Jonathan,Green,455,False,Chiswick Homefields,Hounslow,E05013610,E09000018
Hounslow,Chiswick Homefields,2022-05-05,Emsley,Jack,Conservative,1746,True,Chiswick Homefields,Hounslow,E05013610,E09000018
Hounslow,Chiswick Homefields,2022-05-05,Hilne,Astrid,Green,488,False,Chiswick Homefields,Hounslow,E05013610,E09000018
Hounslow,Chiswick Homefields,2022-05-05,Khan,Saroosh,Labour,1251,False,Chiswick Homefields,Hounslow,E05013610,E09000018
Hounslow,Chiswick Homefields,2022-05-05,Malhotra,Mukesh,Labour,1213,False,Chiswick Homefields,Hounslow,E05013610,E09000018
Hounslow,Chiswick Homefields,2022-05-05,McGregor,Gerald,Conservative,1849,True,Chiswick Homefields,Hounslow,E05013610,E09000018
Hounslow,Chiswick Homefields,2022-05-05,Todd,John,Conservative,1884,True,Chiswick Homefields,Hounslow,E05013610,E09000018
Hounslow,Chiswick Homefields,2022-05-05,Uwechue,Olivia,Labour,1277,False,Chiswick Homefields,Hounslow,E05013610,E09000018
Hounslow,Chiswick Riverside,2022-05-05,Athwal,Gurbachan,Labour,948,False,Chiswick Riverside,Hounslow,E05013611,E09000018
Hounslow,Chiswick Riverside,2022-05-05,Black,Andrea,Green,513,False,Chiswick Riverside,Hounslow,E05013611,E09000018
Hounslow,Chiswick Riverside,2022-05-05,Collins,Melvin,Labour,926,False,Chiswick Riverside,Hounslow,E05013611,E09000018
Hounslow,Chiswick Riverside,2022-05-05,Croft,Amy,Labour,1064,True,Chiswick Riverside,Hounslow,E05013611,E09000018
Hounslow,Chiswick Riverside,2022-05-05,De Boursac,Guy,Liberal Democrats,458,False,Chiswick Riverside,Hounslow,E05013611,E09000018
Hounslow,Chiswick Riverside,2022-05-05,Giles,Gabriella,Conservative,1105,True,Chiswick Riverside,Hounslow,E05013611,E09000018
Hounslow,Chiswick Riverside,2022-05-05,Hagerty,Bill,Green,362,False,Chiswick Riverside,Hounslow,E05013611,E09000018
Hounslow,Chiswick Riverside,2022-05-05,Lewis-Holmes,Elly,Green,455,False,Chiswick Riverside,Hounslow,E05013611,E09000018
Hounslow,Chiswick Riverside,2022-05-05,Rees,Charles,Liberal Democrats,485,False,Chiswick Riverside,Hounslow,E05013611,E09000018
Hounslow,Chiswick Riverside,2022-05-05,Thompson,Peter,Conservative,1087,True,Chiswick Riverside,Hounslow,E05013611,E09000018
Hounslow,Chiswick Riverside,2022-05-05,Wallace,Sebastian,Conservative,1055,False,Chiswick Riverside,Hounslow,E05013611,E09000018
Hounslow,Cranford,2022-05-05,Butt,Ghazala,Labour,1843,True,Cranford,Hounslow,E05013612,E09000018
Hounslow,Cranford,2022-05-05,Dhaliwal,Sukhbir,Labour,1949,True,Cranford,Hounslow,E05013612,E09000018
Hounslow,Cranford,2022-05-05,Grewal,Vickram,Labour,1942,True,Cranford,Hounslow,E05013612,E09000018
Hounslow,Cranford,2022-05-05,Jarche,Mohamed,Conservative,608,False,Cranford,Hounslow,E05013612,E09000018
Hounslow,Cranford,2022-05-05,Mistry,Vaibhav,Conservative,698,False,Cranford,Hounslow,E05013612,E09000018
Hounslow,Cranford,2022-05-05,Nasimi,Sheekeba,Conservative,690,False,Cranford,Hounslow,E05013612,E09000018
Hounslow,Cranford,2022-05-05,Sindhar,Gurpal,Green,519,False,Cranford,Hounslow,E05013612,E09000018
Hounslow,Cranford,2022-05-05,Virdi,Gurpal,Independent,489,False,Cranford,Hounslow,E05013612,E09000018
Hounslow,Feltham North,2022-05-05,Akram,Muhammad,Labour,1244,True,Feltham North,Hounslow,E05013613,E09000018
Hounslow,Feltham North,2022-05-05,Awan,Zubair,Conservative,1172,False,Feltham North,Hounslow,E05013613,E09000018
Hounslow,Feltham North,2022-05-05,Madadi,Nimmi,Conservative,1225,False,Feltham North,Hounslow,E05013613,E09000018
Hounslow,Feltham North,2022-05-05,Mehmood,Tariq,Labour,1186,False,Feltham North,Hounslow,E05013613,E09000018
Hounslow,Feltham North,2022-05-05,Nagra,Samina,Labour,1288,True,Feltham North,Hounslow,E05013613,E09000018
Hounslow,Feltham North,2022-05-05,Tak,Kuldeep,Conservative,1276,True,Feltham North,Hounslow,E05013613,E09000018
Hounslow,Feltham North,2022-05-05,Wetzel,Chantel,Green,431,False,Feltham North,Hounslow,E05013613,E09000018
Hounslow,Feltham West,2022-05-05,Asim,Madeeha,Labour,1567,True,Feltham West,Hounslow,E05013614,E09000018
Hounslow,Feltham West,2022-05-05,Ellis,Christina,Green,501,False,Feltham West,Hounslow,E05013614,E09000018
Hounslow,Feltham West,2022-05-05,Kanda,Vanita,Conservative,970,False,Feltham West,Hounslow,E05013614,E09000018
Hounslow,Feltham West,2022-05-05,Luther,Sonia,Conservative,997,False,Feltham West,Hounslow,E05013614,E09000018
Hounslow,Feltham West,2022-05-05,Mir,Hina,Labour,1557,True,Feltham West,Hounslow,E05013614,E09000018
Hounslow,Feltham West,2022-05-05,Mitchell,Alan,Labour,1752,True,Feltham West,Hounslow,E05013614,E09000018
Hounslow,Feltham West,2022-05-05,Srirangam,Manoj,Conservative,1008,False,Feltham West,Hounslow,E05013614,E09000018
Hounslow,Hanworth Park,2022-05-05,Beaton,Tom,Green,318,False,Hanworth Park,Hounslow,E05013615,E09000018
Hounslow,Hanworth Park,2022-05-05,Gurung,Bishnu,Labour,1037,True,Hanworth Park,Hounslow,E05013615,E09000018
Hounslow,Hanworth Park,2022-05-05,Kamran,Farah,Labour,983,True,Hanworth Park,Hounslow,E05013615,E09000018
Hounslow,Hanworth Park,2022-05-05,Maliyadde,Ran,Conservative,769,False,Hanworth Park,Hounslow,E05013615,E09000018
Hounslow,Hanworth Park,2022-05-05,Raj,Adamya,Conservative,649,False,Hanworth Park,Hounslow,E05013615,E09000018
Hounslow,Hanworth Park,2022-05-05,Trayhorn,Liz,Liberal Democrats,282,False,Hanworth Park,Hounslow,E05013615,E09000018
Hounslow,Hanworth Village,2022-05-05,Aripirala,Srinivasa,Conservative,1306,False,Hanworth Village,Hounslow,E05013616,E09000018
Hounslow,Hanworth Village,2022-05-05,Foote,Richard,Labour,1675,True,Hanworth Village,Hounslow,E05013616,E09000018
Hounslow,Hanworth Village,2022-05-05,Joseph,Allan,Conservative,1434,True,Hanworth Village,Hounslow,E05013616,E09000018
Hounslow,Hanworth Village,2022-05-05,Kaleem,Noreen,Labour,1475,True,Hanworth Village,Hounslow,E05013616,E09000018
Hounslow,Hanworth Village,2022-05-05,Nasimi,Darius,Conservative,1303,False,Hanworth Village,Hounslow,E05013616,E09000018
Hounslow,Hanworth Village,2022-05-05,Read,Damian,Green,595,False,Hanworth Village,Hounslow,E05013616,E09000018
Hounslow,Hanworth Village,2022-05-05,Ulfat,Naeem,Labour,1419,False,Hanworth Village,Hounslow,E05013616,E09000018
Hounslow,Heston Central,2022-05-05,Atwal Hear,Harleen,Labour,1775,True,Heston Central,Hounslow,E05013617,E09000018
Hounslow,Heston Central,2022-05-05,Browne,Tony,Green,471,False,Heston Central,Hounslow,E05013617,E09000018
Hounslow,Heston Central,2022-05-05,Cullinane,Sandra,Conservative,724,False,Heston Central,Hounslow,E05013617,E09000018
Hounslow,Heston Central,2022-05-05,Grewal,Shivraj,Labour,1957,True,Heston Central,Hounslow,E05013617,E09000018
Hounslow,Heston Central,2022-05-05,Gull,Muhammad,Labour,1648,True,Heston Central,Hounslow,E05013617,E09000018
Hounslow,Heston Central,2022-05-05,Nasimi,Nooralhaq,Conservative,489,False,Heston Central,Hounslow,E05013617,E09000018
Hounslow,Heston Central,2022-05-05,Shah,Chaitan,Liberal Democrats,450,False,Heston Central,Hounslow,E05013617,E09000018
Hounslow,Heston Central,2022-05-05,Shaikh,Mohammed,Conservative,403,False,Heston Central,Hounslow,E05013617,E09000018
Hounslow,Heston East,2022-05-05,Ahmed,Aqsa,Labour,1288,True,Heston East,Hounslow,E05013618,E09000018
Hounslow,Heston East,2022-05-05,Borpatla,Hari,Conservative,666,False,Heston East,Hounslow,E05013618,E09000018
Hounslow,Heston East,2022-05-05,Dhiman,Sonia,Conservative,721,False,Heston East,Hounslow,E05013618,E09000018
Hounslow,Heston East,2022-05-05,Lal,Gurmail,Labour,1491,True,Heston East,Hounslow,E05013618,E09000018
Hounslow,Heston East,2022-05-05,Mann,Amritpal,Labour,1415,True,Heston East,Hounslow,E05013618,E09000018
Hounslow,Heston East,2022-05-05,Pisavadia,Krish,Conservative,648,False,Heston East,Hounslow,E05013618,E09000018
Hounslow,Heston East,2022-05-05,Simcik,Zbynek,Green,340,False,Heston East,Hounslow,E05013618,E09000018
Hounslow,Heston West,2022-05-05,Anwar,Muhammad,Conservative,550,False,Heston West,Hounslow,E05013619,E09000018
Hounslow,Heston West,2022-05-05,Gheorghe,Adriana,Labour,1998,True,Heston West,Hounslow,E05013619,E09000018
Hounslow,Heston West,2022-05-05,Jarche,Maha,Conservative,553,False,Heston West,Hounslow,E05013619,E09000018
Hounslow,Heston West,2022-05-05,Kamboh,Swarnjit,Conservative,637,False,Heston West,Hounslow,E05013619,E09000018
Hounslow,Heston West,2022-05-05,Malik,Karamat,Labour,1768,True,Heston West,Hounslow,E05013619,E09000018
Hounslow,Heston West,2022-05-05,Rajawat,Shantanu,Labour,1906,True,Heston West,Hounslow,E05013619,E09000018
Hounslow,Heston West,2022-05-05,Thomas,Ann,Green,475,False,Heston West,Hounslow,E05013619,E09000018
Hounslow,Hounslow Central,2022-05-05,Ali,Shumaila,Conservative,542,False,Hounslow Central,Hounslow,E05013620,E09000018
Hounslow,Hounslow Central,2022-05-05,Bhatti,Rasheed,Labour,1144,True,Hounslow Central,Hounslow,E05013620,E09000018
Hounslow,Hounslow Central,2022-05-05,Grewal,Ajmer,Labour,1166,True,Hounslow Central,Hounslow,E05013620,E09000018
Hounslow,Hounslow Central,2022-05-05,Grewal,Pritam,Labour,1217,True,Hounslow Central,Hounslow,E05013620,E09000018
Hounslow,Hounslow Central,2022-05-05,Hollingworth-Kandelaki,Katharine,Green,384,False,Hounslow Central,Hounslow,E05013620,E09000018
Hounslow,Hounslow Central,2022-05-05,Kataria,Hetal,Conservative,618,False,Hounslow Central,Hounslow,E05013620,E09000018
Hounslow,Hounslow Central,2022-05-05,Shishodia,Nimit,Conservative,573,False,Hounslow Central,Hounslow,E05013620,E09000018
Hounslow,Hounslow East,2022-05-05,Archer,Mary-Ellen,Green,373,False,Hounslow East,Hounslow,E05013621,E09000018
Hounslow,Hounslow East,2022-05-05,Meah,Junue,Labour,1065,True,Hounslow East,Hounslow,E05013621,E09000018
Hounslow,Hounslow East,2022-05-05,Patel,Jesal,Conservative,642,False,Hounslow East,Hounslow,E05013621,E09000018
Hounslow,Hounslow East,2022-05-05,Patel,Jignesh,Conservative,632,False,Hounslow East,Hounslow,E05013621,E09000018
Hounslow,Hounslow East,2022-05-05,Saeed,Daanish,Labour,1035,True,Hounslow East,Hounslow,E05013621,E09000018
Hounslow,Hounslow Heath,2022-05-05,Billenness,Sally,Liberal Democrats,708,False,Hounslow Heath,Hounslow,E05013622,E09000018
Hounslow,Hounslow Heath,2022-05-05,Buttar,Satvinder,Conservative,1028,False,Hounslow Heath,Hounslow,E05013622,E09000018
Hounslow,Hounslow Heath,2022-05-05,Chaudhary,Samia,Labour,2175,True,Hounslow Heath,Hounslow,E05013622,E09000018
Hounslow,Hounslow Heath,2022-05-05,Francis,Warwick,Liberal Democrats,540,False,Hounslow Heath,Hounslow,E05013622,E09000018
Hounslow,Hounslow Heath,2022-05-05,Jarche,Nada,Conservative,742,False,Hounslow Heath,Hounslow,E05013622,E09000018
Hounslow,Hounslow Heath,2022-05-05,Jarche,Sana,Conservative,740,False,Hounslow Heath,Hounslow,E05013622,E09000018
Hounslow,Hounslow Heath,2022-05-05,Kiani,Afzaal,Labour,1934,True,Hounslow Heath,Hounslow,E05013622,E09000018
Hounslow,Hounslow Heath,2022-05-05,Rehman,Farhaan,Labour,1841,True,Hounslow Heath,Hounslow,E05013622,E09000018
Hounslow,Hounslow Heath,2022-05-05,Wells,Stefan,Green,576,False,Hounslow Heath,Hounslow,E05013622,E09000018
Hounslow,Hounslow South,2022-05-05,Bruce,Tom,Labour,2279,True,Hounslow South,Hounslow,E05013623,E09000018
Hounslow,Hounslow South,2022-05-05,Bull,Michael,Green,674,False,Hounslow South,Hounslow,E05013623,E09000018
Hounslow,Hounslow South,2022-05-05,Chaudhry,Muraad,Conservative,866,False,Hounslow South,Hounslow,E05013623,E09000018
Hounslow,Hounslow South,2022-05-05,Elliott,Laura,Conservative,1122,False,Hounslow South,Hounslow,E05013623,E09000018
Hounslow,Hounslow South,2022-05-05,Raza,Sayyar,Labour,1770,True,Hounslow South,Hounslow,E05013623,E09000018
Hounslow,Hounslow South,2022-05-05,Sharma,Ekansh,Conservative,930,False,Hounslow South,Hounslow,E05013623,E09000018
Hounslow,Hounslow South,2022-05-05,Smith,Karen,Labour,2024,True,Hounslow South,Hounslow,E05013623,E09000018
Hounslow,Hounslow South,2022-05-05,Valluru,Krishna,Liberal Democrats,520,False,Hounslow South,Hounslow,E05013623,E09000018
Hounslow,Hounslow West,2022-05-05,Adamovs,Sergejs,Green,490,False,Hounslow West,Hounslow,E05013624,E09000018
Hounslow,Hounslow West,2022-05-05,Bhumana,Sudhakar,Conservative,765,False,Hounslow West,Hounslow,E05013624,E09000018
Hounslow,Hounslow West,2022-05-05,Chopra,Bandna,Labour,2112,True,Hounslow West,Hounslow,E05013624,E09000018
Hounslow,Hounslow West,2022-05-05,Khider,Wafa,Conservative,618,False,Hounslow West,Hounslow,E05013624,E09000018
Hounslow,Hounslow West,2022-05-05,Pierce,Carl,Liberal Democrats,494,False,Hounslow West,Hounslow,E05013624,E09000018
Hounslow,Hounslow West,2022-05-05,Sharma,Jagdish,Labour,2002,True,Hounslow West,Hounslow,E05013624,E09000018
Hounslow,Hounslow West,2022-05-05,Summan,Ranveer,Conservative,837,False,Hounslow West,Hounslow,E05013624,E09000018
Hounslow,Hounslow West,2022-05-05,Umair,Mohammed,Labour,1819,True,Hounslow West,Hounslow,E05013624,E09000018
Hounslow,Isleworth,2022-05-05,Al-Ayoby,Al,Conservative,622,False,Isleworth,Hounslow,E05013625,E09000018
Hounslow,Isleworth,2022-05-05,Awais,Muhammad,Conservative,606,False,Isleworth,Hounslow,E05013625,E09000018
Hounslow,Isleworth,2022-05-05,Bourke,Joseph,Liberal Democrats,669,False,Isleworth,Hounslow,E05013625,E09000018
Hounslow,Isleworth,2022-05-05,Juritz,David,Green,697,False,Isleworth,Hounslow,E05013625,E09000018
Hounslow,Isleworth,2022-05-05,Sampson,Sue,Labour,2124,True,Isleworth,Hounslow,E05013625,E09000018
Hounslow,Isleworth,2022-05-05,Shaheen,Salman,Labour,1832,True,Isleworth,Hounslow,E05013625,E09000018
Hounslow,Isleworth,2022-05-05,Stroud-Turp,John,Labour,1672,True,Isleworth,Hounslow,E05013625,E09000018
Hounslow,Isleworth,2022-05-05,Thorpe,Robert,Liberal Democrats,855,False,Isleworth,Hounslow,E05013625,E09000018
Hounslow,Isleworth,2022-05-05,Warsame,Khalid,Conservative,593,False,Isleworth,Hounslow,E05013625,E09000018
Hounslow,Osterley & Spring Grove,2022-05-05,Bahia,Sukhy,Conservative,1048,False,Osterley & Spring Grove,Hounslow,E05013626,E09000018
Hounslow,Osterley & Spring Grove,2022-05-05,Chaudri,Unsa,Labour,1751,True,Osterley & Spring Grove,Hounslow,E05013626,E09000018
Hounslow,Osterley & Spring Grove,2022-05-05,Harcourt,Jason,Conservative,1105,False,Osterley & Spring Grove,Hounslow,E05013626,E09000018
Hounslow,Osterley & Spring Grove,2022-05-05,Kowalczyk,Judith,Liberal Democrats,565,False,Osterley & Spring Grove,Hounslow,E05013626,E09000018
Hounslow,Osterley & Spring Grove,2022-05-05,Louki,Tony,Labour,2116,True,Osterley & Spring Grove,Hounslow,E05013626,E09000018
Hounslow,Osterley & Spring Grove,2022-05-05,Siddiqui,Aftab,Labour,1640,True,Osterley & Spring Grove,Hounslow,E05013626,E09000018
Hounslow,Osterley & Spring Grove,2022-05-05,Singh,Maneesh,Conservative,982,False,Osterley & Spring Grove,Hounslow,E05013626,E09000018
Hounslow,Osterley & Spring Grove,2022-05-05,Wahab,Rashid,Green,566,False,Osterley & Spring Grove,Hounslow,E05013626,E09000018
Hounslow,Syon & Brentford Lock,2022-05-05,Agius,Anthony,Green,625,False,Syon & Brentford Lock,Hounslow,E05013627,E09000018
Hounslow,Syon & Brentford Lock,2022-05-05,Ali,Adam,Conservative,573,False,Syon & Brentford Lock,Hounslow,E05013627,E09000018
Hounslow,Syon & Brentford Lock,2022-05-05,Ballentyne,Jack,Liberal Democrats,314,False,Syon & Brentford Lock,Hounslow,E05013627,E09000018
Hounslow,Syon & Brentford Lock,2022-05-05,Bowring,Dan,Labour,1368,True,Syon & Brentford Lock,Hounslow,E05013627,E09000018
Hounslow,Syon & Brentford Lock,2022-05-05,Dennison,Theo,Independent,822,False,Syon & Brentford Lock,Hounslow,E05013627,E09000018
Hounslow,Syon & Brentford Lock,2022-05-05,Dunne,Katherine,Labour,1463,True,Syon & Brentford Lock,Hounslow,E05013627,E09000018
Hounslow,Syon & Brentford Lock,2022-05-05,Gillie,Christopher,Liberal Democrats,363,False,Syon & Brentford Lock,Hounslow,E05013627,E09000018
Hounslow,Syon & Brentford Lock,2022-05-05,Sarai,Balraj,Labour,1080,True,Syon & Brentford Lock,Hounslow,E05013627,E09000018
Hounslow,Syon & Brentford Lock,2022-05-05,Sinha,Chaitan,Conservative,542,False,Syon & Brentford Lock,Hounslow,E05013627,E09000018
Hounslow,Syon & Brentford Lock,2022-05-05,Van Der Esch,Phyllis,Liberal Democrats,391,False,Syon & Brentford Lock,Hounslow,E05013627,E09000018
Islington,Arsenal,2022-05-05,Baird,Nicola,Green Party,910,False,Arsenal,Islington,E05013697,E09000019
Islington,Arsenal,2022-05-05,Cetinkaya,Ebu,Conservative and Unionist Party,293,False,Arsenal,Islington,E05013697,E09000019
Islington,Arsenal,2022-05-05,CRAIG,Fin,Labour Party,1808,True,Arsenal,Islington,E05013697,E09000019
Islington,Arsenal,2022-05-05,DE CINQUE,Mary,Green Party,710,False,Arsenal,Islington,E05013697,E09000019
Islington,Arsenal,2022-05-05,DREW,Jeremy,Green Party,618,False,Arsenal,Islington,E05013697,E09000019
Islington,Arsenal,2022-05-05,FLYNN,Mark,Conservative and Unionist Party,324,False,Arsenal,Islington,E05013697,E09000019
Islington,Arsenal,2022-05-05,Henry,Rachael,Conservative and Unionist Party,319,False,Arsenal,Islington,E05013697,E09000019
Islington,Arsenal,2022-05-05,IBRAHIM,Bashir,Labour Party,1801,True,Arsenal,Islington,E05013697,E09000019
Islington,Arsenal,2022-05-05,KHONDOKER,Roulin,Labour Party,1710,True,Arsenal,Islington,E05013697,E09000019
Islington,Arsenal,2022-05-05,Mann,Gabby,Liberal Democrats,468,False,Arsenal,Islington,E05013697,E09000019
Islington,Arsenal,2022-05-05,MIDDLETON,Philip,Liberal Democrats,368,False,Arsenal,Islington,E05013697,E09000019
Islington,Arsenal,2022-05-05,SMITH,Barbara,Liberal Democrats,393,False,Arsenal,Islington,E05013697,E09000019
Islington,Arsenal,2022-05-05,Talbot,Robin,Communist Party of Britain,97,False,Arsenal,Islington,E05013697,E09000019
Islington,Barnsbury,2022-05-05,BROMHEAD JONES,Carmela,Green Party,772,False,Barnsbury,Islington,E05013698,E09000019
Islington,Barnsbury,2022-05-05,CARSON,Vanessa,Conservative and Unionist Party,560,False,Barnsbury,Islington,E05013698,E09000019
Islington,Barnsbury,2022-05-05,CHAMPION,Rowena,Labour Party,1754,True,Barnsbury,Islington,E05013698,E09000019
Islington,Barnsbury,2022-05-05,Champness,Michael,Liberal Democrats,438,False,Barnsbury,Islington,E05013698,E09000019
Islington,Barnsbury,2022-05-05,Choudhury,Jilani,Labour Party,1565,True,Barnsbury,Islington,E05013698,E09000019
Islington,Barnsbury,2022-05-05,Hargreaves,Jeremy,Liberal Democrats,454,False,Barnsbury,Islington,E05013698,E09000019
Islington,Barnsbury,2022-05-05,Hartley,John,Green Party,440,False,Barnsbury,Islington,E05013698,E09000019
Islington,Barnsbury,2022-05-05,Kocak-Bass,Tam,Conservative and Unionist Party,498,False,Barnsbury,Islington,E05013698,E09000019
Islington,Barnsbury,2022-05-05,Le Lannou,Erwann,Liberal Democrats,360,False,Barnsbury,Islington,E05013698,E09000019
Islington,Barnsbury,2022-05-05,McMahon,Peter,Conservative and Unionist Party,505,False,Barnsbury,Islington,E05013698,E09000019
Islington,Barnsbury,2022-05-05,Nargund,Praful,Labour Party,1425,True,Barnsbury,Islington,E05013698,E09000019
Islington,Barnsbury,2022-05-05,Williams,Jake,Green Party,412,False,Barnsbury,Islington,E05013698,E09000019
Islington,Bunhill,2022-05-05,Bossman-Quarshie,Valerie,Labour Party,1277,True,Bunhill,Islington,E05013699,E09000019
Islington,Bunhill,2022-05-05,Campbell,Max,Conservative and Unionist Party,379,False,Bunhill,Islington,E05013699,E09000019
Islington,Bunhill,2022-05-05,Gallagher,Troy,Labour Party,1174,True,Bunhill,Islington,E05013699,E09000019
Islington,Bunhill,2022-05-05,Graham,Philip,Labour Party,1057,True,Bunhill,Islington,E05013699,E09000019
Islington,Bunhill,2022-05-05,Hall,Adrian,Liberal Democrats,245,False,Bunhill,Islington,E05013699,E09000019
Islington,Bunhill,2022-05-05,Kenny,John,Liberal Democrats,252,False,Bunhill,Islington,E05013699,E09000019
Islington,Bunhill,2022-05-05,Minikin,Robert,Liberal Democrats,206,False,Bunhill,Islington,E05013699,E09000019
Islington,Bunhill,2022-05-05,Myer,Andrew,Green Party,285,False,Bunhill,Islington,E05013699,E09000019
Islington,Bunhill,2022-05-05,Painter,Jake,Social Democratic Party,34,False,Bunhill,Islington,E05013699,E09000019
Islington,Bunhill,2022-05-05,Prince,Alyson,Conservative and Unionist Party,336,False,Bunhill,Islington,E05013699,E09000019
Islington,Bunhill,2022-05-05,Small,David,Reform UK,51,False,Bunhill,Islington,E05013699,E09000019
Islington,Bunhill,2022-05-05,Tobert,Andrew,Green Party,210,False,Bunhill,Islington,E05013699,E09000019
Islington,Bunhill,2022-05-05,Vora,Zak,Conservative and Unionist Party,337,False,Bunhill,Islington,E05013699,E09000019
Islington,Bunhill,2022-05-05,Webb,Catherine,Green Party,382,False,Bunhill,Islington,E05013699,E09000019
Islington,Caledonian,2022-05-05,Bye,Peter,Liberal Democrats,203,False,Caledonian,Islington,E05013700,E09000019
Islington,Caledonian,2022-05-05,Convery,Paul,Labour Party,1508,True,Caledonian,Islington,E05013700,E09000019
Islington,Caledonian,2022-05-05,Cottis,Stuart,Conservative and Unionist Party,289,False,Caledonian,Islington,E05013700,E09000019
Islington,Caledonian,2022-05-05,Deloge,Vivien,Green Party,336,False,Caledonian,Islington,E05013700,E09000019
Islington,Caledonian,2022-05-05,Gordon,Alex,Green Party,309,False,Caledonian,Islington,E05013700,E09000019
Islington,Caledonian,2022-05-05,Hyde,Sara,Labour Party,1490,True,Caledonian,Islington,E05013700,E09000019
Islington,Caledonian,2022-05-05,Johnson,Simon,Conservative and Unionist Party,278,False,Caledonian,Islington,E05013700,E09000019
Islington,Caledonian,2022-05-05,Kalar,Amo,Conservative and Unionist Party,250,False,Caledonian,Islington,E05013700,E09000019
Islington,Caledonian,2022-05-05,Martin,Madeleine,Liberal Democrats,204,False,Caledonian,Islington,E05013700,E09000019
Islington,Caledonian,2022-05-05,Martynchyk,Walera,Liberal Democrats,177,False,Caledonian,Islington,E05013700,E09000019
Islington,Caledonian,2022-05-05,O`Halloran,Una,Labour Party,1450,True,Caledonian,Islington,E05013700,E09000019
Islington,Caledonian,2022-05-05,Wren,Bernadette,Green Party,280,False,Caledonian,Islington,E05013700,E09000019
Islington,Canonbury,2022-05-05,Bacchus,James,Liberal Democrats,435,False,Canonbury,Islington,E05013701,E09000019
Islington,Canonbury,2022-05-05,Coldicutt,Samuel,Liberal Democrats,419,False,Canonbury,Islington,E05013701,E09000019
Islington,Canonbury,2022-05-05,Hussain,Talia,Green Party,543,False,Canonbury,Islington,E05013701,E09000019
Islington,Canonbury,2022-05-05,Jeapes,Clare,Labour Party,1609,True,Canonbury,Islington,E05013701,E09000019
Islington,Canonbury,2022-05-05,Jefferson,Michael,Conservative and Unionist Party,557,False,Canonbury,Islington,E05013701,E09000019
Islington,Canonbury,2022-05-05,Li,Haiwei,Conservative and Unionist Party,539,False,Canonbury,Islington,E05013701,E09000019
Islington,Canonbury,2022-05-05,Mehmet,Joe,Conservative and Unionist Party,524,False,Canonbury,Islington,E05013701,E09000019
Islington,Canonbury,2022-05-05,Radway,Chris,Green Party,410,False,Canonbury,Islington,E05013701,E09000019
Islington,Canonbury,2022-05-05,Rice,Chloe,Green Party,526,False,Canonbury,Islington,E05013701,E09000019
Islington,Canonbury,2022-05-05,Richardson,Emma,Liberal Democrats,470,False,Canonbury,Islington,E05013701,E09000019
Islington,Canonbury,2022-05-05,Wayne,Nick,Labour Party,1445,True,Canonbury,Islington,E05013701,E09000019
Islington,Canonbury,2022-05-05,Woolf,John,Labour Party,1401,True,Canonbury,Islington,E05013701,E09000019
Islington,Clerkenwell,2022-05-05,Allan,George,Liberal Democrats,458,False,Clerkenwell,Islington,E05013702,E09000019
Islington,Clerkenwell,2022-05-05,Baker,Alexander,Conservative and Unionist Party,406,False,Clerkenwell,Islington,E05013702,E09000019
Islington,Clerkenwell,2022-05-05,Cox,Lewis,Conservative and Unionist Party,404,False,Clerkenwell,Islington,E05013702,E09000019
Islington,Clerkenwell,2022-05-05,Dowling Gormley,Janet,Green Party,453,False,Clerkenwell,Islington,E05013702,E09000019
Islington,Clerkenwell,2022-05-05,Hayes,Ruth,Labour Party,1352,True,Clerkenwell,Islington,E05013702,E09000019
Islington,Clerkenwell,2022-05-05,Hestbaek,Cecilie,Green Party,340,False,Clerkenwell,Islington,E05013702,E09000019
Islington,Clerkenwell,2022-05-05,Jones,Bronwen,Green Party,473,False,Clerkenwell,Islington,E05013702,E09000019
Islington,Clerkenwell,2022-05-05,Joseph,Mags,Conservative and Unionist Party,379,False,Clerkenwell,Islington,E05013702,E09000019
Islington,Clerkenwell,2022-05-05,Mackmurdie,Ben,Labour Party,1209,True,Clerkenwell,Islington,E05013702,E09000019
Islington,Clerkenwell,2022-05-05,Nathan,Matt,Labour Party,1199,True,Clerkenwell,Islington,E05013702,E09000019
Islington,Clerkenwell,2022-05-05,Redesdale,Helen,Liberal Democrats,416,False,Clerkenwell,Islington,E05013702,E09000019
Islington,Clerkenwell,2022-05-05,Vickers,Jason,Liberal Democrats,405,False,Clerkenwell,Islington,E05013702,E09000019
Islington,Finsbury Park,2022-05-05,Ali,Sadia,Independent,270,False,Finsbury Park,Islington,E05013703,E09000019
Islington,Finsbury Park,2022-05-05,Eggins,Heather,Liberal Democrats,243,False,Finsbury Park,Islington,E05013703,E09000019
Islington,Finsbury Park,2022-05-05,Fitzalan,Howard,Conservative and Unionist Party,166,False,Finsbury Park,Islington,E05013703,E09000019
Islington,Finsbury Park,2022-05-05,Fry,Timothy,Green Party,444,False,Finsbury Park,Islington,E05013703,E09000019
Islington,Finsbury Park,2022-05-05,Heather,Gary,Labour Party,1905,True,Finsbury Park,Islington,E05013703,E09000019
Islington,Finsbury Park,2022-05-05,Koffman,Natalie,Green Party,527,False,Finsbury Park,Islington,E05013703,E09000019
Islington,Finsbury Park,2022-05-05,McKeown,Helena,Green Party,579,False,Finsbury Park,Islington,E05013703,E09000019
Islington,Finsbury Park,2022-05-05,Mitson,Henry,Conservative and Unionist Party,158,False,Finsbury Park,Islington,E05013703,E09000019
Islington,Finsbury Park,2022-05-05,Mulhern,Katherine,Conservative and Unionist Party,166,False,Finsbury Park,Islington,E05013703,E09000019
Islington,Finsbury Park,2022-05-05,O`Sullivan,Mick,Labour Party,1759,True,Finsbury Park,Islington,E05013703,E09000019
Islington,Finsbury Park,2022-05-05,Shaikh,Asima,Labour Party,1941,True,Finsbury Park,Islington,E05013703,E09000019
Islington,Finsbury Park,2022-05-05,Sharp,Keith,Liberal Democrats,195,False,Finsbury Park,Islington,E05013703,E09000019
Islington,Finsbury Park,2022-05-05,Smith,Paul,Liberal Democrats,139,False,Finsbury Park,Islington,E05013703,E09000019
Islington,Highbury,2022-05-05,Burgos-Lukes,Minda,Labour Party,1507,False,Highbury,Islington,E05013704,E09000019
Islington,Highbury,2022-05-05,Deering,Robert,Conservative and Unionist Party,381,False,Highbury,Islington,E05013704,E09000019
Islington,Highbury,2022-05-05,Eldridge,Mark,Conservative and Unionist Party,384,False,Highbury,Islington,E05013704,E09000019
Islington,Highbury,2022-05-05,Hamdache,Benali,Green Party,1934,True,Highbury,Islington,E05013704,E09000019
Islington,Highbury,2022-05-05,Jegorovas-Armstrong,Ernestas,Green Party,1803,True,Highbury,Islington,E05013704,E09000019
Islington,Highbury,2022-05-05,Karim,Talal,Labour Party,1367,False,Highbury,Islington,E05013704,E09000019
Islington,Highbury,2022-05-05,Knightley,Laura,Conservative and Unionist Party,379,False,Highbury,Islington,E05013704,E09000019
Islington,Highbury,2022-05-05,Lukes,Sue,Labour Party,1574,False,Highbury,Islington,E05013704,E09000019
Islington,Highbury,2022-05-05,Pothalingam,Ketish,Liberal Democrats,521,False,Highbury,Islington,E05013704,E09000019
Islington,Highbury,2022-05-05,Russell,Caroline,Green Party,2282,True,Highbury,Islington,E05013704,E09000019
Islington,Highbury,2022-05-05,Stevens,Philip,Liberal Democrats,498,False,Highbury,Islington,E05013704,E09000019
Islington,Highbury,2022-05-05,Symes,Paul,Liberal Democrats,408,False,Highbury,Islington,E05013704,E09000019
Islington,Hillrise,2022-05-05,Aziz,Rastgon,Conservative and Unionist Party,238,False,Hillrise,Islington,E05013705,E09000019
Islington,Hillrise,2022-05-05,Creech,Niall,Green Party,656,False,Hillrise,Islington,E05013705,E09000019
Islington,Hillrise,2022-05-05,Cronshaw,Janet,Conservative and Unionist Party,250,False,Hillrise,Islington,E05013705,E09000019
Islington,Hillrise,2022-05-05,Harrison,Jon,Conservative and Unionist Party,252,False,Hillrise,Islington,E05013705,E09000019
Islington,Hillrise,2022-05-05,Lees,Susan,Green Party,840,False,Hillrise,Islington,E05013705,E09000019
Islington,Hillrise,2022-05-05,Massey,Paul,Liberal Democrats,305,False,Hillrise,Islington,E05013705,E09000019
Islington,Hillrise,2022-05-05,Pack,Mark,Liberal Democrats,386,False,Hillrise,Islington,E05013705,E09000019
Islington,Hillrise,2022-05-05,Partridge,Leah,Green Party,701,False,Hillrise,Islington,E05013705,E09000019
Islington,Hillrise,2022-05-05,Poyser,Dave,Labour Party,2453,True,Hillrise,Islington,E05013705,E09000019
Islington,Hillrise,2022-05-05,Safi Ngongo,Michelline,Labour Party,2450,True,Hillrise,Islington,E05013705,E09000019
Islington,Hillrise,2022-05-05,Spall,Marian,Labour Party,2429,True,Hillrise,Islington,E05013705,E09000019
Islington,Hillrise,2022-05-05,Taylor,Amelia,Liberal Democrats,343,False,Hillrise,Islington,E05013705,E09000019
Islington,Holloway,2022-05-05,Atkinson,Mark,Liberal Democrats,322,False,Holloway,Islington,E05013706,E09000019
Islington,Holloway,2022-05-05,Desai,Nikita,Green Party,531,False,Holloway,Islington,E05013706,E09000019
Islington,Holloway,2022-05-05,English,William,Green Party,352,False,Holloway,Islington,E05013706,E09000019
Islington,Holloway,2022-05-05,Esen,Omer,Trade Unionist and Socialist Coalition,92,False,Holloway,Islington,E05013706,E09000019
Islington,Holloway,2022-05-05,Harrison,Andrew,Conservative and Unionist Party,284,False,Holloway,Islington,E05013706,E09000019
Islington,Holloway,2022-05-05,Hyett,Andrew,Liberal Democrats,263,False,Holloway,Islington,E05013706,E09000019
Islington,Holloway,2022-05-05,Jackson,Jason,Labour Party,1863,True,Holloway,Islington,E05013706,E09000019
Islington,Holloway,2022-05-05,Johnson,Christopher,Liberal Democrats,241,False,Holloway,Islington,E05013706,E09000019
Islington,Holloway,2022-05-05,Poyner,Claire,Green Party,532,False,Holloway,Islington,E05013706,E09000019
Islington,Holloway,2022-05-05,Rigby,Justin,Conservative and Unionist Party,256,False,Holloway,Islington,E05013706,E09000019
Islington,Holloway,2022-05-05,Ward,Diarmaid,Labour Party,1792,True,Holloway,Islington,E05013706,E09000019
Islington,Holloway,2022-05-05,Wilkin,John,Conservative and Unionist Party,243,False,Holloway,Islington,E05013706,E09000019
Islington,Holloway,2022-05-05,Zammit,Claire,Labour Party,1847,True,Holloway,Islington,E05013706,E09000019
Islington,Junction,2022-05-05,Andrews,Kim,Conservative and Unionist Party,279,False,Junction,Islington,E05013707,E09000019
Islington,Junction,2022-05-05,Brunning,Olivia,Green Party,761,False,Junction,Islington,E05013707,E09000019
Islington,Junction,2022-05-05,Burgess,Janet,Labour Party,2111,True,Junction,Islington,E05013707,E09000019
Islington,Junction,2022-05-05,Chapman,Sheila Marion,Labour Party,2001,True,Junction,Islington,E05013707,E09000019
Islington,Junction,2022-05-05,Comer-Schwartz,Kaya,Labour Party,2004,True,Junction,Islington,E05013707,E09000019
Islington,Junction,2022-05-05,Elliott,Paul,Green Party,545,False,Junction,Islington,E05013707,E09000019
Islington,Junction,2022-05-05,Elvin,Jonathan,Conservative and Unionist Party,252,False,Junction,Islington,E05013707,E09000019
Islington,Junction,2022-05-05,Ibrahim,Ufi,Liberal Democrats,182,False,Junction,Islington,E05013707,E09000019
Islington,Junction,2022-05-05,Kasprzyk,Stefan,Liberal Democrats,240,False,Junction,Islington,E05013707,E09000019
Islington,Junction,2022-05-05,Seay,Nigel,Conservative and Unionist Party,240,False,Junction,Islington,E05013707,E09000019
Islington,Junction,2022-05-05,Taylor,Jonathan,Liberal Democrats,194,False,Junction,Islington,E05013707,E09000019
Islington,Junction,2022-05-05,Zell,David,Green Party,507,False,Junction,Islington,E05013707,E09000019
Islington,Laycock,2022-05-05,Chan,Jenni,Green Party,603,False,Laycock,Islington,E05013708,E09000019
Islington,Laycock,2022-05-05,Cinko-Oner,Ilkay,Labour Party,1603,True,Laycock,Islington,E05013708,E09000019
Islington,Laycock,2022-05-05,Corrigall,David,Conservative and Unionist Party,369,False,Laycock,Islington,E05013708,E09000019
Islington,Laycock,2022-05-05,Delarue,Pierre,Liberal Democrats,341,False,Laycock,Islington,E05013708,E09000019
Islington,Laycock,2022-05-05,Eldridge,Alexandra,Conservative and Unionist Party,367,False,Laycock,Islington,E05013708,E09000019
Islington,Laycock,2022-05-05,Falkenburg,Jara,Green Party,506,False,Laycock,Islington,E05013708,E09000019
Islington,Laycock,2022-05-05,Macleod,Ewan,Conservative and Unionist Party,358,False,Laycock,Islington,E05013708,E09000019
Islington,Laycock,2022-05-05,Sant,David,Liberal Democrats,302,False,Laycock,Islington,E05013708,E09000019
Islington,Laycock,2022-05-05,Staff,Heather,Labour Party,1622,True,Laycock,Islington,E05013708,E09000019
Islington,Laycock,2022-05-05,Stilwell,Nathan,Green Party,390,False,Laycock,Islington,E05013708,E09000019
Islington,Laycock,2022-05-05,Taylor,Jack,Liberal Democrats,273,False,Laycock,Islington,E05013708,E09000019
Islington,Laycock,2022-05-05,Turan,Nurullah,Labour Party,1506,True,Laycock,Islington,E05013708,E09000019
Islington,Mildmay,2022-05-05,Alzamora,Zoe,Green Party,780,False,Mildmay,Islington,E05013709,E09000019
Islington,Mildmay,2022-05-05,Bell-Bradford,Santiago,Labour Party,1893,True,Mildmay,Islington,E05013709,E09000019
Islington,Mildmay,2022-05-05,Capitani,Pedro,Conservative and Unionist Party,316,False,Mildmay,Islington,E05013709,E09000019
Islington,Mildmay,2022-05-05,Cotton,John,Liberal Democrats,319,False,Mildmay,Islington,E05013709,E09000019
Islington,Mildmay,2022-05-05,Gallagher,Caroline,Conservative and Unionist Party,351,False,Mildmay,Islington,E05013709,E09000019
Islington,Mildmay,2022-05-05,Hamilton,Thomas,Conservative and Unionist Party,328,False,Mildmay,Islington,E05013709,E09000019
Islington,Mildmay,2022-05-05,Kay,Jenny,Labour Party,1960,True,Mildmay,Islington,E05013709,E09000019
Islington,Mildmay,2022-05-05,Mellor,Nadine,Liberal Democrats,340,False,Mildmay,Islington,E05013709,E09000019
Islington,Mildmay,2022-05-05,Moloney,Conor,Green Party,571,False,Mildmay,Islington,E05013709,E09000019
Islington,Mildmay,2022-05-05,Ross,Dudley,Green Party,513,False,Mildmay,Islington,E05013709,E09000019
Islington,Mildmay,2022-05-05,Weekes,Angelo,Labour Party,1737,True,Mildmay,Islington,E05013709,E09000019
Islington,Mildmay,2022-05-05,Whittaker,Julie,Liberal Democrats,330,False,Mildmay,Islington,E05013709,E09000019
Islington,St Mary's & St James',2022-05-05,Croft,Joseph,Labour Party,1320,True,St Mary's & St James',Islington,E05013710,E09000019
Islington,St Mary's & St James',2022-05-05,Hinson,Joy,Green Party,564,False,St Mary's & St James',Islington,E05013710,E09000019
Islington,St Mary's & St James',2022-05-05,Kelly,Bex,Conservative and Unionist Party,519,False,St Mary's & St James',Islington,E05013710,E09000019
Islington,St Mary's & St James',2022-05-05,McHugh,Hannah,Labour Party,1421,True,St Mary's & St James',Islington,E05013710,E09000019
Islington,St Mary's & St James',2022-05-05,Nugent,Harry,Conservative and Unionist Party,494,False,St Mary's & St James',Islington,E05013710,E09000019
Islington,St Mary's & St James',2022-05-05,Pandor,Saiqa,Labour Party,1269,True,St Mary's & St James',Islington,E05013710,E09000019
Islington,St Mary's & St James',2022-05-05,Pothalingam,Kate,Liberal Democrats,1158,False,St Mary's & St James',Islington,E05013710,E09000019
Islington,St Mary's & St James',2022-05-05,Procter,Chris,Green Party,423,False,St Mary's & St James',Islington,E05013710,E09000019
Islington,St Mary's & St James',2022-05-05,Stacy,Terry,Liberal Democrats,1011,False,St Mary's & St James',Islington,E05013710,E09000019
Islington,St Mary's & St James',2022-05-05,Turing,Maxx,Liberal Democrats,991,False,St Mary's & St James',Islington,E05013710,E09000019
Islington,St Mary's & St James',2022-05-05,Williams,Adrian,Green Party,324,False,St Mary's & St James',Islington,E05013710,E09000019
Islington,St Mary's & St James',2022-05-05,Woodroofe,Will,Conservative and Unionist Party,446,False,St Mary's & St James',Islington,E05013710,E09000019
Islington,St Peter's & Canalside,2022-05-05,Brainsby,Nick,Conservative and Unionist Party,525,False,St Peter's & Canalside,Islington,E05013711,E09000019
Islington,St Peter's & Canalside,2022-05-05,Deamer,Jonathan,Green Party,302,False,St Peter's & Canalside,Islington,E05013711,E09000019
Islington,St Peter's & Canalside,2022-05-05,Gilmore,Jack,Conservative and Unionist Party,522,False,St Peter's & Canalside,Islington,E05013711,E09000019
Islington,St Peter's & Canalside,2022-05-05,Janes,Hilly,Liberal Democrats,358,False,St Peter's & Canalside,Islington,E05013711,E09000019
Islington,St Peter's & Canalside,2022-05-05,Kalaam,Muhammad,Conservative and Unionist Party,551,False,St Peter's & Canalside,Islington,E05013711,E09000019
Islington,St Peter's & Canalside,2022-05-05,Klute,Martin,Labour Party,1228,True,St Peter's & Canalside,Islington,E05013711,E09000019
Islington,St Peter's & Canalside,2022-05-05,Ludford,Sarah,Liberal Democrats,449,False,St Peter's & Canalside,Islington,E05013711,E09000019
Islington,St Peter's & Canalside,2022-05-05,North,Toby,Labour Party,1175,True,St Peter's & Canalside,Islington,E05013711,E09000019
Islington,St Peter's & Canalside,2022-05-05,Ogunro,Rosaline,Labour Party,1183,True,St Peter's & Canalside,Islington,E05013711,E09000019
Islington,St Peter's & Canalside,2022-05-05,Proudfoot,Wendy,Green Party,366,False,St Peter's & Canalside,Islington,E05013711,E09000019
Islington,St Peter's & Canalside,2022-05-05,Van Der Ham,Sophie,Green Party,353,False,St Peter's & Canalside,Islington,E05013711,E09000019
Islington,St Peter's & Canalside,2022-05-05,Woolley,Caspar,Liberal Democrats,274,False,St Peter's & Canalside,Islington,E05013711,E09000019
Islington,Tollington,2022-05-05,Boater,Ann,Green Party,1064,False,Tollington,Islington,E05013712,E09000019
Islington,Tollington,2022-05-05,Erlichman,Lidia,Liberal Democrats,286,False,Tollington,Islington,E05013712,E09000019
Islington,Tollington,2022-05-05,Gilgunn,Mick,Labour Party,2018,True,Tollington,Islington,E05013712,E09000019
Islington,Tollington,2022-05-05,Gregory,Julian,Liberal Democrats,256,False,Tollington,Islington,E05013712,E09000019
Islington,Tollington,2022-05-05,Khurana,Anjna,Labour Party,2148,True,Tollington,Islington,E05013712,E09000019
Islington,Tollington,2022-05-05,Latimer,Robin,Green Party,710,False,Tollington,Islington,E05013712,E09000019
Islington,Tollington,2022-05-05,McMinnies,Steve,Conservative and Unionist Party,220,False,Tollington,Islington,E05013712,E09000019
Islington,Tollington,2022-05-05,Mhach,Rekha,Conservative and Unionist Party,203,False,Tollington,Islington,E05013712,E09000019
Islington,Tollington,2022-05-05,Nicolov,Jane,Liberal Democrats,234,False,Tollington,Islington,E05013712,E09000019
Islington,Tollington,2022-05-05,O`Halloran,Andrea,Conservative and Unionist Party,214,False,Tollington,Islington,E05013712,E09000019
Islington,Tollington,2022-05-05,Ward,Jonathan,Green Party,767,False,Tollington,Islington,E05013712,E09000019
Islington,Tollington,2022-05-05,Williamson,Flora,Labour Party,2093,True,Tollington,Islington,E05013712,E09000019
Islington,Tufnell Park,2022-05-05,Clarke,Tricia,Labour Party,2002,True,Tufnell Park,Islington,E05013713,E09000019
Islington,Tufnell Park,2022-05-05,Flynn,Tracy,Conservative and Unionist Party,208,False,Tufnell Park,Islington,E05013713,E09000019
Islington,Tufnell Park,2022-05-05,Gill,Satnam,Labour Party,1887,True,Tufnell Park,Islington,E05013713,E09000019
Islington,Tufnell Park,2022-05-05,Gonggrijp,Rod,Green Party,1568,False,Tufnell Park,Islington,E05013713,E09000019
Islington,Tufnell Park,2022-05-05,Koelsch,Axel,Liberal Democrats,187,False,Tufnell Park,Islington,E05013713,E09000019
Islington,Tufnell Park,2022-05-05,Lang,Jonathan,Conservative and Unionist Party,161,False,Tufnell Park,Islington,E05013713,E09000019
Islington,Tufnell Park,2022-05-05,Nott,Jon,Green Party,1393,False,Tufnell Park,Islington,E05013713,E09000019
Islington,Tufnell Park,2022-05-05,Osborne,Devon,Green Party,1604,False,Tufnell Park,Islington,E05013713,E09000019
Islington,Tufnell Park,2022-05-05,Ozdemir,Gulcin,Labour Party,1728,True,Tufnell Park,Islington,E05013713,E09000019
Islington,Tufnell Park,2022-05-05,Redesdale,Rupert,Liberal Democrats,202,False,Tufnell Park,Islington,E05013713,E09000019
Islington,Tufnell Park,2022-05-05,Smith,Caitilin,Conservative and Unionist Party,168,False,Tufnell Park,Islington,E05013713,E09000019
Islington,Tufnell Park,2022-05-05,Wilson,David,Liberal Democrats,201,False,Tufnell Park,Islington,E05013713,E09000019
Kingston upon Thames,Alexandra,2022-05-05,HENSMAN,Lizzie,Labour Party,255,False,Alexandra,Kingston upon Thames,E05013928,E09000021
Kingston upon Thames,Alexandra,2022-05-05,HERLINGER,Peter,Liberal Democrats,991,True,Alexandra,Kingston upon Thames,E05013928,E09000021
Kingston upon Thames,Alexandra,2022-05-05,ILLSLEY,Simon,Conservative Party Candidate,732,False,Alexandra,Kingston upon Thames,E05013928,E09000021
Kingston upon Thames,Alexandra,2022-05-05,"KAY, Des",Des,Green Party,213,False,Alexandra,Kingston upon Thames,E05013928,E09000021
Kingston upon Thames,Alexandra,2022-05-05,LOCK,Alexander,Labour Party,195,False,Alexandra,Kingston upon Thames,E05013928,E09000021
Kingston upon Thames,Alexandra,2022-05-05,MANDERS,Ian,Liberal Democrats,976,True,Alexandra,Kingston upon Thames,E05013928,E09000021
Kingston upon Thames,Alexandra,2022-05-05,ROWE,Andy,Conservative Party Candidate,754,False,Alexandra,Kingston upon Thames,E05013928,E09000021
Kingston upon Thames,Alexandra,2022-05-05,WORLEY,Kate,Green Party,231,False,Alexandra,Kingston upon Thames,E05013928,E09000021
Kingston upon Thames,Berrylands,2022-05-05,ANN,Carole,The Liberal Party,97,False,Berrylands,Kingston upon Thames,E05013929,E09000021
Kingston upon Thames,Berrylands,2022-05-05,BYRNE,Johnnie,Labour Party,279,False,Berrylands,Kingston upon Thames,E05013929,E09000021
Kingston upon Thames,Berrylands,2022-05-05,DAVIES,Jackie,Liberal Democrats,1340,True,Berrylands,Kingston upon Thames,E05013929,E09000021
Kingston upon Thames,Berrylands,2022-05-05,GREEN,Lawrence,Labour Party,245,False,Berrylands,Kingston upon Thames,E05013929,E09000021
Kingston upon Thames,Berrylands,2022-05-05,HARDING,Claire,Conservative Party Candidate,752,False,Berrylands,Kingston upon Thames,E05013929,E09000021
Kingston upon Thames,Berrylands,2022-05-05,RAI,Jagie,Conservative Party Candidate,679,False,Berrylands,Kingston upon Thames,E05013929,E09000021
Kingston upon Thames,Berrylands,2022-05-05,SCHAPER,Anita,Liberal Democrats,1232,True,Berrylands,Kingston upon Thames,E05013929,E09000021
Kingston upon Thames,Berrylands,2022-05-05,SMITH,Philip,Green Party,271,False,Berrylands,Kingston upon Thames,E05013929,E09000021
Kingston upon Thames,Berrylands,2022-05-05,WHITWORTH,Peter,Green Party,188,False,Berrylands,Kingston upon Thames,E05013929,E09000021
Kingston upon Thames,Canbury Gardens,2022-05-05,CAMPBELL,Fiona,Green Party,395,False,Canbury Gardens,Kingston upon Thames,E05013930,E09000021
Kingston upon Thames,Canbury Gardens,2022-05-05,CHOHAN,Bilal,Labour Party,236,False,Canbury Gardens,Kingston upon Thames,E05013930,E09000021
Kingston upon Thames,Canbury Gardens,2022-05-05,HADJIMICHAEL,Noel,Liberal Democrats,1173,True,Canbury Gardens,Kingston upon Thames,E05013930,E09000021
Kingston upon Thames,Canbury Gardens,2022-05-05,MANTHEL,James,Liberal Democrats,1191,True,Canbury Gardens,Kingston upon Thames,E05013930,E09000021
Kingston upon Thames,Canbury Gardens,2022-05-05,NETLEY,Maria,Conservative Party Candidate,767,False,Canbury Gardens,Kingston upon Thames,E05013930,E09000021
Kingston upon Thames,Canbury Gardens,2022-05-05,PIKE,Martin,Conservative Party Candidate,692,False,Canbury Gardens,Kingston upon Thames,E05013930,E09000021
Kingston upon Thames,Canbury Gardens,2022-05-05,PRIEST,Chris,Labour Party,243,False,Canbury Gardens,Kingston upon Thames,E05013930,E09000021
Kingston upon Thames,Canbury Gardens,2022-05-05,"SAWYER, Linda",Linda,Green Party,262,False,Canbury Gardens,Kingston upon Thames,E05013930,E09000021
Kingston upon Thames,Chessington South & Malden Rushett,2022-05-05,AZIZ,Bushra,Conservative Party Candidate,869,False,Chessington South & Malden Rushett,Kingston upon Thames,E05013931,E09000021
Kingston upon Thames,Chessington South & Malden Rushett,2022-05-05,BRUNSKILL,Director,Monster Raving Loony Party,90,False,Chessington South & Malden Rushett,Kingston upon Thames,E05013931,E09000021
Kingston upon Thames,Chessington South & Malden Rushett,2022-05-05,CHINNERS,A.Gent,Monster Raving Loony Party,61,False,Chessington South & Malden Rushett,Kingston upon Thames,E05013931,E09000021
Kingston upon Thames,Chessington South & Malden Rushett,2022-05-05,COILEY,Captain,Monster Raving Loony Party,47,False,Chessington South & Malden Rushett,Kingston upon Thames,E05013931,E09000021
Kingston upon Thames,Chessington South & Malden Rushett,2022-05-05,FREEDMAN,Maxwell,Labour Party,339,False,Chessington South & Malden Rushett,Kingston upon Thames,E05013931,E09000021
Kingston upon Thames,Chessington South & Malden Rushett,2022-05-05,KEOGH,Clare,Labour Party,349,False,Chessington South & Malden Rushett,Kingston upon Thames,E05013931,E09000021
Kingston upon Thames,Chessington South & Malden Rushett,2022-05-05,KIRSCH,Andreas,Liberal Democrats,1453,True,Chessington South & Malden Rushett,Kingston upon Thames,E05013931,E09000021
Kingston upon Thames,Chessington South & Malden Rushett,2022-05-05,KIRSCH,Griseldis,Liberal Democrats,1335,True,Chessington South & Malden Rushett,Kingston upon Thames,E05013931,E09000021
Kingston upon Thames,Chessington South & Malden Rushett,2022-05-05,LUCKY GUV,Joe,Monster Raving Loony Party,65,False,Chessington South & Malden Rushett,Kingston upon Thames,E05013931,E09000021
Kingston upon Thames,Chessington South & Malden Rushett,2022-05-05,"MIRZA,",Sharukh,Liberal Democrats,1353,True,Chessington South & Malden Rushett,Kingston upon Thames,E05013931,E09000021
Kingston upon Thames,Chessington South & Malden Rushett,2022-05-05,NELSON,Alexander,Labour Party,292,False,Chessington South & Malden Rushett,Kingston upon Thames,E05013931,E09000021
Kingston upon Thames,Chessington South & Malden Rushett,2022-05-05,TOWNER,Sue,Conservative Party Candidate,1087,False,Chessington South & Malden Rushett,Kingston upon Thames,E05013931,E09000021
Kingston upon Thames,Chessington South & Malden Rushett,2022-05-05,WOODS,Harry,Conservative Party Candidate,997,False,Chessington South & Malden Rushett,Kingston upon Thames,E05013931,E09000021
Kingston upon Thames,Coombe Hill,2022-05-05,BAILEY,Kim,Liberal Democrats,678,False,Coombe Hill,Kingston upon Thames,E05013932,E09000021
Kingston upon Thames,Coombe Hill,2022-05-05,BASS,Rowena,Conservative Party Candidate,960,True,Coombe Hill,Kingston upon Thames,E05013932,E09000021
Kingston upon Thames,Coombe Hill,2022-05-05,COOPER,Dave,Labour Party,240,False,Coombe Hill,Kingston upon Thames,E05013932,E09000021
Kingston upon Thames,Coombe Hill,2022-05-05,GEORGE,Ian,Conservative Party Candidate,875,True,Coombe Hill,Kingston upon Thames,E05013932,E09000021
Kingston upon Thames,Coombe Hill,2022-05-05,GILES,Kerry,Kingston Independent Residents Group - Demanding Better,154,False,Coombe Hill,Kingston upon Thames,E05013932,E09000021
Kingston upon Thames,Coombe Hill,2022-05-05,KING,Adrian,Kingston Independent Residents Group - Demanding Better,139,False,Coombe Hill,Kingston upon Thames,E05013932,E09000021
Kingston upon Thames,Coombe Hill,2022-05-05,MURRAY,Anthony,Labour Party,199,False,Coombe Hill,Kingston upon Thames,E05013932,E09000021
Kingston upon Thames,Coombe Hill,2022-05-05,PETHERS,Jason,Liberal Democrats,587,False,Coombe Hill,Kingston upon Thames,E05013932,E09000021
Kingston upon Thames,Coombe Vale,2022-05-05,ADAMS,Cathy,Conservative Party Candidate,1213,False,Coombe Vale,Kingston upon Thames,E05013933,E09000021
Kingston upon Thames,Coombe Vale,2022-05-05,ARORA,Roy,Conservative Party Candidate,1163,False,Coombe Vale,Kingston upon Thames,E05013933,E09000021
Kingston upon Thames,Coombe Vale,2022-05-05,BOLTON,Andrew,Liberal Democrats,1624,True,Coombe Vale,Kingston upon Thames,E05013933,E09000021
Kingston upon Thames,Coombe Vale,2022-05-05,GILES,David,Kingston Independent Residents Group - Malden Matters,504,False,Coombe Vale,Kingston upon Thames,E05013933,E09000021
Kingston upon Thames,Coombe Vale,2022-05-05,GRANT,John,Green Party,675,False,Coombe Vale,Kingston upon Thames,E05013933,E09000021
Kingston upon Thames,Coombe Vale,2022-05-05,KUGAN,Kamala,Liberal Democrats,1612,True,Coombe Vale,Kingston upon Thames,E05013933,E09000021
Kingston upon Thames,Coombe Vale,2022-05-05,LATIF,Itret,Conservative Party Candidate,955,False,Coombe Vale,Kingston upon Thames,E05013933,E09000021
Kingston upon Thames,Coombe Vale,2022-05-05,MEERABEAU,Liz,Labour Party,532,False,Coombe Vale,Kingston upon Thames,E05013933,E09000021
Kingston upon Thames,Coombe Vale,2022-05-05,PARKER,Ian,Labour Party,431,False,Coombe Vale,Kingston upon Thames,E05013933,E09000021
Kingston upon Thames,Coombe Vale,2022-05-05,SILLETT,Andrew,Liberal Democrats,1475,True,Coombe Vale,Kingston upon Thames,E05013933,E09000021
Kingston upon Thames,Coombe Vale,2022-05-05,THOMAS,Gareth,Labour Party,379,False,Coombe Vale,Kingston upon Thames,E05013933,E09000021
Kingston upon Thames,Green Lane & St James,2022-05-05,COBBETT,Tim,Liberal Democrats,888,True,Green Lane & St James,Kingston upon Thames,E05013934,E09000021
Kingston upon Thames,Green Lane & St James,2022-05-05,CONDRY,David,Conservative Party Candidate,288,False,Green Lane & St James,Kingston upon Thames,E05013934,E09000021
Kingston upon Thames,Green Lane & St James,2022-05-05,EDWARDS,Simon,Liberal Democrats,845,False,Green Lane & St James,Kingston upon Thames,E05013934,E09000021
Kingston upon Thames,Green Lane & St James,2022-05-05,GILES,James,Kingston Independent Residents Group - Malden Matters,853,True,Green Lane & St James,Kingston upon Thames,E05013934,E09000021
Kingston upon Thames,Green Lane & St James,2022-05-05,JONES,Gerry,Labour Party,253,False,Green Lane & St James,Kingston upon Thames,E05013934,E09000021
Kingston upon Thames,Green Lane & St James,2022-05-05,QURESHI,Suniya,Conservative Party Candidate,240,False,Green Lane & St James,Kingston upon Thames,E05013934,E09000021
Kingston upon Thames,Green Lane & St James,2022-05-05,SEE,Gary,Labour Party,216,False,Green Lane & St James,Kingston upon Thames,E05013934,E09000021
Kingston upon Thames,Green Lane & St James,2022-05-05,TRACEY,Yvonne,Kingston Independent Residents Group - Malden Matters,757,False,Green Lane & St James,Kingston upon Thames,E05013934,E09000021
Kingston upon Thames,Hook & Chessington North,2022-05-05,AFILAKA,Afy,Liberal Democrats,1566,True,Hook & Chessington North,Kingston upon Thames,E05013935,E09000021
Kingston upon Thames,Hook & Chessington North,2022-05-05,ANSARI,Sue,Liberal Democrats,1627,True,Hook & Chessington North,Kingston upon Thames,E05013935,E09000021
Kingston upon Thames,Hook & Chessington North,2022-05-05,ARCHER,Steph,Liberal Democrats,1750,True,Hook & Chessington North,Kingston upon Thames,E05013935,E09000021
Kingston upon Thames,Hook & Chessington North,2022-05-05,BORG-DARCY,Gia,Conservative Party Candidate,908,False,Hook & Chessington North,Kingston upon Thames,E05013935,E09000021
Kingston upon Thames,Hook & Chessington North,2022-05-05,CHOHAN,Romana,Conservative Party Candidate,874,False,Hook & Chessington North,Kingston upon Thames,E05013935,E09000021
Kingston upon Thames,Hook & Chessington North,2022-05-05,CRAMPS,Colnel,Monster Raving Loony Party,90,False,Hook & Chessington North,Kingston upon Thames,E05013935,E09000021
Kingston upon Thames,Hook & Chessington North,2022-05-05,DAVE,Lady,Monster Raving Loony Party,121,False,Hook & Chessington North,Kingston upon Thames,E05013935,E09000021
Kingston upon Thames,Hook & Chessington North,2022-05-05,MITCHELL,Paul,Labour Party,447,False,Hook & Chessington North,Kingston upon Thames,E05013935,E09000021
Kingston upon Thames,Hook & Chessington North,2022-05-05,SIMMONS,Clive,Labour Party,423,False,Hook & Chessington North,Kingston upon Thames,E05013935,E09000021
Kingston upon Thames,Hook & Chessington North,2022-05-05,STANNARD,Adam,Conservative Party Candidate,909,False,Hook & Chessington North,Kingston upon Thames,E05013935,E09000021
Kingston upon Thames,Hook & Chessington North,2022-05-05,THOMPSON,Christine,Labour Party,472,False,Hook & Chessington North,Kingston upon Thames,E05013935,E09000021
Kingston upon Thames,King George's & Sunray,2022-05-05,BEYNON,Mark,Liberal Democrats,813,True,King George's & Sunray,Kingston upon Thames,E05013936,E09000021
Kingston upon Thames,King George's & Sunray,2022-05-05,CHERRY,Stephen,Conservative Party Candidate,566,False,King George's & Sunray,Kingston upon Thames,E05013936,E09000021
Kingston upon Thames,King George's & Sunray,2022-05-05,DRAPER,Nicholas,Labour Party,272,False,King George's & Sunray,Kingston upon Thames,E05013936,E09000021
Kingston upon Thames,King George's & Sunray,2022-05-05,GROCOTT,Helen,Liberal Democrats,784,True,King George's & Sunray,Kingston upon Thames,E05013936,E09000021
Kingston upon Thames,King George's & Sunray,2022-05-05,JOHNS-PERRING,Claire,Labour Party,269,False,King George's & Sunray,Kingston upon Thames,E05013936,E09000021
Kingston upon Thames,King George's & Sunray,2022-05-05,McKENDRICK,Mihaela,Conservative Party Candidate,536,False,King George's & Sunray,Kingston upon Thames,E05013936,E09000021
Kingston upon Thames,Kingston Gate,2022-05-05,BIBI,Jamila,Conservative Party Candidate,650,False,Kingston Gate,Kingston upon Thames,E05013937,E09000021
Kingston upon Thames,Kingston Gate,2022-05-05,BICKERSTAFF,Andy,Conservative Party Candidate,771,False,Kingston Gate,Kingston upon Thames,E05013937,E09000021
Kingston upon Thames,Kingston Gate,2022-05-05,CALLAGHAN,George,Conservative Party Candidate,723,False,Kingston Gate,Kingston upon Thames,E05013937,E09000021
Kingston upon Thames,Kingston Gate,2022-05-05,CHILD,Jennifer,Green Party,606,False,Kingston Gate,Kingston upon Thames,E05013937,E09000021
Kingston upon Thames,Kingston Gate,2022-05-05,GOMEZ-RUSSELL,Alison,Green Party,373,False,Kingston Gate,Kingston upon Thames,E05013937,E09000021
Kingston upon Thames,Kingston Gate,2022-05-05,HAMED,Sabah,Liberal Democrats,1504,True,Kingston Gate,Kingston upon Thames,E05013937,E09000021
Kingston upon Thames,Kingston Gate,2022-05-05,HINTON,Helen,Kingston Independent Residents Group - Kingston Matters,596,False,Kingston Gate,Kingston upon Thames,E05013937,E09000021
Kingston upon Thames,Kingston Gate,2022-05-05,LEATHER,James,Labour Party,381,False,Kingston Gate,Kingston upon Thames,E05013937,E09000021
Kingston upon Thames,Kingston Gate,2022-05-05,OWEN,Anne,Liberal Democrats,1614,True,Kingston Gate,Kingston upon Thames,E05013937,E09000021
Kingston upon Thames,Kingston Gate,2022-05-05,RICHARDSON,Sally,Labour Party,412,False,Kingston Gate,Kingston upon Thames,E05013937,E09000021
Kingston upon Thames,Kingston Gate,2022-05-05,SADR-HASHEMI,Farshid,Liberal Democrats,1315,True,Kingston Gate,Kingston upon Thames,E05013937,E09000021
Kingston upon Thames,Kingston Gate,2022-05-05,SHAH,Caroline,Independent,213,False,Kingston Gate,Kingston upon Thames,E05013937,E09000021
Kingston upon Thames,Kingston Gate,2022-05-05,VENEIK,Deepa,Kingston Independent Residents Group - Kingston Matters,442,False,Kingston Gate,Kingston upon Thames,E05013937,E09000021
Kingston upon Thames,Kingston Gate,2022-05-05,WRIGHT,Paul,Green Party,309,False,Kingston Gate,Kingston upon Thames,E05013937,E09000021
Kingston upon Thames,Kingston Gate,2022-05-05,ZHANG-BORGES,Ashley,Labour Party,290,False,Kingston Gate,Kingston upon Thames,E05013937,E09000021
Kingston upon Thames,Kingston Town,2022-05-05,BAMFORD,Charles,Labour Party,556,False,Kingston Town,Kingston upon Thames,E05013938,E09000021
Kingston upon Thames,Kingston Town,2022-05-05,BRILLEY,Jamie,Green Party,293,False,Kingston Town,Kingston upon Thames,E05013938,E09000021
Kingston upon Thames,Kingston Town,2022-05-05,COLEMAN,Kezia,Labour Party,625,False,Kingston Town,Kingston upon Thames,E05013938,E09000021
Kingston upon Thames,Kingston Town,2022-05-05,DOYLE,Phil,Kingston Independent Residents Group - Kingston Matters,281,False,Kingston Town,Kingston upon Thames,E05013938,E09000021
Kingston upon Thames,Kingston Town,2022-05-05,ELLIS,Martin,Labour Party,480,False,Kingston Town,Kingston upon Thames,E05013938,E09000021
Kingston upon Thames,Kingston Town,2022-05-05,HAYES,Roger,Liberal Democrats,1243,True,Kingston Town,Kingston upon Thames,E05013938,E09000021
Kingston upon Thames,Kingston Town,2022-05-05,HINTON,Georgina,Kingston Independent Residents Group - Kingston Matters,294,False,Kingston Town,Kingston upon Thames,E05013938,E09000021
Kingston upon Thames,Kingston Town,2022-05-05,JOHNSON,Fiona,Green Party,370,False,Kingston Town,Kingston upon Thames,E05013938,E09000021
Kingston upon Thames,Kingston Town,2022-05-05,JOHNSON,John,Green Party,185,False,Kingston Town,Kingston upon Thames,E05013938,E09000021
Kingston upon Thames,Kingston Town,2022-05-05,KENT,Steve,Conservative Party Candidate,501,False,Kingston Town,Kingston upon Thames,E05013938,E09000021
Kingston upon Thames,Kingston Town,2022-05-05,NARDELLI,Nicola,Liberal Democrats,1243,True,Kingston Town,Kingston upon Thames,E05013938,E09000021
Kingston upon Thames,Kingston Town,2022-05-05,PATON,Richard,Conservative Party Candidate,485,False,Kingston Town,Kingston upon Thames,E05013938,E09000021
Kingston upon Thames,Kingston Town,2022-05-05,SUCKLING,Colin,Conservative Party Candidate,436,False,Kingston Town,Kingston upon Thames,E05013938,E09000021
Kingston upon Thames,Kingston Town,2022-05-05,SWEENEY,John,Liberal Democrats,1104,True,Kingston Town,Kingston upon Thames,E05013938,E09000021
Kingston upon Thames,Kingston Town,2022-05-05,TYLER,Bob,Kingston Independent Residents Group - Kingston Matters,284,False,Kingston Town,Kingston upon Thames,E05013938,E09000021
Kingston upon Thames,Motspur Park & Old Malden East,2022-05-05,CAMPBELL,Alice,Labour Party,352,False,Motspur Park & Old Malden East,Kingston upon Thames,E05013939,E09000021
Kingston upon Thames,Motspur Park & Old Malden East,2022-05-05,HENDERSON,Lynn,Liberal Democrats,1132,True,Motspur Park & Old Malden East,Kingston upon Thames,E05013939,E09000021
Kingston upon Thames,Motspur Park & Old Malden East,2022-05-05,NEWTON,Stuart,Green Party,222,False,Motspur Park & Old Malden East,Kingston upon Thames,E05013939,E09000021
Kingston upon Thames,Motspur Park & Old Malden East,2022-05-05,PATON,Terry,Conservative Party Candidate,906,False,Motspur Park & Old Malden East,Kingston upon Thames,E05013939,E09000021
Kingston upon Thames,Motspur Park & Old Malden East,2022-05-05,RASOOL,Amina,Labour Party,259,False,Motspur Park & Old Malden East,Kingston upon Thames,E05013939,E09000021
Kingston upon Thames,Motspur Park & Old Malden East,2022-05-05,SMITH,Rob,Conservative Party Candidate,822,False,Motspur Park & Old Malden East,Kingston upon Thames,E05013939,E09000021
Kingston upon Thames,Motspur Park & Old Malden East,2022-05-05,THORPE,Richard,Liberal Democrats,1009,True,Motspur Park & Old Malden East,Kingston upon Thames,E05013939,E09000021
Kingston upon Thames,New Malden Village,2022-05-05,BEDFORTH,Paul,Conservative Party Candidate,467,False,New Malden Village,Kingston upon Thames,E05013940,E09000021
Kingston upon Thames,New Malden Village,2022-05-05,CASEY,Sean,Labour Party,429,False,New Malden Village,Kingston upon Thames,E05013940,E09000021
Kingston upon Thames,New Malden Village,2022-05-05,COCKLE,Philip,Conservative Party Candidate,372,False,New Malden Village,Kingston upon Thames,E05013940,E09000021
Kingston upon Thames,New Malden Village,2022-05-05,DOBSON,Pat,Labour Party,436,False,New Malden Village,Kingston upon Thames,E05013940,E09000021
Kingston upon Thames,New Malden Village,2022-05-05,DUNKLING,Stephen,Labour Party,374,False,New Malden Village,Kingston upon Thames,E05013940,E09000021
Kingston upon Thames,New Malden Village,2022-05-05,DURRANT,Mark,Liberal Democrats,1217,True,New Malden Village,Kingston upon Thames,E05013940,E09000021
Kingston upon Thames,New Malden Village,2022-05-05,HEAP,Lesley,Liberal Democrats,1182,True,New Malden Village,Kingston upon Thames,E05013940,E09000021
Kingston upon Thames,New Malden Village,2022-05-05,HEBBORN,Richard,Kingston Independent Residents Group - Malden Matters,724,False,New Malden Village,Kingston upon Thames,E05013940,E09000021
Kingston upon Thames,New Malden Village,2022-05-05,HINDOSH,Saad,Conservative Party Candidate,327,False,New Malden Village,Kingston upon Thames,E05013940,E09000021
Kingston upon Thames,New Malden Village,2022-05-05,HOWARD,Lucy,Green Party,857,False,New Malden Village,Kingston upon Thames,E05013940,E09000021
Kingston upon Thames,New Malden Village,2022-05-05,KIM,Dongsung,Liberal Democrats,1184,True,New Malden Village,Kingston upon Thames,E05013940,E09000021
Kingston upon Thames,New Malden Village,2022-05-05,TRACEY,Marc,Kingston Independent Residents Group - Malden Matters,703,False,New Malden Village,Kingston upon Thames,E05013940,E09000021
Kingston upon Thames,Norbiton,2022-05-05,BEEKOO,Sandira,Conservative Party Candidate,348,False,Norbiton,Kingston upon Thames,E05013941,E09000021
Kingston upon Thames,Norbiton,2022-05-05,BENEDETTI,Marcela,Labour Party,904,False,Norbiton,Kingston upon Thames,E05013941,E09000021
Kingston upon Thames,Norbiton,2022-05-05,BENN-AMIR,Alex,Labour Party,719,False,Norbiton,Kingston upon Thames,E05013941,E09000021
Kingston upon Thames,Norbiton,2022-05-05,DAVEY,Emily,Liberal Democrats,1541,True,Norbiton,Kingston upon Thames,E05013941,E09000021
Kingston upon Thames,Norbiton,2022-05-05,GRAY,Charlotte,Conservative Party Candidate,375,False,Norbiton,Kingston upon Thames,E05013941,E09000021
Kingston upon Thames,Norbiton,2022-05-05,HALL,Martin,Green Party,239,False,Norbiton,Kingston upon Thames,E05013941,E09000021
Kingston upon Thames,Norbiton,2022-05-05,JENNER,Valerie,Kingston Independent Residents - Save the Kingfisher!,197,False,Norbiton,Kingston upon Thames,E05013941,E09000021
Kingston upon Thames,Norbiton,2022-05-05,REDMAN,Charlie,Green Party,225,False,Norbiton,Kingston upon Thames,E05013941,E09000021
Kingston upon Thames,Norbiton,2022-05-05,ROBINSON,Tony,Green Party,163,False,Norbiton,Kingston upon Thames,E05013941,E09000021
Kingston upon Thames,Norbiton,2022-05-05,SKIPWITH,Susan,Liberal Democrats,1258,True,Norbiton,Kingston upon Thames,E05013941,E09000021
Kingston upon Thames,Norbiton,2022-05-05,SOUTH,Laurie,Labour Party,712,False,Norbiton,Kingston upon Thames,E05013941,E09000021
Kingston upon Thames,Norbiton,2022-05-05,WEHRING,Olly,Liberal Democrats,1495,True,Norbiton,Kingston upon Thames,E05013941,E09000021
Kingston upon Thames,Norbiton,2022-05-05,WILLIAMS,Alexander,Conservative Party Candidate,366,False,Norbiton,Kingston upon Thames,E05013941,E09000021
Kingston upon Thames,Old Malden,2022-05-05,BOLLINS,Grace,Labour Party,263,False,Old Malden,Kingston upon Thames,E05013942,E09000021
Kingston upon Thames,Old Malden,2022-05-05,DAVIS,Kevin,Conservative Party Candidate,880,False,Old Malden,Kingston upon Thames,E05013942,E09000021
Kingston upon Thames,Old Malden,2022-05-05,FRANCIS,Emma,Labour Party,244,False,Old Malden,Kingston upon Thames,E05013942,E09000021
Kingston upon Thames,Old Malden,2022-05-05,HOWARD,Pauline,Green Party,175,False,Old Malden,Kingston upon Thames,E05013942,E09000021
Kingston upon Thames,Old Malden,2022-05-05,HUGHES,Jason,Conservative Party Candidate,802,False,Old Malden,Kingston upon Thames,E05013942,E09000021
Kingston upon Thames,Old Malden,2022-05-05,MASSIMI,Mike,Liberal Democrats,1093,True,Old Malden,Kingston upon Thames,E05013942,E09000021
Kingston upon Thames,Old Malden,2022-05-05,PARK,Elizabeth,Liberal Democrats,1162,True,Old Malden,Kingston upon Thames,E05013942,E09000021
Kingston upon Thames,St Mark's & Seething Wells,2022-05-05,BAMFORD-HURRELL,Naomi,Labour Party,463,False,St Mark's & Seething Wells,Kingston upon Thames,E05013943,E09000021
Kingston upon Thames,St Mark's & Seething Wells,2022-05-05,BOLLINS,Conor,Labour Party,349,False,St Mark's & Seething Wells,Kingston upon Thames,E05013943,E09000021
Kingston upon Thames,St Mark's & Seething Wells,2022-05-05,DAVIS,Caneron,Conservative Party Candidate,526,False,St Mark's & Seething Wells,Kingston upon Thames,E05013943,E09000021
Kingston upon Thames,St Mark's & Seething Wells,2022-05-05,DEACON,Charlie,Labour Party,360,False,St Mark's & Seething Wells,Kingston upon Thames,E05013943,E09000021
Kingston upon Thames,St Mark's & Seething Wells,2022-05-05,GREEN,Elizabeth,Liberal Democrats,1830,True,St Mark's & Seething Wells,Kingston upon Thames,E05013943,E09000021
Kingston upon Thames,St Mark's & Seething Wells,2022-05-05,JONES,Leslie,Kingston Independent Residents Group (KIRG),210,False,St Mark's & Seething Wells,Kingston upon Thames,E05013943,E09000021
Kingston upon Thames,St Mark's & Seething Wells,2022-05-05,KWISTHOUT,Hurbert,Green Party,925,False,St Mark's & Seething Wells,Kingston upon Thames,E05013943,E09000021
Kingston upon Thames,St Mark's & Seething Wells,2022-05-05,OLSZEWSKI,Deborah,Womens Equality Party,212,False,St Mark's & Seething Wells,Kingston upon Thames,E05013943,E09000021
Kingston upon Thames,St Mark's & Seething Wells,2022-05-05,PATON,Calum,Conservative Party Candidate,472,False,St Mark's & Seething Wells,Kingston upon Thames,E05013943,E09000021
Kingston upon Thames,St Mark's & Seething Wells,2022-05-05,SHABEER,Tariq,Green Party,992,False,St Mark's & Seething Wells,Kingston upon Thames,E05013943,E09000021
Kingston upon Thames,St Mark's & Seething Wells,2022-05-05,SUMNER,Sharron,Green Party,1351,False,St Mark's & Seething Wells,Kingston upon Thames,E05013943,E09000021
Kingston upon Thames,St Mark's & Seething Wells,2022-05-05,WHITE,Diane,Liberal Democrats,1726,True,St Mark's & Seething Wells,Kingston upon Thames,E05013943,E09000021
Kingston upon Thames,St Mark's & Seething Wells,2022-05-05,WILSON,Ian,Conservative Party Candidate,467,False,St Mark's & Seething Wells,Kingston upon Thames,E05013943,E09000021
Kingston upon Thames,St Mark's & Seething Wells,2022-05-05,YOGANATHAN,Yogan,Liberal Democrats,1669,True,St Mark's & Seething Wells,Kingston upon Thames,E05013943,E09000021
Kingston upon Thames,Surbiton Hill,2022-05-05,AYRE,Simon,Labour Party,382,False,Surbiton Hill,Kingston upon Thames,E05013944,E09000021
Kingston upon Thames,Surbiton Hill,2022-05-05,BOWIS,Caroline,Conservative Party Candidate,679,False,Surbiton Hill,Kingston upon Thames,E05013944,E09000021
Kingston upon Thames,Surbiton Hill,2022-05-05,BURLINGSBY,Anna,Green Party,370,False,Surbiton Hill,Kingston upon Thames,E05013944,E09000021
Kingston upon Thames,Surbiton Hill,2022-05-05,BURLINGSBY,Claire,Green Party,310,False,Surbiton Hill,Kingston upon Thames,E05013944,E09000021
Kingston upon Thames,Surbiton Hill,2022-05-05,COLEGATE,Glen,Kingston Independent Residents Group - Demanding Better,285,False,Surbiton Hill,Kingston upon Thames,E05013944,E09000021
Kingston upon Thames,Surbiton Hill,2022-05-05,FARIAN,Greta,Labour Party,338,False,Surbiton Hill,Kingston upon Thames,E05013944,E09000021
Kingston upon Thames,Surbiton Hill,2022-05-05,GOODACRE,Patrick,Green Party,291,False,Surbiton Hill,Kingston upon Thames,E05013944,E09000021
Kingston upon Thames,Surbiton Hill,2022-05-05,HOLT,Alison,Liberal Democrats,1810,True,Surbiton Hill,Kingston upon Thames,E05013944,E09000021
Kingston upon Thames,Surbiton Hill,2022-05-05,HUDSON,Richard,Conservative Party Candidate,535,False,Surbiton Hill,Kingston upon Thames,E05013944,E09000021
Kingston upon Thames,Surbiton Hill,2022-05-05,INNES,Andrew,Conservative Party Candidate,642,False,Surbiton Hill,Kingston upon Thames,E05013944,E09000021
Kingston upon Thames,Surbiton Hill,2022-05-05,KHAN,Amir,Liberal Democrats,1596,True,Surbiton Hill,Kingston upon Thames,E05013944,E09000021
Kingston upon Thames,Surbiton Hill,2022-05-05,RAJPUT,Mo,Kingston Independent Residents Group - Demanding Better,181,False,Surbiton Hill,Kingston upon Thames,E05013944,E09000021
Kingston upon Thames,Surbiton Hill,2022-05-05,REEVE,Tom,Liberal Democrats,1629,True,Surbiton Hill,Kingston upon Thames,E05013944,E09000021
Kingston upon Thames,Surbiton Hill,2022-05-05,SMITHERS,Hayley,Kingston Independent Residents Group - Demanding Better,225,False,Surbiton Hill,Kingston upon Thames,E05013944,E09000021
Kingston upon Thames,Surbiton Hill,2022-05-05,WAY,Rebecca,Labour Party,333,False,Surbiton Hill,Kingston upon Thames,E05013944,E09000021
Kingston upon Thames,Tolworth,2022-05-05,BANKS,Anthony,Labour Party,592,False,Tolworth,Kingston upon Thames,E05013945,E09000021
Kingston upon Thames,Tolworth,2022-05-05,BEDALE,Julian,Conservative Party Candidate,571,False,Tolworth,Kingston upon Thames,E05013945,E09000021
Kingston upon Thames,Tolworth,2022-05-05,DAVIS,Jemima,Conservative Party Candidate,608,False,Tolworth,Kingston upon Thames,E05013945,E09000021
Kingston upon Thames,Tolworth,2022-05-05,FOOTE,Kelv,Kingston Independent Residents Group - Demanding Better,392,False,Tolworth,Kingston upon Thames,E05013945,E09000021
Kingston upon Thames,Tolworth,2022-05-05,GONCALVES,Mariana,Liberal Democrats,2047,True,Tolworth,Kingston upon Thames,E05013945,E09000021
Kingston upon Thames,Tolworth,2022-05-05,KERKHAM,Benjamin,Labour Party,479,False,Tolworth,Kingston upon Thames,E05013945,E09000021
Kingston upon Thames,Tolworth,2022-05-05,KOLLUGURI,Praveen,Labour Party,484,False,Tolworth,Kingston upon Thames,E05013945,E09000021
Kingston upon Thames,Tolworth,2022-05-05,TANIA,Amia,Conservative Party Candidate,475,False,Tolworth,Kingston upon Thames,E05013945,E09000021
Kingston upon Thames,Tolworth,2022-05-05,THAYALAN,Thay,Liberal Democrats,1998,True,Tolworth,Kingston upon Thames,E05013945,E09000021
Kingston upon Thames,Tolworth,2022-05-05,WOOLDRIDGE,Andrew,Liberal Democrats,2002,True,Tolworth,Kingston upon Thames,E05013945,E09000021
Kingston upon Thames,Tudor,2022-05-05,CHOHAN,Jamal,Conservative Party Candidate,1167,True,Tudor,Kingston upon Thames,E05013946,E09000021
Kingston upon Thames,Tudor,2022-05-05,GARLAND,Mark,Labour Party,234,False,Tudor,Kingston upon Thames,E05013946,E09000021
Kingston upon Thames,Tudor,2022-05-05,HALL,Patrick,Liberal Democrats,1321,True,Tudor,Kingston upon Thames,E05013946,E09000021
Kingston upon Thames,Tudor,2022-05-05,HORGAN,David,Green Party,387,False,Tudor,Kingston upon Thames,E05013946,E09000021
Kingston upon Thames,Tudor,2022-05-05,MALLET,Ben,Conservative Party Candidate,1153,False,Tudor,Kingston upon Thames,E05013946,E09000021
Kingston upon Thames,Tudor,2022-05-05,SMITH,Jack,Liberal Democrats,1098,False,Tudor,Kingston upon Thames,E05013946,E09000021
Kingston upon Thames,Tudor,2022-05-05,WINGATE,Frank,Labour Party,206,False,Tudor,Kingston upon Thames,E05013946,E09000021
Lambeth,Brixton Acre Lane,2022-05-05,Babalola,Abidemi,Conservative Party Candidate,339,False,Brixton Acre Lane,Lambeth,E05014095,E09000022
Lambeth,Brixton Acre Lane,2022-05-05,Baker,Janet,Women`s Equality Party,365,False,Brixton Acre Lane,Lambeth,E05014095,E09000022
Lambeth,Brixton Acre Lane,2022-05-05,Barznji,Sarbaz,Labour and Co-operative Party,1747,True,Brixton Acre Lane,Lambeth,E05014095,E09000022
Lambeth,Brixton Acre Lane,2022-05-05,Bridson,David,Labour and Co-operative Party,1751,True,Brixton Acre Lane,Lambeth,E05014095,E09000022
Lambeth,Brixton Acre Lane,2022-05-05,Cosgrave,Shirley,Conservative Party Candidate,346,False,Brixton Acre Lane,Lambeth,E05014095,E09000022
Lambeth,Brixton Acre Lane,2022-05-05,De Maynard,Vernon,Conservative Party Candidate,322,False,Brixton Acre Lane,Lambeth,E05014095,E09000022
Lambeth,Brixton Acre Lane,2022-05-05,Eaves,William,The Green Party,568,False,Brixton Acre Lane,Lambeth,E05014095,E09000022
Lambeth,Brixton Acre Lane,2022-05-05,Glass,Heather,Liberal Democrats,327,False,Brixton Acre Lane,Lambeth,E05014095,E09000022
Lambeth,Brixton Acre Lane,2022-05-05,Jenkins,Charles,Liberal Democrats,234,False,Brixton Acre Lane,Lambeth,E05014095,E09000022
Lambeth,Brixton Acre Lane,2022-05-05,Kay,Maria,Labour and Co-operative Party,1812,True,Brixton Acre Lane,Lambeth,E05014095,E09000022
Lambeth,Brixton Acre Lane,2022-05-05,Martin,Katy,The Green Party,805,False,Brixton Acre Lane,Lambeth,E05014095,E09000022
Lambeth,Brixton Acre Lane,2022-05-05,Pycroft,Joanna,Liberal Democrats,251,False,Brixton Acre Lane,Lambeth,E05014095,E09000022
Lambeth,Brixton Acre Lane,2022-05-05,Rad,Dan,The Green Party,510,False,Brixton Acre Lane,Lambeth,E05014095,E09000022
Lambeth,Brixton Acre Lane,2022-05-05,Sharieff,Theo,Trade Unionist and Socialist Coalition,78,False,Brixton Acre Lane,Lambeth,E05014095,E09000022
Lambeth,Brixton North,2022-05-05,Brown,Nadine,The Green Party,695,False,Brixton North,Lambeth,E05014096,E09000022
Lambeth,Brixton North,2022-05-05,Bryan,James,Labour and Co-operative Party,1813,True,Brixton North,Lambeth,E05014096,E09000022
Lambeth,Brixton North,2022-05-05,Button,Charlie,The Green Party,531,False,Brixton North,Lambeth,E05014096,E09000022
Lambeth,Brixton North,2022-05-05,Ellery,Frederick,Conservative Party Candidate,220,False,Brixton North,Lambeth,E05014096,E09000022
Lambeth,Brixton North,2022-05-05,Ennis,John-Paul,Labour and Co-operative Party,1709,True,Brixton North,Lambeth,E05014096,E09000022
Lambeth,Brixton North,2022-05-05,Hasted,Poppy,Liberal Democrats,213,False,Brixton North,Lambeth,E05014096,E09000022
Lambeth,Brixton North,2022-05-05,Leach,Lewis,Conservative Party Candidate,203,False,Brixton North,Lambeth,E05014096,E09000022
Lambeth,Brixton North,2022-05-05,Manley-Browne,Nanda,Labour and Co-operative Party,1855,True,Brixton North,Lambeth,E05014096,E09000022
Lambeth,Brixton North,2022-05-05,Sheppeck,Neil,The Green Party,469,False,Brixton North,Lambeth,E05014096,E09000022
Lambeth,Brixton North,2022-05-05,Sloggett,Katherine,Conservative Party Candidate,212,False,Brixton North,Lambeth,E05014096,E09000022
Lambeth,Brixton North,2022-05-05,Tang,Jing,Liberal Democrats,197,False,Brixton North,Lambeth,E05014096,E09000022
Lambeth,Brixton North,2022-05-05,Tedder,Ian,Liberal Democrats,136,False,Brixton North,Lambeth,E05014096,E09000022
Lambeth,Brixton Rush Common,2022-05-05,Alsalmi,Abbi,Liberal Democrats,285,False,Brixton Rush Common,Lambeth,E05014097,E09000022
Lambeth,Brixton Rush Common,2022-05-05,Austin,Ben,Liberal Democrats,278,False,Brixton Rush Common,Lambeth,E05014097,E09000022
Lambeth,Brixton Rush Common,2022-05-05,Cameron,Marcia,Labour Party,2070,True,Brixton Rush Common,Lambeth,E05014097,E09000022
Lambeth,Brixton Rush Common,2022-05-05,Dean,Zana,The Green Party,928,False,Brixton Rush Common,Lambeth,E05014097,E09000022
Lambeth,Brixton Rush Common,2022-05-05,English,Janell,The Green Party,654,False,Brixton Rush Common,Lambeth,E05014097,E09000022
Lambeth,Brixton Rush Common,2022-05-05,Ficcadenti,Valerio,Conservative Party Candidate,210,False,Brixton Rush Common,Lambeth,E05014097,E09000022
Lambeth,Brixton Rush Common,2022-05-05,Garden,Adrian,Labour Party,1779,True,Brixton Rush Common,Lambeth,E05014097,E09000022
Lambeth,Brixton Rush Common,2022-05-05,Kind,Ben,Labour Party,1902,True,Brixton Rush Common,Lambeth,E05014097,E09000022
Lambeth,Brixton Rush Common,2022-05-05,Liell,Lisabeth,Conservative Party Candidate,212,False,Brixton Rush Common,Lambeth,E05014097,E09000022
Lambeth,Brixton Rush Common,2022-05-05,Medlicott,Paul,Liberal Democrats,215,False,Brixton Rush Common,Lambeth,E05014097,E09000022
Lambeth,Brixton Rush Common,2022-05-05,Vroomen,Laura,The Green Party,769,False,Brixton Rush Common,Lambeth,E05014097,E09000022
Lambeth,Brixton Rush Common,2022-05-05,Watkins,Colin,Conservative Party Candidate,198,False,Brixton Rush Common,Lambeth,E05014097,E09000022
Lambeth,Brixton Windrush,2022-05-05,Anyanwu,Donatus,Labour and Co-operative Party,1114,True,Brixton Windrush,Lambeth,E05014098,E09000022
Lambeth,Brixton Windrush,2022-05-05,Ben-Maimon,Kelly,Conservative Party Candidate,94,False,Brixton Windrush,Lambeth,E05014098,E09000022
Lambeth,Brixton Windrush,2022-05-05,Cyrot,Florence,Liberal Democrats,101,False,Brixton Windrush,Lambeth,E05014098,E09000022
Lambeth,Brixton Windrush,2022-05-05,Haylett,Alex,Liberal Democrats,112,False,Brixton Windrush,Lambeth,E05014098,E09000022
Lambeth,Brixton Windrush,2022-05-05,O`Hara,Scarlett,Labour and Co-operative Party,1143,True,Brixton Windrush,Lambeth,E05014098,E09000022
Lambeth,Brixton Windrush,2022-05-05,Roberts,Sarah,Conservative Party Candidate,100,False,Brixton Windrush,Lambeth,E05014098,E09000022
Lambeth,Brixton Windrush,2022-05-05,Thackray,Becca,The Green Party,572,False,Brixton Windrush,Lambeth,E05014098,E09000022
Lambeth,Brixton Windrush,2022-05-05,Wood,Tom,The Green Party,384,False,Brixton Windrush,Lambeth,E05014098,E09000022
Lambeth,Clapham Common & Abbeville,2022-05-05,Alderechi,Fareed,Liberal Democrats,885,False,Clapham Common & Abbeville,Lambeth,E05014099,E09000022
Lambeth,Clapham Common & Abbeville,2022-05-05,Briggs,Tim,Conservative Party Candidate,782,False,Clapham Common & Abbeville,Lambeth,E05014099,E09000022
Lambeth,Clapham Common & Abbeville,2022-05-05,Cavanagh,Fran,The Green Party,256,False,Clapham Common & Abbeville,Lambeth,E05014099,E09000022
Lambeth,Clapham Common & Abbeville,2022-05-05,Cole,Edward,ReformUK - Changing Politics for Good,23,False,Clapham Common & Abbeville,Lambeth,E05014099,E09000022
Lambeth,Clapham Common & Abbeville,2022-05-05,Curtis,Ben,Liberal Democrats,1006,True,Clapham Common & Abbeville,Lambeth,E05014099,E09000022
Lambeth,Clapham Common & Abbeville,2022-05-05,Frost,David,Conservative Party Candidate,686,False,Clapham Common & Abbeville,Lambeth,E05014099,E09000022
Lambeth,Clapham Common & Abbeville,2022-05-05,Hautz,Karen,The Green Party,221,False,Clapham Common & Abbeville,Lambeth,E05014099,E09000022
Lambeth,Clapham Common & Abbeville,2022-05-05,Inglis-Jones,Alison,Labour Party,926,True,Clapham Common & Abbeville,Lambeth,E05014099,E09000022
Lambeth,Clapham Common & Abbeville,2022-05-05,Reynolds,Joanna,Labour Party,916,False,Clapham Common & Abbeville,Lambeth,E05014099,E09000022
Lambeth,Clapham East,2022-05-05,Collins,Andrew,Labour and Co-operative Party,1073,True,Clapham East,Lambeth,E05014100,E09000022
Lambeth,Clapham East,2022-05-05,Cranney,Bobbie,Trade Unionist and Socialist Coalition,38,False,Clapham East,Lambeth,E05014100,E09000022
Lambeth,Clapham East,2022-05-05,Freeman,Jake,Conservative Party Candidate,215,False,Clapham East,Lambeth,E05014100,E09000022
Lambeth,Clapham East,2022-05-05,Hattersley,Nicholas,The Green Party,411,False,Clapham East,Lambeth,E05014100,E09000022
Lambeth,Clapham East,2022-05-05,Hindson,John,Conservative Party Candidate,193,False,Clapham East,Lambeth,E05014100,E09000022
Lambeth,Clapham East,2022-05-05,Lambert,Daniel,Socialist Party GB (World Socialist Movement),31,False,Clapham East,Lambeth,E05014100,E09000022
Lambeth,Clapham East,2022-05-05,Leigh,Jessica,Labour and Co-operative Party,1127,True,Clapham East,Lambeth,E05014100,E09000022
Lambeth,Clapham East,2022-05-05,Williams,Iestyn,Liberal Democrats,224,False,Clapham East,Lambeth,E05014100,E09000022
Lambeth,Clapham Park,2022-05-05,Brushwood,Edward,Conservative Party Candidate,303,False,Clapham Park,Lambeth,E05014101,E09000022
Lambeth,Clapham Park,2022-05-05,Cartwright,Lavinia,Conservative Party Candidate,286,False,Clapham Park,Lambeth,E05014101,E09000022
Lambeth,Clapham Park,2022-05-05,Cooper-Levitan,Myka-Neil,The Green Party,405,False,Clapham Park,Lambeth,E05014101,E09000022
Lambeth,Clapham Park,2022-05-05,Eaves,Joanna,The Green Party,574,False,Clapham Park,Lambeth,E05014101,E09000022
Lambeth,Clapham Park,2022-05-05,Gilmour,Anthony,Liberal Democrats,239,False,Clapham Park,Lambeth,E05014101,E09000022
Lambeth,Clapham Park,2022-05-05,Mohammed,Irfan,Labour and Co-operative Party,1416,True,Clapham Park,Lambeth,E05014101,E09000022
Lambeth,Clapham Park,2022-05-05,McGivern,Verity,Labour and Co-operative Party,1545,True,Clapham Park,Lambeth,E05014101,E09000022
Lambeth,Clapham Park,2022-05-05,McMorrow,Henry,Liberal Democrats,186,False,Clapham Park,Lambeth,E05014101,E09000022
Lambeth,Clapham Park,2022-05-05,Newitt,Thomas,Liberal Democrats,207,False,Clapham Park,Lambeth,E05014101,E09000022
Lambeth,Clapham Park,2022-05-05,Potter,Cath,The Green Party,424,False,Clapham Park,Lambeth,E05014101,E09000022
Lambeth,Clapham Park,2022-05-05,Read,Martin,Conservative Party Candidate,231,False,Clapham Park,Lambeth,E05014101,E09000022
Lambeth,Clapham Park,2022-05-05,Tiedemann,Martin,Labour and Co-operative Party,1361,True,Clapham Park,Lambeth,E05014101,E09000022
Lambeth,Clapham Town,2022-05-05,Bennett,Tim,Conservative Party Candidate,1023,False,Clapham Town,Lambeth,E05014102,E09000022
Lambeth,Clapham Town,2022-05-05,Bray,Linda,Labour Party,1779,True,Clapham Town,Lambeth,E05014102,E09000022
Lambeth,Clapham Town,2022-05-05,Da Costa,Marcia,Conservative Party Candidate,960,False,Clapham Town,Lambeth,E05014102,E09000022
Lambeth,Clapham Town,2022-05-05,Fox,Julie,Liberal Democrats,485,False,Clapham Town,Lambeth,E05014102,E09000022
Lambeth,Clapham Town,2022-05-05,James,John,The Green Party,540,False,Clapham Town,Lambeth,E05014102,E09000022
Lambeth,Clapham Town,2022-05-05,Ovenden,Rodney,Liberal Democrats,341,False,Clapham Town,Lambeth,E05014102,E09000022
Lambeth,Clapham Town,2022-05-05,Prideaux,Marion,The Green Party,729,False,Clapham Town,Lambeth,E05014102,E09000022
Lambeth,Clapham Town,2022-05-05,Roberts,Lee,Conservative Party Candidate,980,False,Clapham Town,Lambeth,E05014102,E09000022
Lambeth,Clapham Town,2022-05-05,Robson,David,Labour Party,1603,True,Clapham Town,Lambeth,E05014102,E09000022
Lambeth,Clapham Town,2022-05-05,Selander,Kerstin,The Green Party,474,False,Clapham Town,Lambeth,E05014102,E09000022
Lambeth,Clapham Town,2022-05-05,Windle,Tim,Labour Party,1441,True,Clapham Town,Lambeth,E05014102,E09000022
Lambeth,Gipsy Hill,2022-05-05,Banton,Christine,Labour Party,1457,True,Gipsy Hill,Lambeth,E05014103,E09000022
Lambeth,Gipsy Hill,2022-05-05,Davis,James,Conservative Party Candidate,198,False,Gipsy Hill,Lambeth,E05014103,E09000022
Lambeth,Gipsy Hill,2022-05-05,Dobson,Sarah,Liberal Democrats,101,False,Gipsy Hill,Lambeth,E05014103,E09000022
Lambeth,Gipsy Hill,2022-05-05,Elliott,Pete,The Green Party,1271,False,Gipsy Hill,Lambeth,E05014103,E09000022
Lambeth,Gipsy Hill,2022-05-05,Nakalembe,Shamin,The Green Party,1170,False,Gipsy Hill,Lambeth,E05014103,E09000022
Lambeth,Gipsy Hill,2022-05-05,Spencer,Rebecca,Labour Party,1322,True,Gipsy Hill,Lambeth,E05014103,E09000022
Lambeth,Gipsy Hill,2022-05-05,Stones,Adrian,Conservative Party Candidate,144,False,Gipsy Hill,Lambeth,E05014103,E09000022
Lambeth,Gipsy Hill,2022-05-05,Tuffrey,Michael,Liberal Democrats,50,False,Gipsy Hill,Lambeth,E05014103,E09000022
Lambeth,Herne Hill & Loughborough Junction,2022-05-05,Blackie,Robert,Liberal Democrats,264,False,Herne Hill & Loughborough Junction,Lambeth,E05014104,E09000022
Lambeth,Herne Hill & Loughborough Junction,2022-05-05,Christian,Nick,The Green Party,1818,False,Herne Hill & Loughborough Junction,Lambeth,E05014104,E09000022
Lambeth,Herne Hill & Loughborough Junction,2022-05-05,Dickson,Jim,Labour Party,2429,True,Herne Hill & Loughborough Junction,Lambeth,E05014104,E09000022
Lambeth,Herne Hill & Loughborough Junction,2022-05-05,George,Pauline,Labour Party,2393,True,Herne Hill & Loughborough Junction,Lambeth,E05014104,E09000022
Lambeth,Herne Hill & Loughborough Junction,2022-05-05,Hasted,Charley,Liberal Democrats,175,False,Herne Hill & Loughborough Junction,Lambeth,E05014104,E09000022
Lambeth,Herne Hill & Loughborough Junction,2022-05-05,Hicks,Celeste,The Green Party,1838,False,Herne Hill & Loughborough Junction,Lambeth,E05014104,E09000022
Lambeth,Herne Hill & Loughborough Junction,2022-05-05,Kartav,Berkay,Trade Unionist and Socialist Coalition,71,False,Herne Hill & Loughborough Junction,Lambeth,E05014104,E09000022
Lambeth,Herne Hill & Loughborough Junction,2022-05-05,Price,Jonathan,Liberal Democrats,148,False,Herne Hill & Loughborough Junction,Lambeth,E05014104,E09000022
Lambeth,Herne Hill & Loughborough Junction,2022-05-05,Sardiwal,Deepak,Labour Party,2342,True,Herne Hill & Loughborough Junction,Lambeth,E05014104,E09000022
Lambeth,Herne Hill & Loughborough Junction,2022-05-05,Tooze,Dick,Conservative Party Candidate,251,False,Herne Hill & Loughborough Junction,Lambeth,E05014104,E09000022
Lambeth,Herne Hill & Loughborough Junction,2022-05-05,Valentine,Paul,The Green Party,1566,False,Herne Hill & Loughborough Junction,Lambeth,E05014104,E09000022
Lambeth,Herne Hill & Loughborough Junction,2022-05-05,White,John,Conservative Party Candidate,253,False,Herne Hill & Loughborough Junction,Lambeth,E05014104,E09000022
Lambeth,Herne Hill & Loughborough Junction,2022-05-05,Whitten,Andrew,Conservative Party Candidate,243,False,Herne Hill & Loughborough Junction,Lambeth,E05014104,E09000022
Lambeth,Kennington,2022-05-05,Amos,David,Labour Party,2241,True,Kennington,Lambeth,E05014105,E09000022
Lambeth,Kennington,2022-05-05,Baines,Malcolm,Liberal Democrats,402,False,Kennington,Lambeth,E05014105,E09000022
Lambeth,Kennington,2022-05-05,Baines,Vivienne,Liberal Democrats,466,False,Kennington,Lambeth,E05014105,E09000022
Lambeth,Kennington,2022-05-05,Ball,Michael,The Green Party,862,False,Kennington,Lambeth,E05014105,E09000022
Lambeth,Kennington,2022-05-05,Barker,Claire,Conservative Party Candidate,433,False,Kennington,Lambeth,E05014105,E09000022
Lambeth,Kennington,2022-05-05,Caprari-Sharpe,Robbie,Conservative Party Candidate,368,False,Kennington,Lambeth,E05014105,E09000022
Lambeth,Kennington,2022-05-05,Daley,Liam,Labour Party,1992,True,Kennington,Lambeth,E05014105,E09000022
Lambeth,Kennington,2022-05-05,Dyer,Jacqueline,Labour Party,2195,True,Kennington,Lambeth,E05014105,E09000022
Lambeth,Kennington,2022-05-05,Garner,Timothy,Liberal Democrats,359,False,Kennington,Lambeth,E05014105,E09000022
Lambeth,Kennington,2022-05-05,Muradali-Kane,Fawzia,The Green Party,884,False,Kennington,Lambeth,E05014105,E09000022
Lambeth,Kennington,2022-05-05,Pashley,Rebecca,The Green Party,883,False,Kennington,Lambeth,E05014105,E09000022
Lambeth,Kennington,2022-05-05,Roberts,Guy,Conservative Party Candidate,375,False,Kennington,Lambeth,E05014105,E09000022
Lambeth,Knight's Hill,2022-05-05,Adem,Ibtisam,Labour Party,2317,True,Knight's Hill,Lambeth,E05014106,E09000022
Lambeth,Knight's Hill,2022-05-05,Brown,Ishbel,Liberal Democrats,286,False,Knight's Hill,Lambeth,E05014106,E09000022
Lambeth,Knight's Hill,2022-05-05,Chieke,Joyce,Conservative Party Candidate,358,False,Knight's Hill,Lambeth,E05014106,E09000022
Lambeth,Knight's Hill,2022-05-05,Evans,Torla,The Green Party,977,False,Knight's Hill,Lambeth,E05014106,E09000022
Lambeth,Knight's Hill,2022-05-05,Heather,Lewis,The Green Party,701,False,Knight's Hill,Lambeth,E05014106,E09000022
Lambeth,Knight's Hill,2022-05-05,Hutson,Luke,Conservative Party Candidate,348,False,Knight's Hill,Lambeth,E05014106,E09000022
Lambeth,Knight's Hill,2022-05-05,Kimm,Anthony,Conservative Party Candidate,329,False,Knight's Hill,Lambeth,E05014106,E09000022
Lambeth,Knight's Hill,2022-05-05,Mathys,Claire,Liberal Democrats,251,False,Knight's Hill,Lambeth,E05014106,E09000022
Lambeth,Knight's Hill,2022-05-05,Meldrum,Jackie,Labour Party,2314,True,Knight's Hill,Lambeth,E05014106,E09000022
Lambeth,Knight's Hill,2022-05-05,Moule,Oliver,Liberal Democrats,201,False,Knight's Hill,Lambeth,E05014106,E09000022
Lambeth,Knight's Hill,2022-05-05,Rocks,Paul,The Green Party,538,False,Knight's Hill,Lambeth,E05014106,E09000022
Lambeth,Knight's Hill,2022-05-05,Winifred,Sonia,Labour Party,2171,True,Knight's Hill,Lambeth,E05014106,E09000022
Lambeth,Myatt's Fields,2022-05-05,Chandler,Harvey,Conservative Party Candidate,200,False,Myatt's Fields,Lambeth,E05014107,E09000022
Lambeth,Myatt's Fields,2022-05-05,Gadsby,Paul John,Labour and Co-operative Party,1399,True,Myatt's Fields,Lambeth,E05014107,E09000022
Lambeth,Myatt's Fields,2022-05-05,Gallop,Anne-Marie,Labour and Co-operative Party,1421,True,Myatt's Fields,Lambeth,E05014107,E09000022
Lambeth,Myatt's Fields,2022-05-05,Gibbon,Nicolas,Liberal Democrats,180,False,Myatt's Fields,Lambeth,E05014107,E09000022
Lambeth,Myatt's Fields,2022-05-05,Hallett,James,Conservative Party Candidate,182,False,Myatt's Fields,Lambeth,E05014107,E09000022
Lambeth,Myatt's Fields,2022-05-05,Neil,Dzaier,The Green Party,486,False,Myatt's Fields,Lambeth,E05014107,E09000022
Lambeth,Myatt's Fields,2022-05-05,Noble,Kate,Liberal Democrats,232,False,Myatt's Fields,Lambeth,E05014107,E09000022
Lambeth,Myatt's Fields,2022-05-05,Walsh,Sean,The Green Party,400,False,Myatt's Fields,Lambeth,E05014107,E09000022
Lambeth,Oval,2022-05-05,Best,Keith,Conservative Party Candidate,334,False,Oval,Lambeth,E05014108,E09000022
Lambeth,Oval,2022-05-05,Crichton Stuart,Marietta,Liberal Democrats,397,False,Oval,Lambeth,E05014108,E09000022
Lambeth,Oval,2022-05-05,Everett,Denzil,The Green Party,444,False,Oval,Lambeth,E05014108,E09000022
Lambeth,Oval,2022-05-05,Gibson,Elizabeth,Conservative Party Candidate,323,False,Oval,Lambeth,E05014108,E09000022
Lambeth,Oval,2022-05-05,Holland,Claire,Labour Party,1601,True,Oval,Lambeth,E05014108,E09000022
Lambeth,Oval,2022-05-05,Issa,Issa,Labour Party,1447,True,Oval,Lambeth,E05014108,E09000022
Lambeth,Oval,2022-05-05,Lewis,Sarah,Liberal Democrats,380,False,Oval,Lambeth,E05014108,E09000022
Lambeth,Oval,2022-05-05,Costa,Diogo,Labour Party,1545,True,Oval,Lambeth,E05014108,E09000022
Lambeth,Oval,2022-05-05,Mawdsley,Paul,Conservative Party Candidate,291,False,Oval,Lambeth,E05014108,E09000022
Lambeth,Oval,2022-05-05,McAlpine,Pauline,The Green Party,576,False,Oval,Lambeth,E05014108,E09000022
Lambeth,Oval,2022-05-05,Mills,Linda,The Green Party,411,False,Oval,Lambeth,E05014108,E09000022
Lambeth,Oval,2022-05-05,Siraut,John,Liberal Democrats,286,False,Oval,Lambeth,E05014108,E09000022
Lambeth,St Martin's,2022-05-05,Curtis,Terry,Liberal Democrats,221,False,St Martin's,Lambeth,E05014109,E09000022
Lambeth,St Martin's,2022-05-05,Fitzroy,Olga,Labour and Co-operative Party,1261,True,St Martin's,Lambeth,E05014109,E09000022
Lambeth,St Martin's,2022-05-05,Harper-Wray,Jackie,Liberal Democrats,185,False,St Martin's,Lambeth,E05014109,E09000022
Lambeth,St Martin's,2022-05-05,Jaffer,Saleha,Labour and Co-operative Party,1217,True,St Martin's,Lambeth,E05014109,E09000022
Lambeth,St Martin's,2022-05-05,Rotherham,Lee,Conservative Party Candidate,230,False,St Martin's,Lambeth,E05014109,E09000022
Lambeth,St Martin's,2022-05-05,Sandford,Cato,The Green Party,462,False,St Martin's,Lambeth,E05014109,E09000022
Lambeth,St Martin's,2022-05-05,Virgo,Arthur,Conservative Party Candidate,226,False,St Martin's,Lambeth,E05014109,E09000022
Lambeth,St Martin's,2022-05-05,Yuen,Shâo-Lan,The Green Party,405,False,St Martin's,Lambeth,E05014109,E09000022
Lambeth,Stockwell East,2022-05-05,Agarwal,Abhishek,The Green Party,495,False,Stockwell East,Lambeth,E05014110,E09000022
Lambeth,Stockwell East,2022-05-05,Barr,Stuart,Conservative Party Candidate,253,False,Stockwell East,Lambeth,E05014110,E09000022
Lambeth,Stockwell East,2022-05-05,Hashi,Mahamed,Labour Party,1087,True,Stockwell East,Lambeth,E05014110,E09000022
Lambeth,Stockwell East,2022-05-05,Lester,Rachel,Liberal Democrats,311,False,Stockwell East,Lambeth,E05014110,E09000022
Lambeth,Stockwell East,2022-05-05,Manning,Vincent,The Green Party,379,False,Stockwell East,Lambeth,E05014110,E09000022
Lambeth,Stockwell East,2022-05-05,Mitton,Sally,Liberal Democrats,266,False,Stockwell East,Lambeth,E05014110,E09000022
Lambeth,Stockwell East,2022-05-05,Royle,Henrietta,Conservative Party Candidate,257,False,Stockwell East,Lambeth,E05014110,E09000022
Lambeth,Stockwell East,2022-05-05,Valcarcel,Tina,Labour Party,1114,True,Stockwell East,Lambeth,E05014110,E09000022
Lambeth,Stockwell West & Larkhall,2022-05-05,Bellis,James,Conservative Party Candidate,354,False,Stockwell West & Larkhall,Lambeth,E05014111,E09000022
Lambeth,Stockwell West & Larkhall,2022-05-05,Brown,Kevin,The Green Party,554,False,Stockwell West & Larkhall,Lambeth,E05014111,E09000022
Lambeth,Stockwell West & Larkhall,2022-05-05,Davison,Gareth,Liberal Democrats,322,False,Stockwell West & Larkhall,Lambeth,E05014111,E09000022
Lambeth,Stockwell West & Larkhall,2022-05-05,Dharampal-Hornby,Joe,Labour Party,1929,True,Stockwell West & Larkhall,Lambeth,E05014111,E09000022
Lambeth,Stockwell West & Larkhall,2022-05-05,Forrester,Joshua,Conservative Party Candidate,321,False,Stockwell West & Larkhall,Lambeth,E05014111,E09000022
Lambeth,Stockwell West & Larkhall,2022-05-05,Grundill,Anna,Liberal Democrats,321,False,Stockwell West & Larkhall,Lambeth,E05014111,E09000022
Lambeth,Stockwell West & Larkhall,2022-05-05,Nally,Steve,Trade Unionist and Socialist Coalition,87,False,Stockwell West & Larkhall,Lambeth,E05014111,E09000022
Lambeth,Stockwell West & Larkhall,2022-05-05,Newell,Becki,The Green Party,551,False,Stockwell West & Larkhall,Lambeth,E05014111,E09000022
Lambeth,Stockwell West & Larkhall,2022-05-05,Oxley,David,Labour Party,1749,True,Stockwell West & Larkhall,Lambeth,E05014111,E09000022
Lambeth,Stockwell West & Larkhall,2022-05-05,Playle,Alice,The Green Party,510,False,Stockwell West & Larkhall,Lambeth,E05014111,E09000022
Lambeth,Stockwell West & Larkhall,2022-05-05,Simpson,Joanne,Labour Party,1895,True,Stockwell West & Larkhall,Lambeth,E05014111,E09000022
Lambeth,Stockwell West & Larkhall,2022-05-05,Strawson,James,Conservative Party Candidate,310,False,Stockwell West & Larkhall,Lambeth,E05014111,E09000022
Lambeth,Stockwell West & Larkhall,2022-05-05,Thomas,Celia,Liberal Democrats,266,False,Stockwell West & Larkhall,Lambeth,E05014111,E09000022
Lambeth,Streatham Common & Vale,2022-05-05,Adilypour,Danny,Labour and Co-operative Party,2071,True,Streatham Common & Vale,Lambeth,E05014112,E09000022
Lambeth,Streatham Common & Vale,2022-05-05,Banfield,Simon,Liberal Democrats,466,False,Streatham Common & Vale,Lambeth,E05014112,E09000022
Lambeth,Streatham Common & Vale,2022-05-05,Brack,Duncan,Liberal Democrats,286,False,Streatham Common & Vale,Lambeth,E05014112,E09000022
Lambeth,Streatham Common & Vale,2022-05-05,Davies,Hywel,Liberal Democrats,371,False,Streatham Common & Vale,Lambeth,E05014112,E09000022
Lambeth,Streatham Common & Vale,2022-05-05,Eastoe,Dunc,The Green Party,575,False,Streatham Common & Vale,Lambeth,E05014112,E09000022
Lambeth,Streatham Common & Vale,2022-05-05,Frotier de la Messeliere,Geoffrey,The Green Party,418,False,Streatham Common & Vale,Lambeth,E05014112,E09000022
Lambeth,Streatham Common & Vale,2022-05-05,Jarrett,Charley,Conservative Party Candidate,561,False,Streatham Common & Vale,Lambeth,E05014112,E09000022
Lambeth,Streatham Common & Vale,2022-05-05,Paling,Christopher,Conservative Party Candidate,520,False,Streatham Common & Vale,Lambeth,E05014112,E09000022
Lambeth,Streatham Common & Vale,2022-05-05,Phillips,Promise,Conservative Party Candidate,502,False,Streatham Common & Vale,Lambeth,E05014112,E09000022
Lambeth,Streatham Common & Vale,2022-05-05,Pollock,Florence,The Green Party,483,False,Streatham Common & Vale,Lambeth,E05014112,E09000022
Lambeth,Streatham Common & Vale,2022-05-05,Rutland,Tom,Labour and Co-operative Party,1757,True,Streatham Common & Vale,Lambeth,E05014112,E09000022
Lambeth,Streatham Common & Vale,2022-05-05,Shah,Henna,Labour and Co-operative Party,1827,True,Streatham Common & Vale,Lambeth,E05014112,E09000022
Lambeth,Streatham Hill East,2022-05-05,Alexander,Rachel,The Green Party,522,False,Streatham Hill East,Lambeth,E05014113,E09000022
Lambeth,Streatham Hill East,2022-05-05,Atkins,Liz,Labour Party,1249,True,Streatham Hill East,Lambeth,E05014113,E09000022
Lambeth,Streatham Hill East,2022-05-05,Best,Judy,Liberal Democrats,227,False,Streatham Hill East,Lambeth,E05014113,E09000022
Lambeth,Streatham Hill East,2022-05-05,Chowdhury,Rezina,Labour Party,1198,True,Streatham Hill East,Lambeth,E05014113,E09000022
Lambeth,Streatham Hill East,2022-05-05,Gray,Thomas,Conservative Party Candidate,315,False,Streatham Hill East,Lambeth,E05014113,E09000022
Lambeth,Streatham Hill East,2022-05-05,Kane,Donal,Liberal Democrats,165,False,Streatham Hill East,Lambeth,E05014113,E09000022
Lambeth,Streatham Hill East,2022-05-05,Maurice-Jones,Leon,The Green Party,353,False,Streatham Hill East,Lambeth,E05014113,E09000022
Lambeth,Streatham Hill East,2022-05-05,Salt,Neil,Conservative Party Candidate,285,False,Streatham Hill East,Lambeth,E05014113,E09000022
Lambeth,Streatham Hill West & Thornton,2022-05-05,Audsley,Adrian,The Green Party,409,False,Streatham Hill West & Thornton,Lambeth,E05014114,E09000022
Lambeth,Streatham Hill West & Thornton,2022-05-05,Bryant,Matthew,Liberal Democrats,1416,True,Streatham Hill West & Thornton,Lambeth,E05014114,E09000022
Lambeth,Streatham Hill West & Thornton,2022-05-05,Davie,Ed,Labour Party,1349,False,Streatham Hill West & Thornton,Lambeth,E05014114,E09000022
Lambeth,Streatham Hill West & Thornton,2022-05-05,Harris,Donna,Liberal Democrats,1370,True,Streatham Hill West & Thornton,Lambeth,E05014114,E09000022
Lambeth,Streatham Hill West & Thornton,2022-05-05,Henman,Russell,Conservative Party Candidate,231,False,Streatham Hill West & Thornton,Lambeth,E05014114,E09000022
Lambeth,Streatham Hill West & Thornton,2022-05-05,Johnson,Peter,The Green Party,250,False,Streatham Hill West & Thornton,Lambeth,E05014114,E09000022
Lambeth,Streatham Hill West & Thornton,2022-05-05,Patel,Kushal,Conservative Party Candidate,190,False,Streatham Hill West & Thornton,Lambeth,E05014114,E09000022
Lambeth,Streatham Hill West & Thornton,2022-05-05,Randall,Beverley,Labour Party,1275,False,Streatham Hill West & Thornton,Lambeth,E05014114,E09000022
Lambeth,Streatham St Leonard's,2022-05-05,Abrams,Martin,Labour Party,1525,True,Streatham St Leonard's,Lambeth,E05014115,E09000022
Lambeth,Streatham St Leonard's,2022-05-05,Ainslie,Scott,The Green Party,1727,True,Streatham St Leonard's,Lambeth,E05014115,E09000022
Lambeth,Streatham St Leonard's,2022-05-05,Bailey,Elaine,Conservative Party Candidate,337,False,Streatham St Leonard's,Lambeth,E05014115,E09000022
Lambeth,Streatham St Leonard's,2022-05-05,Collins,Claire,Conservative Party Candidate,312,False,Streatham St Leonard's,Lambeth,E05014115,E09000022
Lambeth,Streatham St Leonard's,2022-05-05,Davidson,Nicholas,Liberal Democrats,237,False,Streatham St Leonard's,Lambeth,E05014115,E09000022
Lambeth,Streatham St Leonard's,2022-05-05,Dobbs-Grove,Jonny,The Green Party,1428,False,Streatham St Leonard's,Lambeth,E05014115,E09000022
Lambeth,Streatham St Leonard's,2022-05-05,Drage,Simon,Liberal Democrats,198,False,Streatham St Leonard's,Lambeth,E05014115,E09000022
Lambeth,Streatham St Leonard's,2022-05-05,Griffiths,Nicole,The Green Party,1683,True,Streatham St Leonard's,Lambeth,E05014115,E09000022
Lambeth,Streatham St Leonard's,2022-05-05,Lunnon,Gillian,Liberal Democrats,227,False,Streatham St Leonard's,Lambeth,E05014115,E09000022
Lambeth,Streatham St Leonard's,2022-05-05,Newall,Russell,Conservative Party Candidate,290,False,Streatham St Leonard's,Lambeth,E05014115,E09000022
Lambeth,Streatham St Leonard's,2022-05-05,Qureshi,Umar,Labour Party,1336,False,Streatham St Leonard's,Lambeth,E05014115,E09000022
Lambeth,Streatham St Leonard's,2022-05-05,Rowe,Denean,Labour Party,1353,False,Streatham St Leonard's,Lambeth,E05014115,E09000022
Lambeth,Streatham Wells,2022-05-05,Chambers,Clavia,The Green Party,365,False,Streatham Wells,Lambeth,E05014116,E09000022
Lambeth,Streatham Wells,2022-05-05,Clark,Malcolm,Labour and Co-operative Party,1102,True,Streatham Wells,Lambeth,E05014116,E09000022
Lambeth,Streatham Wells,2022-05-05,Della Rocca,Candido,Trade Unionist and Socialist Coalition,45,False,Streatham Wells,Lambeth,E05014116,E09000022
Lambeth,Streatham Wells,2022-05-05,Dennison,Frazer,Conservative Party Candidate,224,False,Streatham Wells,Lambeth,E05014116,E09000022
Lambeth,Streatham Wells,2022-05-05,Heather,Julian,Liberal Democrats,639,False,Streatham Wells,Lambeth,E05014116,E09000022
Lambeth,Streatham Wells,2022-05-05,Ikegbunam,Eloka,Liberal Democrats,502,False,Streatham Wells,Lambeth,E05014116,E09000022
Lambeth,Streatham Wells,2022-05-05,Masters,Marianna,Labour and Co-operative Party,1101,True,Streatham Wells,Lambeth,E05014116,E09000022
Lambeth,Streatham Wells,2022-05-05,Miller,Rachel,The Green Party,309,False,Streatham Wells,Lambeth,E05014116,E09000022
Lambeth,Streatham Wells,2022-05-05,Newall,Wendy,Conservative Party Candidate,203,False,Streatham Wells,Lambeth,E05014116,E09000022
Lambeth,Vauxhall,2022-05-05,Bailey,Martin,Labour Party,1025,True,Vauxhall,Lambeth,E05014117,E09000022
Lambeth,Vauxhall,2022-05-05,Barr,Sarah,Conservative Party Candidate,301,False,Vauxhall,Lambeth,E05014117,E09000022
Lambeth,Vauxhall,2022-05-05,Bellamy,Hugh,Conservative Party Candidate,272,False,Vauxhall,Lambeth,E05014117,E09000022
Lambeth,Vauxhall,2022-05-05,Davies,Alexander,Liberal Democrats,214,False,Vauxhall,Lambeth,E05014117,E09000022
Lambeth,Vauxhall,2022-05-05,Freeman,Sheila,The Green Party,390,False,Vauxhall,Lambeth,E05014117,E09000022
Lambeth,Vauxhall,2022-05-05,Hayes,Keith,The Green Party,237,False,Vauxhall,Lambeth,E05014117,E09000022
Lambeth,Vauxhall,2022-05-05,Jarnecki,Liam,Labour Party,896,True,Vauxhall,Lambeth,E05014117,E09000022
Lambeth,Vauxhall,2022-05-05,Kennedy-Sanigar,Courtney,The Green Party,240,False,Vauxhall,Lambeth,E05014117,E09000022
Lambeth,Vauxhall,2022-05-05,Merchant,Rolf,Conservative Party Candidate,240,False,Vauxhall,Lambeth,E05014117,E09000022
Lambeth,Vauxhall,2022-05-05,Ogden,Kita,Liberal Democrats,190,False,Vauxhall,Lambeth,E05014117,E09000022
Lambeth,Vauxhall,2022-05-05,Wrathmell,Isla,Labour Party,948,True,Vauxhall,Lambeth,E05014117,E09000022
Lambeth,Waterloo & South Bank,2022-05-05,Buist,Doug,Liberal Democrats,714,False,Waterloo & South Bank,Lambeth,E05014118,E09000022
Lambeth,Waterloo & South Bank,2022-05-05,Da Silva,Sarina,Labour Party,842,True,Waterloo & South Bank,Lambeth,E05014118,E09000022
Lambeth,Waterloo & South Bank,2022-05-05,Dogus,Ibrahim,Labour Party,781,True,Waterloo & South Bank,Lambeth,E05014118,E09000022
Lambeth,Waterloo & South Bank,2022-05-05,French,Chris,Liberal Democrats,713,False,Waterloo & South Bank,Lambeth,E05014118,E09000022
Lambeth,Waterloo & South Bank,2022-05-05,Lee,Gay,The Green Party,214,False,Waterloo & South Bank,Lambeth,E05014118,E09000022
Lambeth,Waterloo & South Bank,2022-05-05,Peel,Martin,Conservative Party Candidate,213,False,Waterloo & South Bank,Lambeth,E05014118,E09000022
Lambeth,Waterloo & South Bank,2022-05-05,Smedley,Nicola,The Green Party,208,False,Waterloo & South Bank,Lambeth,E05014118,E09000022
Lambeth,Waterloo & South Bank,2022-05-05,Tack,Katherine,Conservative Party Candidate,205,False,Waterloo & South Bank,Lambeth,E05014118,E09000022
Lambeth,West Dulwich,2022-05-05,Baker,Jeremy,Liberal Democrats,332,False,West Dulwich,Lambeth,E05014119,E09000022
Lambeth,West Dulwich,2022-05-05,Cavanagh,Judith,Labour and Co-operative Party,1792,True,West Dulwich,Lambeth,E05014119,E09000022
Lambeth,West Dulwich,2022-05-05,Cowell,Fred,Labour and Co-operative Party,1639,True,West Dulwich,Lambeth,E05014119,E09000022
Lambeth,West Dulwich,2022-05-05,Hinton,Christine,Liberal Democrats,326,False,West Dulwich,Lambeth,E05014119,E09000022
Lambeth,West Dulwich,2022-05-05,Kimm,Irene,Conservative Party Candidate,689,False,West Dulwich,Lambeth,E05014119,E09000022
Lambeth,West Dulwich,2022-05-05,Opie,Su,The Green Party,565,False,West Dulwich,Lambeth,E05014119,E09000022
Lambeth,West Dulwich,2022-05-05,Thornton,Kim,The Green Party,686,False,West Dulwich,Lambeth,E05014119,E09000022
Lambeth,West Dulwich,2022-05-05,Turner,Sharon,Conservative Party Candidate,616,False,West Dulwich,Lambeth,E05014119,E09000022
Lewisham,Bellingham,2022-05-05,BARRETT,Craig,The Conservative Party Candidate,270,False,Bellingham,Lewisham,E05013714,E09000023
Lewisham,Bellingham,2022-05-05,HORTENSE,Katherine Susan,Christian Peoples Alliance,94,False,Bellingham,Lewisham,E05013714,E09000023
Lewisham,Bellingham,2022-05-05,MCMICHAEL,Ryan,Liberal Democrats,160,False,Bellingham,Lewisham,E05013714,E09000023
Lewisham,Bellingham,2022-05-05,MORRIS,Sarah,Liberal Democrats,199,False,Bellingham,Lewisham,E05013714,E09000023
Lewisham,Bellingham,2022-05-05,ONIKOSI,Rachel,Labour and Co-operative Party,1209,True,Bellingham,Lewisham,E05013714,E09000023
Lewisham,Bellingham,2022-05-05,PASCHOUD,Jacq,Labour and Co-operative Party,925,True,Bellingham,Lewisham,E05013714,E09000023
Lewisham,Bellingham,2022-05-05,TREADDELL,Paul Michael,The Conservative Party Candidate,149,False,Bellingham,Lewisham,E05013714,E09000023
Lewisham,Blackheath,2022-05-05,ATTFIELD,Caroline Louise,The Conservative Party Candidate,627,False,Blackheath,Lewisham,E05013715,E09000023
Lewisham,Blackheath,2022-05-05,BARKER,Matt,Green Party,708,False,Blackheath,Lewisham,E05013715,E09000023
Lewisham,Blackheath,2022-05-05,BENTINCK,Ian,The Conservative Party Candidate,435,False,Blackheath,Lewisham,E05013715,E09000023
Lewisham,Blackheath,2022-05-05,CAMPBELL,Juliet,Labour Party,2035,True,Blackheath,Lewisham,E05013715,E09000023
Lewisham,Blackheath,2022-05-05,CARON-DELION,Anne,Green Party,696,False,Blackheath,Lewisham,E05013715,E09000023
Lewisham,Blackheath,2022-05-05,DE RYK,Amanda,Labour Party,1884,True,Blackheath,Lewisham,E05013715,E09000023
Lewisham,Blackheath,2022-05-05,MAGUIRE,Benedict,Liberal Democrats,1211,False,Blackheath,Lewisham,E05013715,E09000023
Lewisham,Blackheath,2022-05-05,MAINES,Chris,Liberal Democrats,1356,False,Blackheath,Lewisham,E05013715,E09000023
Lewisham,Blackheath,2022-05-05,PEERS,Nicola,The Conservative Party Candidate,451,False,Blackheath,Lewisham,E05013715,E09000023
Lewisham,Blackheath,2022-05-05,STEEL,Helen,Liberal Democrats,1202,False,Blackheath,Lewisham,E05013715,E09000023
Lewisham,Blackheath,2022-05-05,WARNER,Luke,Labour Party,1565,True,Blackheath,Lewisham,E05013715,E09000023
Lewisham,Blackheath,2022-05-05,WOOD,John,Green Party,467,False,Blackheath,Lewisham,E05013715,E09000023
Lewisham,Brockley,2022-05-05,ALMQVIST,Ulric,The Conservative Party Candidate,267,False,Brockley,Lewisham,E05013716,E09000023
Lewisham,Brockley,2022-05-05,AP SEISYLLT,Peter,Green Party,1041,False,Brockley,Lewisham,E05013716,E09000023
Lewisham,Brockley,2022-05-05,BARRON-WOOLFORD,Ray,Independent,154,False,Brockley,Lewisham,E05013716,E09000023
Lewisham,Brockley,2022-05-05,EILES,Sian,Labour Party,2478,True,Brockley,Lewisham,E05013716,E09000023
Lewisham,Brockley,2022-05-05,ELLIOTT,Richard,Liberal Democrats,346,False,Brockley,Lewisham,E05013716,E09000023
Lewisham,Brockley,2022-05-05,GURDON,Toni-Ann,Independent,125,False,Brockley,Lewisham,E05013716,E09000023
Lewisham,Brockley,2022-05-05,KEOGH,Mike,Green Party,1025,False,Brockley,Lewisham,E05013716,E09000023
Lewisham,Brockley,2022-05-05,KILLIP,Julie,The Conservative Party Candidate,254,False,Brockley,Lewisham,E05013716,E09000023
Lewisham,Brockley,2022-05-05,LAHAI-TAYLOR,Ayesha,Labour Party,2276,True,Brockley,Lewisham,E05013716,E09000023
Lewisham,Brockley,2022-05-05,LE`CAND-HARWOOD,Deborah,Green Party,1153,False,Brockley,Lewisham,E05013716,E09000023
Lewisham,Brockley,2022-05-05,LENDOR,Stewart Richard,Independent,88,False,Brockley,Lewisham,E05013716,E09000023
Lewisham,Brockley,2022-05-05,MORRIS,Mark Christopher,Liberal Democrats,257,False,Brockley,Lewisham,E05013716,E09000023
Lewisham,Brockley,2022-05-05,O`CONNOR,John-Joe,The Conservative Party Candidate,221,False,Brockley,Lewisham,E05013716,E09000023
Lewisham,Brockley,2022-05-05,PENFOLD,Stephen,Labour Party,1937,True,Brockley,Lewisham,E05013716,E09000023
Lewisham,Brockley,2022-05-05,PRATT,Karen,Liberal Democrats,283,False,Brockley,Lewisham,E05013716,E09000023
Lewisham,Catford South,2022-05-05,ADKIN,Thomas Dante Edward,The Conservative Party Candidate,532,False,Catford South,Lewisham,E05013717,E09000023
Lewisham,Catford South,2022-05-05,BUCOLO,Mario,The Conservative Party Candidate,425,False,Catford South,Lewisham,E05013717,E09000023
Lewisham,Catford South,2022-05-05,BURGESS,Natasha,Labour Party,2119,True,Catford South,Lewisham,E05013717,E09000023
Lewisham,Catford South,2022-05-05,CASHIN,Diana,Liberal Democrats,1104,False,Catford South,Lewisham,E05013717,E09000023
Lewisham,Catford South,2022-05-05,FURNEAUX,Malcolm,Green Party,332,False,Catford South,Lewisham,E05013717,E09000023
Lewisham,Catford South,2022-05-05,GALLOWAY,Richard Paul,Shared Ground formerly Young People`s Party,47,False,Catford South,Lewisham,E05013717,E09000023
Lewisham,Catford South,2022-05-05,LOUGHNANE,Benjamin,The Conservative Party Candidate,399,False,Catford South,Lewisham,E05013717,E09000023
Lewisham,Catford South,2022-05-05,NEWTON,James,Green Party,324,False,Catford South,Lewisham,E05013717,E09000023
Lewisham,Catford South,2022-05-05,RADENHURST,Rona,Green Party,352,False,Catford South,Lewisham,E05013717,E09000023
Lewisham,Catford South,2022-05-05,RICHARDSON,Kate,Liberal Democrats,960,False,Catford South,Lewisham,E05013717,E09000023
Lewisham,Catford South,2022-05-05,ROYSTON,James,Labour and Co-operative Party,1632,True,Catford South,Lewisham,E05013717,E09000023
Lewisham,Catford South,2022-05-05,STAMIROWSKI,Eva,Labour Party,1648,True,Catford South,Lewisham,E05013717,E09000023
Lewisham,Catford South,2022-05-05,WAJERO,Bunmi,Liberal Democrats,731,False,Catford South,Lewisham,E05013717,E09000023
Lewisham,Crofton Park,2022-05-05,ANWAR,Tauseef,Labour Party,2457,True,Crofton Park,Lewisham,E05013718,E09000023
Lewisham,Crofton Park,2022-05-05,BARNHAM,Chris,Labour Party,2411,True,Crofton Park,Lewisham,E05013718,E09000023
Lewisham,Crofton Park,2022-05-05,BAUM,Cheryl,Liberal Democrats,554,False,Crofton Park,Lewisham,E05013718,E09000023
Lewisham,Crofton Park,2022-05-05,BLACK,Paul,The Conservative Party Candidate,349,False,Crofton Park,Lewisham,E05013718,E09000023
Lewisham,Crofton Park,2022-05-05,CAHALANE,Anna-Maria,Green Party,1649,False,Crofton Park,Lewisham,E05013718,E09000023
Lewisham,Crofton Park,2022-05-05,KEIDAN,John,Green Party,933,False,Crofton Park,Lewisham,E05013718,E09000023
Lewisham,Crofton Park,2022-05-05,LEE,Jonathan,The Conservative Party Candidate,319,False,Crofton Park,Lewisham,E05013718,E09000023
Lewisham,Crofton Park,2022-05-05,LOCKE,Stephen,Liberal Democrats,331,False,Crofton Park,Lewisham,E05013718,E09000023
Lewisham,Crofton Park,2022-05-05,MCILWRAITH,Andrew John,Liberal Democrats,240,False,Crofton Park,Lewisham,E05013718,E09000023
Lewisham,Crofton Park,2022-05-05,PATEY,Oliver,The Conservative Party Candidate,286,False,Crofton Park,Lewisham,E05013718,E09000023
Lewisham,Crofton Park,2022-05-05,PICK,Alison,Green Party,1148,False,Crofton Park,Lewisham,E05013718,E09000023
Lewisham,Crofton Park,2022-05-05,WEBLEY-BROWN,Carol,Labour Party,2147,True,Crofton Park,Lewisham,E05013718,E09000023
Lewisham,Deptford,2022-05-05,BAKSI,Nik,Independent,214,False,Deptford,Lewisham,E05013719,E09000023
Lewisham,Deptford,2022-05-05,BARNES,David,Liberal Democrats,241,False,Deptford,Lewisham,E05013719,E09000023
Lewisham,Deptford,2022-05-05,BEADLE,Andy,Trade Unionist and Socialist Coalition,275,False,Deptford,Lewisham,E05013719,E09000023
Lewisham,Deptford,2022-05-05,CHRISTOPHER,Clarris,Independent,77,False,Deptford,Lewisham,E05013719,E09000023
Lewisham,Deptford,2022-05-05,COLEMAN,Flora,The Conservative Party Candidate,323,False,Deptford,Lewisham,E05013719,E09000023
Lewisham,Deptford,2022-05-05,DACRES,Brenda,Labour and Co-operative Party,2095,True,Deptford,Lewisham,E05013719,E09000023
Lewisham,Deptford,2022-05-05,DISSANAYAKE,Upul,Green Party,742,False,Deptford,Lewisham,E05013719,E09000023
Lewisham,Deptford,2022-05-05,FULCHER,Jasmine Lisa,Independent,107,False,Deptford,Lewisham,E05013719,E09000023
Lewisham,Deptford,2022-05-05,GORE,Sue,Green Party,729,False,Deptford,Lewisham,E05013719,E09000023
Lewisham,Deptford,2022-05-05,HAYES,Stephen,Labour and Co-operative Party,1632,True,Deptford,Lewisham,E05013719,E09000023
Lewisham,Deptford,2022-05-05,HURST,Janet,Liberal Democrats,267,False,Deptford,Lewisham,E05013719,E09000023
Lewisham,Deptford,2022-05-05,PARRY,Rosie,Labour and Co-operative Party,1791,True,Deptford,Lewisham,E05013719,E09000023
Lewisham,Deptford,2022-05-05,RAYMOND,Barbara,Independent,103,False,Deptford,Lewisham,E05013719,E09000023
Lewisham,Deptford,2022-05-05,SHOOTER,Huw,The Conservative Party Candidate,213,False,Deptford,Lewisham,E05013719,E09000023
Lewisham,Deptford,2022-05-05,STEELE,Mike,Liberal Democrats,151,False,Deptford,Lewisham,E05013719,E09000023
Lewisham,Deptford,2022-05-05,THOMAS,Adam Michael,The Conservative Party Candidate,196,False,Deptford,Lewisham,E05013719,E09000023
Lewisham,Downham,2022-05-05,ASABERE,Kwame Owusu,The Conservative Party Candidate,713,False,Downham,Lewisham,E05013720,E09000023
Lewisham,Downham,2022-05-05,BOURNE,André,Labour Party,1679,True,Downham,Lewisham,E05013720,E09000023
Lewisham,Downham,2022-05-05,DIGNAN,Danny,Liberal Democrats,335,False,Downham,Lewisham,E05013720,E09000023
Lewisham,Downham,2022-05-05,HOWARD,Coral,Labour Party,1621,True,Downham,Lewisham,E05013720,E09000023
Lewisham,Downham,2022-05-05,LABROM,Joan,Liberal Democrats,279,False,Downham,Lewisham,E05013720,E09000023
Lewisham,Downham,2022-05-05,LEACHMAN,Junior,The Conservative Party Candidate,510,False,Downham,Lewisham,E05013720,E09000023
Lewisham,Downham,2022-05-05,LUXTON,Sue,Green Party,398,False,Downham,Lewisham,E05013720,E09000023
Lewisham,Downham,2022-05-05,OLARU,Oana,Labour Party,1442,True,Downham,Lewisham,E05013720,E09000023
Lewisham,Downham,2022-05-05,PATEL,Mike (Junior),Liberal Democrats,251,False,Downham,Lewisham,E05013720,E09000023
Lewisham,Downham,2022-05-05,SCHREIBER,Inke,Green Party,281,False,Downham,Lewisham,E05013720,E09000023
Lewisham,Downham,2022-05-05,WILFORD,Chris,The Conservative Party Candidate,546,False,Downham,Lewisham,E05013720,E09000023
Lewisham,Downham,2022-05-05,WOODHOUSE,Emily,Green Party,309,False,Downham,Lewisham,E05013720,E09000023
Lewisham,Evelyn,2022-05-05,BRAUN,James,Green Party,523,False,Evelyn,Lewisham,E05013721,E09000023
Lewisham,Evelyn,2022-05-05,CHAMBERS,Keith,Green Party,426,False,Evelyn,Lewisham,E05013721,E09000023
Lewisham,Evelyn,2022-05-05,COOPER,Will,Labour Party,1524,True,Evelyn,Lewisham,E05013721,E09000023
Lewisham,Evelyn,2022-05-05,FOX-EVANS,Dan,Liberal Democrats,239,False,Evelyn,Lewisham,E05013721,E09000023
Lewisham,Evelyn,2022-05-05,HIMMERICH,Julian,Green Party,401,False,Evelyn,Lewisham,E05013721,E09000023
Lewisham,Evelyn,2022-05-05,JIANG,Yan,The Conservative Party Candidate,255,False,Evelyn,Lewisham,E05013721,E09000023
Lewisham,Evelyn,2022-05-05,LOWE,Karen,The Conservative Party Candidate,269,False,Evelyn,Lewisham,E05013721,E09000023
Lewisham,Evelyn,2022-05-05,RECZEK,Tim,The Conservative Party Candidate,190,False,Evelyn,Lewisham,E05013721,E09000023
Lewisham,Evelyn,2022-05-05,RUMNEY,Steve,Trade Unionist and Socialist Coalition,118,False,Evelyn,Lewisham,E05013721,E09000023
Lewisham,Evelyn,2022-05-05,SCHMIDT,Rudi,Labour Party,1233,True,Evelyn,Lewisham,E05013721,E09000023
Lewisham,Evelyn,2022-05-05,SMITH,Jem,Liberal Democrats,240,False,Evelyn,Lewisham,E05013721,E09000023
Lewisham,Evelyn,2022-05-05,TAM,Hau-Yu,Labour Party,1224,True,Evelyn,Lewisham,E05013721,E09000023
Lewisham,Evelyn,2022-05-05,WELLS,Peter,Liberal Democrats,156,False,Evelyn,Lewisham,E05013721,E09000023
Lewisham,Forest Hill,2022-05-05,BAYS,Anthony William,The Conservative Party Candidate,480,False,Forest Hill,Lewisham,E05013722,E09000023
Lewisham,Forest Hill,2022-05-05,BENNETT,Mark,Liberal Democrats,535,False,Forest Hill,Lewisham,E05013722,E09000023
Lewisham,Forest Hill,2022-05-05,BERNARDS,Peter,Labour and Co-operative Party,2044,True,Forest Hill,Lewisham,E05013722,E09000023
Lewisham,Forest Hill,2022-05-05,BROWN,Krish,Liberal Democrats,458,False,Forest Hill,Lewisham,E05013722,E09000023
Lewisham,Forest Hill,2022-05-05,COX,Martin,Green Party,840,False,Forest Hill,Lewisham,E05013722,E09000023
Lewisham,Forest Hill,2022-05-05,DAVIS,Sophie,Labour and Co-operative Party,2395,True,Forest Hill,Lewisham,E05013722,E09000023
Lewisham,Forest Hill,2022-05-05,HARDING,Billy,Labour and Co-operative Party,1797,True,Forest Hill,Lewisham,E05013722,E09000023
Lewisham,Forest Hill,2022-05-05,HENDERSON,Aimee Camilla,The Conservative Party Candidate,401,False,Forest Hill,Lewisham,E05013722,E09000023
Lewisham,Forest Hill,2022-05-05,MAHONEY,Paul William James,The Conservative Party Candidate,340,False,Forest Hill,Lewisham,E05013722,E09000023
Lewisham,Forest Hill,2022-05-05,PETERS,Mike,Green Party,757,False,Forest Hill,Lewisham,E05013722,E09000023
Lewisham,Forest Hill,2022-05-05,RENDALL,Julia,Green Party,1156,False,Forest Hill,Lewisham,E05013722,E09000023
Lewisham,Forest Hill,2022-05-05,RUSSELL,John Francis,Liberal Democrats,496,False,Forest Hill,Lewisham,E05013722,E09000023
Lewisham,Grove Park,2022-05-05,CLARKE,Suzannah,Labour Party,1750,True,Grove Park,Lewisham,E05013723,E09000023
Lewisham,Grove Park,2022-05-05,CROFT,Helena,The Conservative Party Candidate,935,False,Grove Park,Lewisham,E05013723,E09000023
Lewisham,Grove Park,2022-05-05,JACKSON,Mark,Labour Party,1464,True,Grove Park,Lewisham,E05013723,E09000023
Lewisham,Grove Park,2022-05-05,KIRBY,Annie,Liberal Democrats,533,False,Grove Park,Lewisham,E05013723,E09000023
Lewisham,Grove Park,2022-05-05,LESYK,Sergiy,The Conservative Party Candidate,676,False,Grove Park,Lewisham,E05013723,E09000023
Lewisham,Grove Park,2022-05-05,MINTO,Angela,Green Party,617,False,Grove Park,Lewisham,E05013723,E09000023
Lewisham,Grove Park,2022-05-05,MOORE,Hilary,Labour Party,1502,True,Grove Park,Lewisham,E05013723,E09000023
Lewisham,Grove Park,2022-05-05,OBI,Favour,The Conservative Party Candidate,694,False,Grove Park,Lewisham,E05013723,E09000023
Lewisham,Grove Park,2022-05-05,PASSANDE,Martin,Liberal Democrats,343,False,Grove Park,Lewisham,E05013723,E09000023
Lewisham,Grove Park,2022-05-05,THOMPSON,Michael,Green Party,425,False,Grove Park,Lewisham,E05013723,E09000023
Lewisham,Hither Green,2022-05-05,ALASZEWSKA,Jane,Liberal Democrats,691,False,Hither Green,Lewisham,E05013724,E09000023
Lewisham,Hither Green,2022-05-05,ANIFOWOSE,Yemisi,Labour Party,2537,True,Hither Green,Lewisham,E05013724,E09000023
Lewisham,Hither Green,2022-05-05,ASHWELL,Corin,Green Party,833,False,Hither Green,Lewisham,E05013724,E09000023
Lewisham,Hither Green,2022-05-05,CROSSLEY,Dami,Green Party,809,False,Hither Green,Lewisham,E05013724,E09000023
Lewisham,Hither Green,2022-05-05,CROZIER,Jonathan Peter,The Conservative Party Candidate,521,False,Hither Green,Lewisham,E05013724,E09000023
Lewisham,Hither Green,2022-05-05,GYECHIE,Godfried,Liberal Democrats,470,False,Hither Green,Lewisham,E05013724,E09000023
Lewisham,Hither Green,2022-05-05,HAWKINS,Julian,Liberal Democrats,534,False,Hither Green,Lewisham,E05013724,E09000023
Lewisham,Hither Green,2022-05-05,HUGHES,Shane,The Conservative Party Candidate,451,False,Hither Green,Lewisham,E05013724,E09000023
Lewisham,Hither Green,2022-05-05,INGLEBY,Mark,Labour Party,2125,True,Hither Green,Lewisham,E05013724,E09000023
Lewisham,Hither Green,2022-05-05,POWELL,Kim,Labour Party,2230,True,Hither Green,Lewisham,E05013724,E09000023
Lewisham,Hither Green,2022-05-05,STEVENS,Greg,The Conservative Party Candidate,420,False,Hither Green,Lewisham,E05013724,E09000023
Lewisham,Ladywell,2022-05-05,BROWN,Bill,Labour Party,1930,True,Ladywell,Lewisham,E05013725,E09000023
Lewisham,Ladywell,2022-05-05,BURNELL,Jean Raili,Liberal Democrats,322,False,Ladywell,Lewisham,E05013725,E09000023
Lewisham,Ladywell,2022-05-05,CROSSLEY,Tim,Green Party,1759,False,Ladywell,Lewisham,E05013725,E09000023
Lewisham,Ladywell,2022-05-05,CUNNINGHAM,Laura,Labour Party,2151,True,Ladywell,Lewisham,E05013725,E09000023
Lewisham,Ladywell,2022-05-05,HARRIS,Ian,The Conservative Party Candidate,277,False,Ladywell,Lewisham,E05013725,E09000023
Lewisham,Ladywell,2022-05-05,HUMBERSTONE,Nick,Green Party,1786,False,Ladywell,Lewisham,E05013725,E09000023
Lewisham,Ladywell,2022-05-05,JOHNSTON-FRANKLIN,Liz,Labour Party,1950,True,Ladywell,Lewisham,E05013725,E09000023
Lewisham,Ladywell,2022-05-05,LLOYD,Tony,Liberal Democrats,165,False,Ladywell,Lewisham,E05013725,E09000023
Lewisham,Ladywell,2022-05-05,MCINNES,Maria-Lidia,The Conservative Party Candidate,267,False,Ladywell,Lewisham,E05013725,E09000023
Lewisham,Ladywell,2022-05-05,SMITH,Andy,Liberal Democrats,140,False,Ladywell,Lewisham,E05013725,E09000023
Lewisham,Ladywell,2022-05-05,STEIN,Dorothy,Green Party,1810,False,Ladywell,Lewisham,E05013725,E09000023
Lewisham,Ladywell,2022-05-05,WEATHERALL,Neil,The Conservative Party Candidate,231,False,Ladywell,Lewisham,E05013725,E09000023
Lewisham,Lee Green,2022-05-05,BENTINCK,Teresa,The Conservative Party Candidate,603,False,Lee Green,Lewisham,E05013726,E09000023
Lewisham,Lee Green,2022-05-05,ERHERIENE,Ese,Labour and Co-operative Party,1970,True,Lee Green,Lewisham,E05013726,E09000023
Lewisham,Lee Green,2022-05-05,FOULKES,James,Liberal Democrats,1090,False,Lee Green,Lewisham,E05013726,E09000023
Lewisham,Lee Green,2022-05-05,FOX,Lizzie,Liberal Democrats,1267,False,Lee Green,Lewisham,E05013726,E09000023
Lewisham,Lee Green,2022-05-05,FREESTOW,Richard,Green Party,679,False,Lee Green,Lewisham,E05013726,E09000023
Lewisham,Lee Green,2022-05-05,JABLKOWSKA,Miki,Green Party,687,False,Lee Green,Lewisham,E05013726,E09000023
Lewisham,Lee Green,2022-05-05,KESTNER,Eva,Labour and Co-operative Party,1796,True,Lee Green,Lewisham,E05013726,E09000023
Lewisham,Lee Green,2022-05-05,MARTIN,Maureen Maud,Christian Peoples Alliance,95,False,Lee Green,Lewisham,E05013726,E09000023
Lewisham,Lee Green,2022-05-05,OLDING,Paul,Liberal Democrats,862,False,Lee Green,Lewisham,E05013726,E09000023
Lewisham,Lee Green,2022-05-05,RATHBONE,James,Labour and Co-operative Party,1672,True,Lee Green,Lewisham,E05013726,E09000023
Lewisham,Lee Green,2022-05-05,ROWLEY,Helen Jane,The Conservative Party Candidate,448,False,Lee Green,Lewisham,E05013726,E09000023
Lewisham,Lee Green,2022-05-05,SOLLY,Imogen,Green Party,714,False,Lee Green,Lewisham,E05013726,E09000023
Lewisham,Lee Green,2022-05-05,THURGOOD,Sam,The Conservative Party Candidate,392,False,Lee Green,Lewisham,E05013726,E09000023
Lewisham,Lewisham Central,2022-05-05,CURTIS-HALE,Josh,Liberal Democrats,190,False,Lewisham Central,Lewisham,E05013727,E09000023
Lewisham,Lewisham Central,2022-05-05,GEORGE,Peter,Liberal Democrats,180,False,Lewisham Central,Lewisham,E05013727,E09000023
Lewisham,Lewisham Central,2022-05-05,HUYNH,Edison,Labour Party,876,True,Lewisham Central,Lewisham,E05013727,E09000023
Lewisham,Lewisham Central,2022-05-05,MARIONNEAU,Julie,The Conservative Party Candidate,181,False,Lewisham Central,Lewisham,E05013727,E09000023
Lewisham,Lewisham Central,2022-05-05,O`CONNOR,Joshua Patrick,The Conservative Party Candidate,132,False,Lewisham Central,Lewisham,E05013727,E09000023
Lewisham,Lewisham Central,2022-05-05,SHEIKH,Aliya,Labour Party,791,True,Lewisham Central,Lewisham,E05013727,E09000023
Lewisham,Lewisham Central,2022-05-05,SPENCER,Mia,Green Party,455,False,Lewisham Central,Lewisham,E05013727,E09000023
Lewisham,New Cross Gate,2022-05-05,COWARD,Jay,Trade Unionist and Socialist Coalition,132,False,New Cross Gate,Lewisham,E05013728,E09000023
Lewisham,New Cross Gate,2022-05-05,GILL,Alexander,The Conservative Party Candidate,166,False,New Cross Gate,Lewisham,E05013728,E09000023
Lewisham,New Cross Gate,2022-05-05,HAWKINS,Linda Frances,Liberal Democrats,165,False,New Cross Gate,Lewisham,E05013728,E09000023
Lewisham,New Cross Gate,2022-05-05,HEBDITCH,Richard Francis,Liberal Democrats,86,False,New Cross Gate,Lewisham,E05013728,E09000023
Lewisham,New Cross Gate,2022-05-05,MALIK-SMITH,Aisha,Labour Party,1410,True,New Cross Gate,Lewisham,E05013728,E09000023
Lewisham,New Cross Gate,2022-05-05,ROLFE,Hudson,Green Party,473,False,New Cross Gate,Lewisham,E05013728,E09000023
Lewisham,New Cross Gate,2022-05-05,SHRIVASTAVA,Liam,Labour Party,890,True,New Cross Gate,Lewisham,E05013728,E09000023
Lewisham,New Cross Gate,2022-05-05,STATHAM,Wendy Christine,The Conservative Party Candidate,100,False,New Cross Gate,Lewisham,E05013728,E09000023
Lewisham,Perry Vale,2022-05-05,FEAKES,Alex,Liberal Democrats,638,False,Perry Vale,Lewisham,E05013729,E09000023
Lewisham,Perry Vale,2022-05-05,HARDING,Alan Francis,Liberal Democrats,449,False,Perry Vale,Lewisham,E05013729,E09000023
Lewisham,Perry Vale,2022-05-05,MCINTOSH,Robert,Green Party,1161,False,Perry Vale,Lewisham,E05013729,E09000023
Lewisham,Perry Vale,2022-05-05,MUHAMMED,Alan Shan,Liberal Democrats,329,False,Perry Vale,Lewisham,E05013729,E09000023
Lewisham,Perry Vale,2022-05-05,PASCHOUD,John,Labour and Co-operative Party,2596,True,Perry Vale,Lewisham,E05013729,E09000023
Lewisham,Perry Vale,2022-05-05,PICKLES,Adela,Green Party,1193,False,Perry Vale,Lewisham,E05013729,E09000023
Lewisham,Perry Vale,2022-05-05,SHEIKH,Sakina,Labour and Co-operative Party,2680,True,Perry Vale,Lewisham,E05013729,E09000023
Lewisham,Perry Vale,2022-05-05,SKEEN,Bettina St. J.,Conservative Party Candidate,463,False,Perry Vale,Lewisham,E05013729,E09000023
Lewisham,Perry Vale,2022-05-05,STEVENSON,William Reid,Conservative Party Candidate,495,False,Perry Vale,Lewisham,E05013729,E09000023
Lewisham,Perry Vale,2022-05-05,THURGOOD,Peter John,Conservative Party Candidate,438,False,Perry Vale,Lewisham,E05013729,E09000023
Lewisham,Perry Vale,2022-05-05,WISE,Susan,Labour and Co-operative Party,2605,True,Perry Vale,Lewisham,E05013729,E09000023
Lewisham,Rushey Green,2022-05-05,ALBION,Allie,Green Party,851,False,Rushey Green,Lewisham,E05013730,E09000023
Lewisham,Rushey Green,2022-05-05,BEGUM,Selina,The Conservative Party Candidate,389,False,Rushey Green,Lewisham,E05013730,E09000023
Lewisham,Rushey Green,2022-05-05,BENSON,Felicity,The Conservative Party Candidate,395,False,Rushey Green,Lewisham,E05013730,E09000023
Lewisham,Rushey Green,2022-05-05,COTTRELL,Alex,Green Party,704,False,Rushey Green,Lewisham,E05013730,E09000023
Lewisham,Rushey Green,2022-05-05,CROZIER,George Alex,Liberal Democrats,311,False,Rushey Green,Lewisham,E05013730,E09000023
Lewisham,Rushey Green,2022-05-05,DEGEN,Heidi,Liberal Democrats,401,False,Rushey Green,Lewisham,E05013730,E09000023
Lewisham,Rushey Green,2022-05-05,KRUPSKI,Louise,Labour and Co-operative Party,2421,True,Rushey Green,Lewisham,E05013730,E09000023
Lewisham,Rushey Green,2022-05-05,MULDOON,John,Labour and Co-operative Party,2028,True,Rushey Green,Lewisham,E05013730,E09000023
Lewisham,Rushey Green,2022-05-05,MURPHY,Florence,Green Party,851,False,Rushey Green,Lewisham,E05013730,E09000023
Lewisham,Rushey Green,2022-05-05,SMITH,Adrien,Liberal Democrats,278,False,Rushey Green,Lewisham,E05013730,E09000023
Lewisham,Rushey Green,2022-05-05,THURGOOD,Frances,The Conservative Party Candidate,341,False,Rushey Green,Lewisham,E05013730,E09000023
Lewisham,Rushey Green,2022-05-05,WALSH,James-J,Labour and Co-operative Party,1877,True,Rushey Green,Lewisham,E05013730,E09000023
Lewisham,Sydenham,2022-05-05,ARCHER,Ross Kenneth,The Conservative Party Candidate,625,False,Sydenham,Lewisham,E05013731,E09000023
Lewisham,Sydenham,2022-05-05,AUSTIN,Sue,Green Party,1267,False,Sydenham,Lewisham,E05013731,E09000023
Lewisham,Sydenham,2022-05-05,BACHMANN,Michael,Liberal Democrats,534,False,Sydenham,Lewisham,E05013731,E09000023
Lewisham,Sydenham,2022-05-05,BEST,Chris,Labour and Co-operative Party,2456,True,Sydenham,Lewisham,E05013731,E09000023
Lewisham,Sydenham,2022-05-05,BULL,Adam,Liberal Democrats,336,False,Sydenham,Lewisham,E05013731,E09000023
Lewisham,Sydenham,2022-05-05,CURRAN,Liam,Labour and Co-operative Party,2132,True,Sydenham,Lewisham,E05013731,E09000023
Lewisham,Sydenham,2022-05-05,LAVERY,Jack,Labour and Co-operative Party,2026,True,Sydenham,Lewisham,E05013731,E09000023
Lewisham,Sydenham,2022-05-05,LEE,Nick,Green Party,858,False,Sydenham,Lewisham,E05013731,E09000023
Lewisham,Sydenham,2022-05-05,PRIOR,Dickon Christopher John,The Conservative Party Candidate,475,False,Sydenham,Lewisham,E05013731,E09000023
Lewisham,Sydenham,2022-05-05,SQUIRES,Raymond,The Conservative Party Candidate,446,False,Sydenham,Lewisham,E05013731,E09000023
Lewisham,Sydenham,2022-05-05,WILSON,Margot,Liberal Democrats,495,False,Sydenham,Lewisham,E05013731,E09000023
Lewisham,Telegraph Hill,2022-05-05,ALMQVIST,Brendan,The Conservative Party Candidate,153,False,Telegraph Hill,Lewisham,E05013732,E09000023
Lewisham,Telegraph Hill,2022-05-05,BELL,Paul,Labour Party,2541,True,Telegraph Hill,Lewisham,E05013732,E09000023
Lewisham,Telegraph Hill,2022-05-05,CARTER,Sarah,Green Party,1448,False,Telegraph Hill,Lewisham,E05013732,E09000023
Lewisham,Telegraph Hill,2022-05-05,KRENZER,Gabriel,Green Party,990,False,Telegraph Hill,Lewisham,E05013732,E09000023
Lewisham,Telegraph Hill,2022-05-05,LEIMON,Averil Mitchell,Liberal Democrats,366,False,Telegraph Hill,Lewisham,E05013732,E09000023
Lewisham,Telegraph Hill,2022-05-05,LLOYD,Kit,Liberal Democrats,293,False,Telegraph Hill,Lewisham,E05013732,E09000023
Lewisham,Telegraph Hill,2022-05-05,MILLBANK,Joan,Labour Party,2777,True,Telegraph Hill,Lewisham,E05013732,E09000023
Lewisham,Telegraph Hill,2022-05-05,SACKEY,Isaac,The Conservative Party Candidate,94,False,Telegraph Hill,Lewisham,E05013732,E09000023
Lewisham,Telegraph Hill,2022-05-05,SORBA,Luke,Labour Party,2139,True,Telegraph Hill,Lewisham,E05013732,E09000023
Lewisham,Telegraph Hill,2022-05-05,YEBOAH-SACKEY,Anne,The Conservative Party Candidate,92,False,Telegraph Hill,Lewisham,E05013732,E09000023
Merton,Abbey,2022-05-05,BENBOW,Nigel Charles,Local Conservatives,927,False,Abbey,Merton,E05013810,E09000024
Merton,Abbey,2022-05-05,BRAITHWAITE,John Matthew,Liberal Democrat,1294,True,Abbey,Merton,E05013810,E09000024
Merton,Abbey,2022-05-05,BRUNT,Mike,Labour Party,1169,True,Abbey,Merton,E05013810,E09000024
Merton,Abbey,2022-05-05,DADA,Zak,Labour Party,1089,False,Abbey,Merton,E05013810,E09000024
Merton,Abbey,2022-05-05,DRESSELAERS,Klaar,Liberal Democrat,1160,True,Abbey,Merton,E05013810,E09000024
Merton,Abbey,2022-05-05,GARRETT,Peter James,Green Party,391,False,Abbey,Merton,E05013810,E09000024
Merton,Abbey,2022-05-05,ORMROD,Hayley Emma,Local Conservatives,858,False,Abbey,Merton,E05013810,E09000024
Merton,Abbey,2022-05-05,PECK,Karen Louise,Labour Party,1133,False,Abbey,Merton,E05013810,E09000024
Merton,Abbey,2022-05-05,RANJAN,Sivas,Local Conservatives,796,False,Abbey,Merton,E05013810,E09000024
Merton,Abbey,2022-05-05,SMITH,Barry John,Liberal Democrat,1151,False,Abbey,Merton,E05013810,E09000024
Merton,Cannon Hill,2022-05-05,ASHRAF,Asif,Liberal Democrat,1168,False,Cannon Hill,Merton,E05013811,E09000024
Merton,Cannon Hill,2022-05-05,BARNES,Dave,Labour Party,1049,False,Cannon Hill,Merton,E05013811,E09000024
Merton,Cannon Hill,2022-05-05,BARNETT,Ryan,Labour Party,977,False,Cannon Hill,Merton,E05013811,E09000024
Merton,Cannon Hill,2022-05-05,COWPER,Pauline Una,Labour Party,984,False,Cannon Hill,Merton,E05013811,E09000024
Merton,Cannon Hill,2022-05-05,GOULD,Jenifer Ann,Liberal Democrat,1329,True,Cannon Hill,Merton,E05013811,E09000024
Merton,Cannon Hill,2022-05-05,HENDERSON,Jae Richard,Green Party,299,False,Cannon Hill,Merton,E05013811,E09000024
Merton,Cannon Hill,2022-05-05,MCLEAN,Nicholas Martin,Local Conservatives,1263,True,Cannon Hill,Merton,E05013811,E09000024
Merton,Cannon Hill,2022-05-05,PATERSON,Michael Charles Joseph,Local Conservatives,1193,True,Cannon Hill,Merton,E05013811,E09000024
Merton,Cannon Hill,2022-05-05,POCOCK,Frank Laurance,Local Conservatives,1140,False,Cannon Hill,Merton,E05013811,E09000024
Merton,Cannon Hill,2022-05-05,POOLE,Richard David,Liberal Democrat,1129,False,Cannon Hill,Merton,E05013811,E09000024
Merton,Colliers Wood,2022-05-05,ATTAWAR,Laxmi,Labour Party,1809,True,Colliers Wood,Merton,E05013812,E09000024
Merton,Colliers Wood,2022-05-05,COOPER MARBIAH,Caroline,Labour Party,1907,True,Colliers Wood,Merton,E05013812,E09000024
Merton,Colliers Wood,2022-05-05,GERAGHTY,Philip Anthony,Green Party,855,False,Colliers Wood,Merton,E05013812,E09000024
Merton,Colliers Wood,2022-05-05,GUPTA,Shipra,Liberal Democrat,265,False,Colliers Wood,Merton,E05013812,E09000024
Merton,Colliers Wood,2022-05-05,KENNY,John Mark,Liberal Democrat,230,False,Colliers Wood,Merton,E05013812,E09000024
Merton,Colliers Wood,2022-05-05,MARKHAM,Katarzyna Wilhelmina,Local Conservatives,359,False,Colliers Wood,Merton,E05013812,E09000024
Merton,Colliers Wood,2022-05-05,NEAVERSON,Stuart,Labour Party,1563,True,Colliers Wood,Merton,E05013812,E09000024
Merton,Colliers Wood,2022-05-05,ROBERTSON,Emily Jane,Liberal Democrat,276,False,Colliers Wood,Merton,E05013812,E09000024
Merton,Colliers Wood,2022-05-05,TODD,Harry Joseph,Local Conservatives,400,False,Colliers Wood,Merton,E05013812,E09000024
Merton,Colliers Wood,2022-05-05,WALSH,Thomas Joseph,Green Party,696,False,Colliers Wood,Merton,E05013812,E09000024
Merton,Colliers Wood,2022-05-05,WHITE,Dylan Glyn,Local Conservatives,369,False,Colliers Wood,Merton,E05013812,E09000024
Merton,Cricket Green,2022-05-05,BOLT,Vincent James William,Liberal Democrat,196,False,Cricket Green,Merton,E05013813,E09000024
Merton,Cricket Green,2022-05-05,BUTCHER,Michael Kevin,Labour Party,1788,True,Cricket Green,Merton,E05013813,E09000024
Merton,Cricket Green,2022-05-05,FORBES,Alex,Trade Unionist and Socialist Coalition,80,False,Cricket Green,Merton,E05013813,E09000024
Merton,Cricket Green,2022-05-05,KAWEESA,Usaama,Labour Party,1774,True,Cricket Green,Merton,E05013813,E09000024
Merton,Cricket Green,2022-05-05,LUDVIGSEN,Peter Vindal,Local Conservatives,348,False,Cricket Green,Merton,E05013813,E09000024
Merton,Cricket Green,2022-05-05,MANLY,Gill,Labour Party,1816,True,Cricket Green,Merton,E05013813,E09000024
Merton,Cricket Green,2022-05-05,MANSFIELD,Barbara Jane,Local Conservatives,433,False,Cricket Green,Merton,E05013813,E09000024
Merton,Cricket Green,2022-05-05,MORRISON,Gail Isabel,Liberal Democrat,182,False,Cricket Green,Merton,E05013813,E09000024
Merton,Cricket Green,2022-05-05,STANTON,Christopher Adrian,Green Party,274,False,Cricket Green,Merton,E05013813,E09000024
Merton,Cricket Green,2022-05-05,WATKINSON,Gary Clive,Local Conservatives,351,False,Cricket Green,Merton,E05013813,E09000024
Merton,Cricket Green,2022-05-05,WOODWARD,William,Liberal Democrat,121,False,Cricket Green,Merton,E05013813,E09000024
Merton,Figge's Marsh,2022-05-05,AKYIGYINA,Agatha Mary,Labour Party,1962,True,Figge's Marsh,Merton,E05013814,E09000024
Merton,Figge's Marsh,2022-05-05,ASHLEY,April Jacqueline,Trade Unionist and Socialist Coalition,84,False,Figge's Marsh,Merton,E05013814,E09000024
Merton,Figge's Marsh,2022-05-05,BAILEY,Eloise,Liberal Democrat,152,False,Figge's Marsh,Merton,E05013814,E09000024
Merton,Figge's Marsh,2022-05-05,HAMMOND,Alice Sophie Jane,Local Conservatives,267,False,Figge's Marsh,Merton,E05013814,E09000024
Merton,Figge's Marsh,2022-05-05,IRONS,Natasha Dawn,Labour Party,1882,True,Figge's Marsh,Merton,E05013814,E09000024
Merton,Figge's Marsh,2022-05-05,JOHNSTON,Daniel Stefan,Labour Party,1753,True,Figge's Marsh,Merton,E05013814,E09000024
Merton,Figge's Marsh,2022-05-05,PANNIFEX,Sally,Green Party,221,False,Figge's Marsh,Merton,E05013814,E09000024
Merton,Figge's Marsh,2022-05-05,RAYMOND,John Leslie,Liberal Democrat,115,False,Figge's Marsh,Merton,E05013814,E09000024
Merton,Figge's Marsh,2022-05-05,TAYLOR,Linda Joan,Local Conservatives,293,False,Figge's Marsh,Merton,E05013814,E09000024
Merton,Figge's Marsh,2022-05-05,THOMAS,Nicholas James,Liberal Democrat,103,False,Figge's Marsh,Merton,E05013814,E09000024
Merton,Figge's Marsh,2022-05-05,WILLIAMSON,Tim,Local Conservatives,257,False,Figge's Marsh,Merton,E05013814,E09000024
Merton,Graveney,2022-05-05,ALTMAN,Louis Joseph,Local Conservatives,385,False,Graveney,Merton,E05013815,E09000024
Merton,Graveney,2022-05-05,BHIM,Sheri Ann,Labour Party,2097,True,Graveney,Merton,E05013815,E09000024
Merton,Graveney,2022-05-05,HAMMOND,Sally Patricia,Local Conservatives,363,False,Graveney,Merton,E05013815,E09000024
Merton,Graveney,2022-05-05,HAYES,Billy,Labour Party,2009,True,Graveney,Merton,E05013815,E09000024
Merton,Graveney,2022-05-05,HO,Yue Hang,Liberal Democrat,166,False,Graveney,Merton,E05013815,E09000024
Merton,Graveney,2022-05-05,KIRBY,Linda,Labour Party,2182,True,Graveney,Merton,E05013815,E09000024
Merton,Graveney,2022-05-05,MUKADAM,Quresh Shehab,Liberal Democrat,142,False,Graveney,Merton,E05013815,E09000024
Merton,Graveney,2022-05-05,OSEI,Ricky Bonsu,Local Conservatives,323,False,Graveney,Merton,E05013815,E09000024
Merton,Graveney,2022-05-05,PEACE,Christine,Liberal Democrat,199,False,Graveney,Merton,E05013815,E09000024
Merton,Graveney,2022-05-05,STEVENS,Rupert Arthur,Green Party,422,False,Graveney,Merton,E05013815,E09000024
Merton,Hillside,2022-05-05,BOTTRIELL,Rebecca Ciara,Labour Party,515,False,Hillside,Merton,E05013816,E09000024
Merton,Hillside,2022-05-05,COSSINS,Rob,Local Conservatives,1015,False,Hillside,Merton,E05013816,E09000024
Merton,Hillside,2022-05-05,FAULKNER,Ursula Gillian,Liberal Democrat,1005,False,Hillside,Merton,E05013816,E09000024
Merton,Hillside,2022-05-05,HICKS,Susan Elizabeth,Liberal Democrat,1105,True,Hillside,Merton,E05013816,E09000024
Merton,Hillside,2022-05-05,HIRSCH,Steven Richard,Labour Party,464,False,Hillside,Merton,E05013816,E09000024
Merton,Hillside,2022-05-05,HOLDEN,Dan,Local Conservatives,1059,True,Hillside,Merton,E05013816,E09000024
Merton,Lavender Fields,2022-05-05,ALAGARATNAM,Rathy,Local Conservatives,420,False,Lavender Fields,Merton,E05013817,E09000024
Merton,Lavender Fields,2022-05-05,BARKER,Elizabeth Jean,Liberal Democrat,271,False,Lavender Fields,Merton,E05013817,E09000024
Merton,Lavender Fields,2022-05-05,BURRIDGE,George Nicholas,Green Party,365,False,Lavender Fields,Merton,E05013817,E09000024
Merton,Lavender Fields,2022-05-05,CAHILL,Angela,Local Conservatives,395,False,Lavender Fields,Merton,E05013817,E09000024
Merton,Lavender Fields,2022-05-05,CHRISTIE,Billy,Labour Party,1580,True,Lavender Fields,Merton,E05013817,E09000024
Merton,Lavender Fields,2022-05-05,FLETCHER,Benedict Isambard Statham,Liberal Democrat,117,False,Lavender Fields,Merton,E05013817,E09000024
Merton,Lavender Fields,2022-05-05,MACAULEY,Edith,Labour Party,1608,True,Lavender Fields,Merton,E05013817,E09000024
Merton,Lavender Fields,2022-05-05,PARRITT,Simon William,Liberal Democrat,166,False,Lavender Fields,Merton,E05013817,E09000024
Merton,Lavender Fields,2022-05-05,RUSHTON,Fred,Local Conservatives,332,False,Lavender Fields,Merton,E05013817,E09000024
Merton,Lavender Fields,2022-05-05,SZCZEPANSKI,Slawek,Labour Party,1390,True,Lavender Fields,Merton,E05013817,E09000024
Merton,Longthornton,2022-05-05,BEHESHTIZADEH,Kaweh,Liberal Democrat,191,False,Longthornton,Merton,E05013818,E09000024
Merton,Longthornton,2022-05-05,BOYD,Leila,Green Party,332,False,Longthornton,Merton,E05013818,E09000024
Merton,Longthornton,2022-05-05,FRASER,Brenda Lorraine,Labour Party,1869,True,Longthornton,Merton,E05013818,E09000024
Merton,Longthornton,2022-05-05,GARROD,Ross Benjamin,Labour Party,1662,True,Longthornton,Merton,E05013818,E09000024
Merton,Longthornton,2022-05-05,HARRIS,Nicholas Paul,Liberal Democrat,198,False,Longthornton,Merton,E05013818,E09000024
Merton,Longthornton,2022-05-05,JONES,Simon John,Liberal Democrat,217,False,Longthornton,Merton,E05013818,E09000024
Merton,Longthornton,2022-05-05,LEWIS-LAVENDER,Brian Ernest,Local Conservatives,453,False,Longthornton,Merton,E05013818,E09000024
Merton,Longthornton,2022-05-05,ORMROD,Michael,Local Conservatives,417,False,Longthornton,Merton,E05013818,E09000024
Merton,Longthornton,2022-05-05,SKEETE,Marsie Vanesser,Labour Party,1584,True,Longthornton,Merton,E05013818,E09000024
Merton,Longthornton,2022-05-05,WILLIE,Delvalee Shellet-Ann,Local Conservatives,425,False,Longthornton,Merton,E05013818,E09000024
Merton,Lower Morden,2022-05-05,ASTRAND,Martin John,Green Party,384,False,Lower Morden,Merton,E05013819,E09000024
Merton,Lower Morden,2022-05-05,BOGLE,James Stewart Lockhart,Local Conservatives,1469,False,Lower Morden,Merton,E05013819,E09000024
Merton,Lower Morden,2022-05-05,COX,Eleanor Anne,Local Conservatives,1536,True,Lower Morden,Merton,E05013819,E09000024
Merton,Lower Morden,2022-05-05,CUNNINGHAM,Andrew Harry Walton,Local Conservatives,1490,False,Lower Morden,Merton,E05013819,E09000024
Merton,Lower Morden,2022-05-05,HASSAN,Miran,Labour Party,1531,False,Lower Morden,Merton,E05013819,E09000024
Merton,Lower Morden,2022-05-05,KENNY,Sally Isabel,Labour Party,1778,True,Lower Morden,Merton,E05013819,E09000024
Merton,Lower Morden,2022-05-05,LUCK,Gabriel,Liberal Democrat,271,False,Lower Morden,Merton,E05013819,E09000024
Merton,Lower Morden,2022-05-05,MILES,Nicholas John Ounstead,Liberal Democrat,216,False,Lower Morden,Merton,E05013819,E09000024
Merton,Lower Morden,2022-05-05,TANQUERAY,Jean-Bernard,Liberal Democrat,187,False,Lower Morden,Merton,E05013819,E09000024
Merton,Lower Morden,2022-05-05,WILLISCROFT,James,Labour Party,1599,True,Lower Morden,Merton,E05013819,E09000024
Merton,Merton Park,2022-05-05,CHADWICK,Deborah,Labour Party,575,False,Merton Park,Merton,E05013820,E09000024
Merton,Merton Park,2022-05-05,FOLEY,Edward William,Merton Park Ward Independent Residents,1853,True,Merton Park,Merton,E05013820,E09000024
Merton,Merton Park,2022-05-05,HARRIS,Alex,Labour Party,498,False,Merton Park,Merton,E05013820,E09000024
Merton,Merton Park,2022-05-05,LATIF,Abdul,Local Conservatives,346,False,Merton Park,Merton,E05013820,E09000024
Merton,Merton Park,2022-05-05,LATIF,Najeeb,Local Conservatives,333,False,Merton Park,Merton,E05013820,E09000024
Merton,Merton Park,2022-05-05,MADDISON,Emma,Liberal Democrat,293,False,Merton Park,Merton,E05013820,E09000024
Merton,Merton Park,2022-05-05,MERCER,Stephen,Merton Park Ward Independent Residents,1723,True,Merton Park,Merton,E05013820,E09000024
Merton,Merton Park,2022-05-05,O'BRIEN,Keiren John McCarthy,Green Party,173,False,Merton Park,Merton,E05013820,E09000024
Merton,Merton Park,2022-05-05,OXFORD,Christopher Adam,Liberal Democrat,177,False,Merton Park,Merton,E05013820,E09000024
Merton,Pollards Hill,2022-05-05,AMONA,Daniel,Local Conservatives,366,False,Pollards Hill,Merton,E05013821,E09000024
Merton,Pollards Hill,2022-05-05,BORROW,Toni,Liberal Democrat,125,False,Pollards Hill,Merton,E05013821,E09000024
Merton,Pollards Hill,2022-05-05,COLE,Anthony Neil,Local Conservatives,351,False,Pollards Hill,Merton,E05013821,E09000024
Merton,Pollards Hill,2022-05-05,HENRY,Joan,Labour Party,1930,True,Pollards Hill,Merton,E05013821,E09000024
Merton,Pollards Hill,2022-05-05,JEANES,Mary-Jane,Liberal Democrat,122,False,Pollards Hill,Merton,E05013821,E09000024
Merton,Pollards Hill,2022-05-05,MITCHELL,Beth,Local Conservatives,343,False,Pollards Hill,Merton,E05013821,E09000024
Merton,Pollards Hill,2022-05-05,MUNDY,Aidan,Labour Party,1785,True,Pollards Hill,Merton,E05013821,E09000024
Merton,Pollards Hill,2022-05-05,PAYNE,Matthew William,Liberal Democrat,89,False,Pollards Hill,Merton,E05013821,E09000024
Merton,Pollards Hill,2022-05-05,ROGERS,Margaret Clare,Green Party,174,False,Pollards Hill,Merton,E05013821,E09000024
Merton,Pollards Hill,2022-05-05,WHELTON,Martin,Labour Party,1785,True,Pollards Hill,Merton,E05013821,E09000024
Merton,Ravensbury,2022-05-05,ALAMBRITIS,Stephen,Labour Party,1497,True,Ravensbury,Merton,E05013822,E09000024
Merton,Ravensbury,2022-05-05,CHARLES,Caroline,Labour Party,1504,True,Ravensbury,Merton,E05013822,E09000024
Merton,Ravensbury,2022-05-05,HARBRON,Stephen Kenneth,Liberal Democrat,173,False,Ravensbury,Merton,E05013822,E09000024
Merton,Ravensbury,2022-05-05,HOLDT,Rory Daniel,Local Conservatives,355,False,Ravensbury,Merton,E05013822,E09000024
Merton,Ravensbury,2022-05-05,HOLMES,Sarah Elizabeth,Local Conservatives,385,False,Ravensbury,Merton,E05013822,E09000024
Merton,Ravensbury,2022-05-05,MCCABE,Peter,Labour Party,1346,True,Ravensbury,Merton,E05013822,E09000024
Merton,Ravensbury,2022-05-05,MOULTON,Thomas Sebastian George,Local Conservatives,337,False,Ravensbury,Merton,E05013822,E09000024
Merton,Ravensbury,2022-05-05,NORBROOK,Hamish Thomas Ellis,Liberal Democrat,153,False,Ravensbury,Merton,E05013822,E09000024
Merton,Ravensbury,2022-05-05,OHARA,Karen,Green Party,294,False,Ravensbury,Merton,E05013822,E09000024
Merton,Ravensbury,2022-05-05,WEBER,Sarah Elizabeth,Liberal Democrat,192,False,Ravensbury,Merton,E05013822,E09000024
Merton,Raynes Park,2022-05-05,BUSBRIDGE,Wayne Albert,Labour Party,707,False,Raynes Park,Merton,E05013823,E09000024
Merton,Raynes Park,2022-05-05,BUSH,Adam,Local Conservatives,1264,False,Raynes Park,Merton,E05013823,E09000024
Merton,Raynes Park,2022-05-05,BUSH,Omar,Local Conservatives,1223,False,Raynes Park,Merton,E05013823,E09000024
Merton,Raynes Park,2022-05-05,DEAN,David Thomas,Local Conservatives,1287,False,Raynes Park,Merton,E05013823,E09000024
Merton,Raynes Park,2022-05-05,FLACK,Chessie,Liberal Democrat,1796,True,Raynes Park,Merton,E05013823,E09000024
Merton,Raynes Park,2022-05-05,GAY,Peter Charles,Green Party,421,False,Raynes Park,Merton,E05013823,E09000024
Merton,Raynes Park,2022-05-05,HOOPER,Becky,Labour Party,767,False,Raynes Park,Merton,E05013823,E09000024
Merton,Raynes Park,2022-05-05,PLATTS,Harry John,Labour Party,662,False,Raynes Park,Merton,E05013823,E09000024
Merton,Raynes Park,2022-05-05,WILLIS,Matthew James,Liberal Democrat,1753,True,Raynes Park,Merton,E05013823,E09000024
Merton,Raynes Park,2022-05-05,WILSON,Victoria Jane,Liberal Democrat,1819,True,Raynes Park,Merton,E05013823,E09000024
Merton,St Helier,2022-05-05,BARLOW,Olivia Charlotte,Local Conservatives,475,False,St Helier,Merton,E05013824,E09000024
Merton,St Helier,2022-05-05,BOKTH,Inam Muhammad,Local Conservatives,380,False,St Helier,Merton,E05013824,E09000024
Merton,St Helier,2022-05-05,BROOKS,Rachel Eileen,Green Party,340,False,St Helier,Merton,E05013824,E09000024
Merton,St Helier,2022-05-05,CROWE,Stephen Paul,Local Conservatives,415,False,St Helier,Merton,E05013824,E09000024
Merton,St Helier,2022-05-05,DOLLIMORE,Helena,Labour Party,1393,True,St Helier,Merton,E05013824,E09000024
Merton,St Helier,2022-05-05,JUDGE,Andrew,Labour Party,1262,True,St Helier,Merton,E05013824,E09000024
Merton,St Helier,2022-05-05,MASLIN,Pippa,Green Party,386,False,St Helier,Merton,E05013824,E09000024
Merton,St Helier,2022-05-05,PEARCE,Dennis,Labour Party,1258,True,St Helier,Merton,E05013824,E09000024
Merton,St Helier,2022-05-05,RAE,James Douglas,Green Party,227,False,St Helier,Merton,E05013824,E09000024
Merton,St Helier,2022-05-05,SHILLITO,Richard Arthur,Liberal Democrat,149,False,St Helier,Merton,E05013824,E09000024
Merton,St Helier,2022-05-05,VELLA,Vivian Rose,Liberal Democrat,151,False,St Helier,Merton,E05013824,E09000024
Merton,St Helier,2022-05-05,WESTON,Guy Roland,Liberal Democrat,117,False,St Helier,Merton,E05013824,E09000024
Merton,Village,2022-05-05,AUSTIN,Max Daniel,Local Conservatives,1909,True,Village,Merton,E05013825,E09000024
Merton,Village,2022-05-05,BARLOW,Thomas James,Local Conservatives,1931,True,Village,Merton,E05013825,E09000024
Merton,Village,2022-05-05,GALLAGHER,Alexander,Liberal Democrat,1223,False,Village,Merton,E05013825,E09000024
Merton,Village,2022-05-05,HOWARD,Andrew Geoffrey Eliot,Local Conservatives,1850,True,Village,Merton,E05013825,E09000024
Merton,Village,2022-05-05,KIRMAN,Fergus,Liberal Democrat,1254,False,Village,Merton,E05013825,E09000024
Merton,Village,2022-05-05,OFEIMU,Franca,Labour Party,465,False,Village,Merton,E05013825,E09000024
Merton,Village,2022-05-05,PRITCHARD,Shirley Rona,Labour Party,495,False,Village,Merton,E05013825,E09000024
Merton,Village,2022-05-05,THOMAS,Geoffrey Huw,Labour Party,445,False,Village,Merton,E05013825,E09000024
Merton,Village,2022-05-05,TIMPSON,Sonja Nadine,Green Party,433,False,Village,Merton,E05013825,E09000024
Merton,Village,2022-05-05,WILLIAMS,Tom Emlyn,Liberal Democrat,1166,False,Village,Merton,E05013825,E09000024
Merton,Wandle,2022-05-05,ALLISON,Mark Gervais,Labour Party,727,False,Wandle,Merton,E05013826,E09000024
Merton,Wandle,2022-05-05,GALEA,Kirsten,Liberal Democrat,755,True,Wandle,Merton,E05013826,E09000024
Merton,Wandle,2022-05-05,LING,Philip Ka Fai,Liberal Democrat,673,False,Wandle,Merton,E05013826,E09000024
Merton,Wandle,2022-05-05,LOCKWOOD,Guy Robert Henry,Local Conservatives,513,False,Wandle,Merton,E05013826,E09000024
Merton,Wandle,2022-05-05,MCGRATH,Calum Hugh,Local Conservatives,472,False,Wandle,Merton,E05013826,E09000024
Merton,Wandle,2022-05-05,NAQSHBANDI,Mehmood,Green Party,253,False,Wandle,Merton,E05013826,E09000024
Merton,Wandle,2022-05-05,SMITH,Benjamin Timothy George,Green Party,166,False,Wandle,Merton,E05013826,E09000024
Merton,Wandle,2022-05-05,STRINGER,Eleanor Lesley,Labour Party,740,True,Wandle,Merton,E05013826,E09000024
Merton,West Barnes,2022-05-05,ALIMI,Lily,Local Conservatives,1038,False,West Barnes,Merton,E05013827,E09000024
Merton,West Barnes,2022-05-05,BARRABALL,John Charles,Green Party,441,False,West Barnes,Merton,E05013827,E09000024
Merton,West Barnes,2022-05-05,BOKHARI,Hina,Liberal Democrat,1655,True,West Barnes,Merton,E05013827,E09000024
Merton,West Barnes,2022-05-05,BUTLER,Ben,Labour Party,691,False,West Barnes,Merton,E05013827,E09000024
Merton,West Barnes,2022-05-05,HACKETT,Joseph Charles,Local Conservatives,1034,False,West Barnes,Merton,E05013827,E09000024
Merton,West Barnes,2022-05-05,LEWIS-LAVENDER,Gilli,Local Conservatives,1114,False,West Barnes,Merton,E05013827,E09000024
Merton,West Barnes,2022-05-05,NEWBERY,Rob,Labour Party,701,False,West Barnes,Merton,E05013827,E09000024
Merton,West Barnes,2022-05-05,OLIVER,John Michael,Liberal Democrat,1612,True,West Barnes,Merton,E05013827,E09000024
Merton,West Barnes,2022-05-05,PAGE,Robert,Liberal Democrat,1348,True,West Barnes,Merton,E05013827,E09000024
Merton,West Barnes,2022-05-05,TYLER TODD,Tessa,Labour Party,711,False,West Barnes,Merton,E05013827,E09000024
Merton,Wimbledon Park,2022-05-05,BOYD,Juliet Dorothy,Green Party,593,False,Wimbledon Park,Merton,E05013828,E09000024
Merton,Wimbledon Park,2022-05-05,CONSTANT,Hugh Darcy Page,Labour Party,783,False,Wimbledon Park,Merton,E05013828,E09000024
Merton,Wimbledon Park,2022-05-05,GRETTON,Ed,Local Conservatives,1056,False,Wimbledon Park,Merton,E05013828,E09000024
Merton,Wimbledon Park,2022-05-05,HALL,Jil,Liberal Democrat,1451,True,Wimbledon Park,Merton,E05013828,E09000024
Merton,Wimbledon Park,2022-05-05,HOWARD,Janice Mary Elizabeth,Local Conservatives,988,False,Wimbledon Park,Merton,E05013828,E09000024
Merton,Wimbledon Park,2022-05-05,MACARTHUR,Samantha,Liberal Democrat,1377,True,Wimbledon Park,Merton,E05013828,E09000024
Merton,Wimbledon Park,2022-05-05,MOULTON,Oonagh Jane,Local Conservatives,1053,False,Wimbledon Park,Merton,E05013828,E09000024
Merton,Wimbledon Park,2022-05-05,RAHMAN,Motiur,Labour Party,621,False,Wimbledon Park,Merton,E05013828,E09000024
Merton,Wimbledon Park,2022-05-05,REISS,Tony,Liberal Democrat,1358,True,Wimbledon Park,Merton,E05013828,E09000024
Merton,Wimbledon Park,2022-05-05,TREANOR,Pam,Labour Party,711,False,Wimbledon Park,Merton,E05013828,E09000024
Merton,Wimbledon Town & Dundonald,2022-05-05,BULL,Michael Martin,Local Conservatives,1041,False,Wimbledon Town & Dundonald,Merton,E05013829,E09000024
Merton,Wimbledon Town & Dundonald,2022-05-05,COLLINS,Laura,Green Party,572,False,Wimbledon Town & Dundonald,Merton,E05013829,E09000024
Merton,Wimbledon Town & Dundonald,2022-05-05,DANIELS,Terry,Labour Party,583,False,Wimbledon Town & Dundonald,Merton,E05013829,E09000024
Merton,Wimbledon Town & Dundonald,2022-05-05,FAIRCLOUGH,Anthony John,Liberal Democrat,2463,True,Wimbledon Town & Dundonald,Merton,E05013829,E09000024
Merton,Wimbledon Town & Dundonald,2022-05-05,GROCOTT,Suzanne Ellen,Local Conservatives,1144,False,Wimbledon Town & Dundonald,Merton,E05013829,E09000024
Merton,Wimbledon Town & Dundonald,2022-05-05,HOLMES,James Dominic Rupert,Local Conservatives,1053,False,Wimbledon Town & Dundonald,Merton,E05013829,E09000024
Merton,Wimbledon Town & Dundonald,2022-05-05,JONES,Abigail,Labour Party,704,False,Wimbledon Town & Dundonald,Merton,E05013829,E09000024
Merton,Wimbledon Town & Dundonald,2022-05-05,KOHLER,Paul Christopher,Liberal Democrat,2637,True,Wimbledon Town & Dundonald,Merton,E05013829,E09000024
Merton,Wimbledon Town & Dundonald,2022-05-05,MCGRATH,Simon,Liberal Democrat,2252,True,Wimbledon Town & Dundonald,Merton,E05013829,E09000024
Merton,Wimbledon Town & Dundonald,2022-05-05,PAUL,Devina Marylyn,Labour Party,553,False,Wimbledon Town & Dundonald,Merton,E05013829,E09000024
Newham,Beckton,2022-05-05,Ameku,Nancy,Christian Peoples Alliance,182,False,Beckton,Newham,E05013904,E09000025
Newham,Beckton,2022-05-05,Aning,Victor Kwasi,Conservative Party Candidate,400,False,Beckton,Newham,E05013904,E09000025
Newham,Beckton,2022-05-05,Asser,James Edward,Labour Party Candidate,1386,True,Beckton,Newham,E05013904,E09000025
Newham,Beckton,2022-05-05,Bourgeon (Bourgeon),Solveig (Sol),The Green Party,797,False,Beckton,Newham,E05013904,E09000025
Newham,Beckton,2022-05-05,Kazi,Abedin,Conservative Party Candidate,423,False,Beckton,Newham,E05013904,E09000025
Newham,Beckton,2022-05-05,Litteri,Benedetto,Conservative Party Candidate,363,False,Beckton,Newham,E05013904,E09000025
Newham,Beckton,2022-05-05,McLucas,Alison Mary,The Green Party,873,False,Beckton,Newham,E05013904,E09000025
Newham,Beckton,2022-05-05,Newman (Newman),Winky (Phebe),Christian Peoples Alliance,123,False,Beckton,Newham,E05013904,E09000025
Newham,Beckton,2022-05-05,Rahman,Rohima,Labour Party Candidate,1263,True,Beckton,Newham,E05013904,E09000025
Newham,Beckton,2022-05-05,Taylor,June,Christian Peoples Alliance,115,False,Beckton,Newham,E05013904,E09000025
Newham,Beckton,2022-05-05,Webb (Webb Green),Karen Julia (Karen Julia),The Green Party,826,False,Beckton,Newham,E05013904,E09000025
Newham,Beckton,2022-05-05,Wilson,Tonii Khydeen Dernia Catherine,Labour Party Candidate,1103,True,Beckton,Newham,E05013904,E09000025
Newham,Boleyn,2022-05-05,Bright,Peter James,The Green Party,524,False,Boleyn,Newham,E05013905,E09000025
Newham,Boleyn,2022-05-05,Durojaiye,Lawrencia,Conservative Party Candidate,367,False,Boleyn,Newham,E05013905,E09000025
Newham,Boleyn,2022-05-05,Gani,Mohammed Osman,Labour Party Candidate,1756,True,Boleyn,Newham,E05013905,E09000025
Newham,Boleyn,2022-05-05,Gibson,Earna,Christian Peoples Alliance,152,False,Boleyn,Newham,E05013905,E09000025
Newham,Boleyn,2022-05-05,Islam,Md. Nazrul,Conservative Party Candidate,538,False,Boleyn,Newham,E05013905,E09000025
Newham,Boleyn,2022-05-05,Lynch,Helen Katrina,The Green Party,494,False,Boleyn,Newham,E05013905,E09000025
Newham,Boleyn,2022-05-05,Rahman [Mannan],Zillor [Zillor],Conservative Party Candidate,406,False,Boleyn,Newham,E05013905,E09000025
Newham,Boleyn,2022-05-05,Toderascu,Roxana-Daniela,The Green Party,377,False,Boleyn,Newham,E05013905,E09000025
Newham,Boleyn,2022-05-05,Virdee,Harvinder Singh,Labour Party Candidate,1487,True,Boleyn,Newham,E05013905,E09000025
Newham,Boleyn,2022-05-05,Welsh,Cecilia Mary,Labour Party Candidate,1450,True,Boleyn,Newham,E05013905,E09000025
Newham,Canning Town North,2022-05-05,Ademolake,Simeon Adewole,Christian Peoples Alliance,296,False,Canning Town North,Newham,E05013906,E09000025
Newham,Canning Town North,2022-05-05,Amar,Flora,Christian Peoples Alliance,138,False,Canning Town North,Newham,E05013906,E09000025
Newham,Canning Town North,2022-05-05,Ayeni,Abiodun,Conservative Party Candidate,183,False,Canning Town North,Newham,E05013906,E09000025
Newham,Canning Town North,2022-05-05,Buxton,David Alexander,Independent,168,False,Canning Town North,Newham,E05013906,E09000025
Newham,Canning Town North,2022-05-05,Chadha,Rita,Labour Party Candidate,1080,True,Canning Town North,Newham,E05013906,E09000025
Newham,Canning Town North,2022-05-05,Chowdhury,Areeq Uddin,Labour Party Candidate,937,True,Canning Town North,Newham,E05013906,E09000025
Newham,Canning Town North,2022-05-05,Croft,Charlotte Rebecca Hurst,The Green Party,299,False,Canning Town North,Newham,E05013906,E09000025
Newham,Canning Town North,2022-05-05,Faqai,Ahmed Omar Sheikh,Conservative Party Candidate,131,False,Canning Town North,Newham,E05013906,E09000025
Newham,Canning Town North,2022-05-05,Jobson,Paul,Christian Peoples Alliance,143,False,Canning Town North,Newham,E05013906,E09000025
Newham,Canning Town North,2022-05-05,Jordan,Linda Ann,Independent,199,False,Canning Town North,Newham,E05013906,E09000025
Newham,Canning Town North,2022-05-05,Lessing,Oscar Paul Ateca,The Green Party,190,False,Canning Town North,Newham,E05013906,E09000025
Newham,Canning Town North,2022-05-05,Miah,Md. Abdul Quiyum,Conservative Party Candidate,145,False,Canning Town North,Newham,E05013906,E09000025
Newham,Canning Town North,2022-05-05,Mohammed,Shaban,Labour Party Candidate,965,True,Canning Town North,Newham,E05013906,E09000025
Newham,Canning Town North,2022-05-05,Thomas,Cassie Leanne,The Green Party,206,False,Canning Town North,Newham,E05013906,E09000025
Newham,Canning Town South,2022-05-05,Buxton,Carel Jane,Independent,187,False,Canning Town South,Newham,E05013907,E09000025
Newham,Canning Town South,2022-05-05,Dasgupta,Rohit Kumar,Labour and Co-operative Party,630,True,Canning Town South,Newham,E05013907,E09000025
Newham,Canning Town South,2022-05-05,Gamble [Gamble],Timothy John [Tim],Conservative Party Candidate,144,False,Canning Town South,Newham,E05013907,E09000025
Newham,Canning Town South,2022-05-05,Griffiths,Alan,Labour and Co-operative Party,585,True,Canning Town South,Newham,E05013907,E09000025
Newham,Canning Town South,2022-05-05,Guana Ruilachamin,Belgica Flor,Labour and Co-operative Party,536,True,Canning Town South,Newham,E05013907,E09000025
Newham,Canning Town South,2022-05-05,Laing,Myrtle Verona,Christian Peoples Alliance,74,False,Canning Town South,Newham,E05013907,E09000025
Newham,Canning Town South,2022-05-05,Nabudde,Rachel,Conservative Party Candidate,103,False,Canning Town South,Newham,E05013907,E09000025
Newham,Canning Town South,2022-05-05,Namwanje [Namwanje],Rosette [Prossy],Christian Peoples Alliance,50,False,Canning Town South,Newham,E05013907,E09000025
Newham,Canning Town South,2022-05-05,Pooler,Marc James,Conservative Party Candidate,122,False,Canning Town South,Newham,E05013907,E09000025
Newham,Canning Town South,2022-05-05,Reynolds,Oliver,The Green Party,185,False,Canning Town South,Newham,E05013907,E09000025
Newham,Canning Town South,2022-05-05,Scott [Scott],Deborah [Deb],The Green Party,161,False,Canning Town South,Newham,E05013907,E09000025
Newham,Canning Town South,2022-05-05,Smith,Benjamin Ian,The Green Party,106,False,Canning Town South,Newham,E05013907,E09000025
Newham,Canning Town South,2022-05-05,Swarna,Sharmila Sundar,Christian Peoples Alliance,54,False,Canning Town South,Newham,E05013907,E09000025
Newham,Canning Town South,2022-05-05,Wijesinghe Arachchige Dona [Wijesinghe],Chandrika Priyadarshani [Darshi],Independent,155,False,Canning Town South,Newham,E05013907,E09000025
Newham,Custom House,2022-05-05,Alamu,Eunice Abiodun,Christian Peoples Alliance,259,False,Custom House,Newham,E05013908,E09000025
Newham,Custom House,2022-05-05,Bannister,Gareth Trafford,The Green Party,422,False,Custom House,Newham,E05013908,E09000025
Newham,Custom House,2022-05-05,Beckles,James Anthony,Labour and Co-operative Party,1453,True,Custom House,Newham,E05013908,E09000025
Newham,Custom House,2022-05-05,Chowdhury,Mizanur Rahman,Conservative Party Candidate,378,False,Custom House,Newham,E05013908,E09000025
Newham,Custom House,2022-05-05,Court,Arnold John,Conservative Party Candidate,411,False,Custom House,Newham,E05013908,E09000025
Newham,Custom House,2022-05-05,Fox,Michael James,Liberal Democrat,301,False,Custom House,Newham,E05013908,E09000025
Newham,Custom House,2022-05-05,Labode,Sean Ayrton Kirk,The Green Party,361,False,Custom House,Newham,E05013908,E09000025
Newham,Custom House,2022-05-05,Lawal,Idiat,Christian Peoples Alliance,189,False,Custom House,Newham,E05013908,E09000025
Newham,Custom House,2022-05-05,McKenzie,Kay,Reform UK,93,False,Custom House,Newham,E05013908,E09000025
Newham,Custom House,2022-05-05,Odoi,Thelma Rosemond Naa Kai,Labour and Co-operative Party,1284,True,Custom House,Newham,E05013908,E09000025
Newham,Custom House,2022-05-05,Roll-Pickering [Roll-Pickering],Timothy Charles [Tim],Conservative Party Candidate,326,False,Custom House,Newham,E05013908,E09000025
Newham,Custom House,2022-05-05,Ruiz,Sarah Jane,Labour and Co-operative Party,1293,True,Custom House,Newham,E05013908,E09000025
Newham,Custom House,2022-05-05,Sarkar,Rupa,The Green Party,306,False,Custom House,Newham,E05013908,E09000025
Newham,Custom House,2022-05-05,Shedowo,Kayode,Christian Peoples Alliance,170,False,Custom House,Newham,E05013908,E09000025
Newham,East Ham,2022-05-05,Boxall,Timothy Richard,The Green Party,446,False,East Ham,Newham,E05013909,E09000025
Newham,East Ham,2022-05-05,Rasik [Faheem],Mohamadu Faheem Mohamadu [M.R.M],Conservative Party Candidate,703,False,East Ham,Newham,E05013909,E09000025
Newham,East Ham,2022-05-05,Falola [Falola],Olufemi Sunday [Femi],Labour Party Candidate,1709,True,East Ham,Newham,E05013909,E09000025
Newham,East Ham,2022-05-05,Ferdous [Ferdous],Shanzida [Shantu],Labour Party Candidate,1693,True,East Ham,Newham,E05013909,E09000025
Newham,East Ham,2022-05-05,Imamul [Haque],Haque [Imam],Labour Party Candidate,1725,True,East Ham,Newham,E05013909,E09000025
Newham,East Ham,2022-05-05,Meaby,Charles,Conservative Party Candidate,526,False,East Ham,Newham,E05013909,E09000025
Newham,East Ham,2022-05-05,Miah [Miah],Mohammed Nadim [Nadim],Conservative Party Candidate,571,False,East Ham,Newham,E05013909,E09000025
Newham,East Ham,2022-05-05,Shaw Roberts,Madeleine Catriona,The Green Party,428,False,East Ham,Newham,E05013909,E09000025
Newham,East Ham,2022-05-05,Toso,Edoardo Renato,The Green Party,283,False,East Ham,Newham,E05013909,E09000025
Newham,East Ham South,2022-05-05,Alam,Musawwar,Labour Party Candidate,2212,True,East Ham South,Newham,E05013910,E09000025
Newham,East Ham South,2022-05-05,Clifford,James Stuart,Conservative Party Candidate,479,False,East Ham South,Newham,E05013910,E09000025
Newham,East Ham South,2022-05-05,Harwood,Arthur John,Conservative Party Candidate,421,False,East Ham South,Newham,E05013910,E09000025
Newham,East Ham South,2022-05-05,Hedley [Hedley],Stephen [Steve],Trade Unionist and Socialist Coalition,223,False,East Ham South,Newham,E05013910,E09000025
Newham,East Ham South,2022-05-05,Kakumanu,Amal Raj,Christian Peoples Alliance,106,False,East Ham South,Newham,E05013910,E09000025
Newham,East Ham South,2022-05-05,Kakumanu,Sashir Raj,Christian Peoples Alliance,99,False,East Ham South,Newham,E05013910,E09000025
Newham,East Ham South,2022-05-05,Khan,Manir Uzzaman,Conservative Party Candidate,460,False,East Ham South,Newham,E05013910,E09000025
Newham,East Ham South,2022-05-05,Lamptey-Harding,Mark,The Green Party,460,False,East Ham South,Newham,E05013910,E09000025
Newham,East Ham South,2022-05-05,Masters,Susan Ruth,Labour Party Candidate,2135,True,East Ham South,Newham,E05013910,E09000025
Newham,East Ham South,2022-05-05,McHugh,Alexander Keith,The Green Party,370,False,East Ham South,Newham,E05013910,E09000025
Newham,East Ham South,2022-05-05,Palmer,Liam Ben,The Green Party,357,False,East Ham South,Newham,E05013910,E09000025
Newham,East Ham South,2022-05-05,Shah,Lakmini Sewwandi,Labour Party Candidate,1948,True,East Ham South,Newham,E05013910,E09000025
Newham,Forest Gate North,2022-05-05,Ahmed,Fokoruddin,Conservative Party Candidate,284,False,Forest Gate North,Newham,E05013911,E09000025
Newham,Forest Gate North,2022-05-05,Das Gupta,Sasha Lila,Labour and Co-operative Party,1268,True,Forest Gate North,Newham,E05013911,E09000025
Newham,Forest Gate North,2022-05-05,Hudson,Ellis Joseph Bartholomew,Conservative Party Candidate,189,False,Forest Gate North,Newham,E05013911,E09000025
Newham,Forest Gate North,2022-05-05,Pendlebury,Gary,The Green Party,435,False,Forest Gate North,Newham,E05013911,E09000025
Newham,Forest Gate North,2022-05-05,Reynolds,Philip Martyn,Liberal Democrat,201,False,Forest Gate North,Newham,E05013911,E09000025
Newham,Forest Gate North,2022-05-05,Spracklin,Michael John,The Green Party,388,False,Forest Gate North,Newham,E05013911,E09000025
Newham,Forest Gate North,2022-05-05,Tripp,Rachel Elizabeth,Labour and Co-operative Party,1366,True,Forest Gate North,Newham,E05013911,E09000025
Newham,Forest Gate South,2022-05-05,Beeler,Benjamin Roy Monroe,The Green Party,501,False,Forest Gate South,Newham,E05013912,E09000025
Newham,Forest Gate South,2022-05-05,Gradosielska [Gradosielska],Alexandra Danuta [Olenka],Conservative Party Candidate,331,False,Forest Gate South,Newham,E05013912,E09000025
Newham,Forest Gate South,2022-05-05,Hussain,Akmol,Conservative Party Candidate,423,False,Forest Gate South,Newham,E05013912,E09000025
Newham,Forest Gate South,2022-05-05,Islam,Anamul,Labour Party Candidate,1837,True,Forest Gate South,Newham,E05013912,E09000025
Newham,Forest Gate South,2022-05-05,Jones,Kieren Gareth,The Green Party,554,False,Forest Gate South,Newham,E05013912,E09000025
Newham,Forest Gate South,2022-05-05,Kolchev,Nikolay Nenchev,Conservative Party Candidate,263,False,Forest Gate South,Newham,E05013912,E09000025
Newham,Forest Gate South,2022-05-05,Sarley Pontin,Madeleine Ann Ruth,Labour Party Candidate,1749,True,Forest Gate South,Newham,E05013912,E09000025
Newham,Forest Gate South,2022-05-05,Sorrell,Emma Louise,The Green Party,559,False,Forest Gate South,Newham,E05013912,E09000025
Newham,Forest Gate South,2022-05-05,Terrar,David Graham,Liberal Democrat,319,False,Forest Gate South,Newham,E05013912,E09000025
Newham,Forest Gate South,2022-05-05,Vaughan,Winston Theodore,Labour Party Candidate,1491,True,Forest Gate South,Newham,E05013912,E09000025
Newham,Green Street East,2022-05-05,Austin,Lois,Trade Unionist and Socialist Coalition,185,False,Green Street East,Newham,E05013913,E09000025
Newham,Green Street East,2022-05-05,Cheema,Tassaduqq,The Green Party,480,False,Green Street East,Newham,E05013913,E09000025
Newham,Green Street East,2022-05-05,Hudson-Small,Joseph,The Green Party,400,False,Green Street East,Newham,E05013913,E09000025
Newham,Green Street East,2022-05-05,Meaby,Khatija,Conservative Party Candidate,406,False,Green Street East,Newham,E05013913,E09000025
Newham,Green Street East,2022-05-05,Patel,Kirankumar,Conservative Party Candidate,510,False,Green Street East,Newham,E05013913,E09000025
Newham,Green Street East,2022-05-05,Patel,Miraj,Labour Party Candidate,2347,True,Green Street East,Newham,E05013913,E09000025
Newham,Green Street East,2022-05-05,Patel,Nilesh Kumar,Conservative Party Candidate,518,False,Green Street East,Newham,E05013913,E09000025
Newham,Green Street East,2022-05-05,Rahman [Rahman],Mohammed Muzibur [Muzibur],Labour Party Candidate,2151,True,Green Street East,Newham,E05013913,E09000025
Newham,Green Street East,2022-05-05,Waddilove,Rose Elizabeth,The Green Party,360,False,Green Street East,Newham,E05013913,E09000025
Newham,Green Street East,2022-05-05,Zilickaja,Larisa,Labour Party Candidate,1721,True,Green Street East,Newham,E05013913,E09000025
Newham,Green Street West,2022-05-05,Godfrey,Lewis Gordon,Labour and Co-operative Party,1876,True,Green Street West,Newham,E05013914,E09000025
Newham,Green Street West,2022-05-05,Harris,Ronald Frank,The Green Party,427,False,Green Street West,Newham,E05013914,E09000025
Newham,Green Street West,2022-05-05,Iqbal,Shahzad,Conservative Party Candidate,470,False,Green Street West,Newham,E05013914,E09000025
Newham,Green Street West,2022-05-05,Khan,Mumtaz,Labour and Co-operative Party,1868,True,Green Street West,Newham,E05013914,E09000025
Newham,Green Street West,2022-05-05,Mitchell,Adam James Sykes,The Green Party,363,False,Green Street West,Newham,E05013914,E09000025
Newham,Green Street West,2022-05-05,Nandivelugu,Ravindra Reddy,Conservative Party Candidate,388,False,Green Street West,Newham,E05013914,E09000025
Newham,Green Street West,2022-05-05,Osagiede,Samson,Conservative Party Candidate,309,False,Green Street West,Newham,E05013914,E09000025
Newham,Green Street West,2022-05-05,Sorrell-Roberts,Joseph Henry,The Green Party,303,False,Green Street West,Newham,E05013914,E09000025
Newham,Green Street West,2022-05-05,Virdee [Virdee],Amardeep Singh [Amar],Labour and Co-operative Party,1722,True,Green Street West,Newham,E05013914,E09000025
Newham,Little Ilford,2022-05-05,Antwi,Mary Nyarko,Conservative Party Candidate,356,False,Little Ilford,Newham,E05013915,E09000025
Newham,Little Ilford,2022-05-05,Bal,Bishwajit,Conservative Party Candidate,373,False,Little Ilford,Newham,E05013915,E09000025
Newham,Little Ilford,2022-05-05,Syed [Bashar],Abul Bashar [Syed],Labour Party Candidate,2200,True,Little Ilford,Newham,E05013915,E09000025
Newham,Little Ilford,2022-05-05,Begum,Nur Nahar,Labour Party Candidate,2159,True,Little Ilford,Newham,E05013915,E09000025
Newham,Little Ilford,2022-05-05,Booker,Elizabeth Hannah,Labour Party Candidate,2089,True,Little Ilford,Newham,E05013915,E09000025
Newham,Little Ilford,2022-05-05,Mirza,Tahir,Independent,667,False,Little Ilford,Newham,E05013915,E09000025
Newham,Little Ilford,2022-05-05,Murengera,Peter,Christian Peoples Alliance,123,False,Little Ilford,Newham,E05013915,E09000025
Newham,Little Ilford,2022-05-05,Pask,Deirdre Paulette,Christian Peoples Alliance,130,False,Little Ilford,Newham,E05013915,E09000025
Newham,Little Ilford,2022-05-05,Pask [Pask],Anthony James [James],Christian Peoples Alliance,120,False,Little Ilford,Newham,E05013915,E09000025
Newham,Little Ilford,2022-05-05,Rahman,AKM Mahibur,Liberal Democrat,512,False,Little Ilford,Newham,E05013915,E09000025
Newham,Little Ilford,2022-05-05,Rahman,ASM Mufid-Ur,Conservative Party Candidate,392,False,Little Ilford,Newham,E05013915,E09000025
Newham,Little Ilford,2022-05-05,Rehman,Mujeeb Ur,Liberal Democrat,384,False,Little Ilford,Newham,E05013915,E09000025
Newham,Little Ilford,2022-05-05,Stamp,Terrence Julian,The Green Party,291,False,Little Ilford,Newham,E05013915,E09000025
Newham,Little Ilford,2022-05-05,Wilson,Amy Victoria,The Green Party,301,False,Little Ilford,Newham,E05013915,E09000025
Newham,Little Ilford,2022-05-05,Zuoriki,Waleed Ali,The Green Party,150,False,Little Ilford,Newham,E05013915,E09000025
Newham,Manor Park,2022-05-05,Atanasov,Deyan,The Green Party,308,False,Manor Park,Newham,E05013916,E09000025
Newham,Manor Park,2022-05-05,Bailey,Jennifer Marie,Labour Party Candidate,2155,True,Manor Park,Newham,E05013916,E09000025
Newham,Manor Park,2022-05-05,Bedlow,Rosalind Jane,The Green Party,369,False,Manor Park,Newham,E05013916,E09000025
Newham,Manor Park,2022-05-05,Dawood,Mariam,Labour Party Candidate,2271,True,Manor Park,Newham,E05013916,E09000025
Newham,Manor Park,2022-05-05,Duval,Jenny Ann,The Green Party,393,False,Manor Park,Newham,E05013916,E09000025
Newham,Manor Park,2022-05-05,Jackson,Derek Robert,Liberal Democrat,245,False,Manor Park,Newham,E05013916,E09000025
Newham,Manor Park,2022-05-05,Miah,Rajan,Conservative Party Candidate,508,False,Manor Park,Newham,E05013916,E09000025
Newham,Manor Park,2022-05-05,Patel,Salim Ali,Labour Party Candidate,2177,True,Manor Park,Newham,E05013916,E09000025
Newham,Manor Park,2022-05-05,Saymon,Md,Conservative Party Candidate,427,False,Manor Park,Newham,E05013916,E09000025
Newham,Manor Park,2022-05-05,Troanta,Silvia,Conservative Party Candidate,366,False,Manor Park,Newham,E05013916,E09000025
Newham,Maryland,2022-05-05,Ainsley,Vinall Benedict,The Green Party,366,False,Maryland,Newham,E05013917,E09000025
Newham,Maryland,2022-05-05,Brooks [Brooks],Christopher John [Chris],The Green Party,396,False,Maryland,Newham,E05013917,E09000025
Newham,Maryland,2022-05-05,Celis Rangel,Karina,Liberal Democrat,242,False,Maryland,Newham,E05013917,E09000025
Newham,Maryland,2022-05-05,Corben,Carolyn Jessica,Labour Party Candidate,1484,True,Maryland,Newham,E05013917,E09000025
Newham,Maryland,2022-05-05,Downing [Downing],Wilfred William [Freddie],Conservative Party Candidate,234,False,Maryland,Newham,E05013917,E09000025
Newham,Maryland,2022-05-05,Lyons [Lyons],Ferdinand [Ferdy],Trade Unionist and Socialist Coalition,117,False,Maryland,Newham,E05013917,E09000025
Newham,Maryland,2022-05-05,Maze,Brian Iliff,Conservative Party Candidate,220,False,Maryland,Newham,E05013917,E09000025
Newham,Maryland,2022-05-05,Penton [Penton],Kenneth Richard [Ken],Labour Party Candidate,1330,True,Maryland,Newham,E05013917,E09000025
Newham,Plaistow North,2022-05-05,Ali,Zulfiqar,Labour Party Candidate,2151,True,Plaistow North,Newham,E05013918,E09000025
Newham,Plaistow North,2022-05-05,Flesher,John Richard,Conservative Party Candidate,523,False,Plaistow North,Newham,E05013918,E09000025
Newham,Plaistow North,2022-05-05,Islam,Mufti Ariful,Conservative Party Candidate,522,False,Plaistow North,Newham,E05013918,E09000025
Newham,Plaistow North,2022-05-05,Laguda,Joy Hazvirehwi,Labour Party Candidate,2022,True,Plaistow North,Newham,E05013918,E09000025
Newham,Plaistow North,2022-05-05,Lee-Phakoe,Daniel Lisiamo Andrew,Labour Party Candidate,1936,True,Plaistow North,Newham,E05013918,E09000025
Newham,Plaistow North,2022-05-05,Malki,Elsa Malika,The Green Party,560,False,Plaistow North,Newham,E05013918,E09000025
Newham,Plaistow North,2022-05-05,Mariadas,Saverimuthu Joseph,Conservative Party Candidate,390,False,Plaistow North,Newham,E05013918,E09000025
Newham,Plaistow North,2022-05-05,Moore,Francis,The Green Party,518,False,Plaistow North,Newham,E05013918,E09000025
Newham,Plaistow North,2022-05-05,Turan [Turan],Ahmad Shah [Aki],The Green Party,390,False,Plaistow North,Newham,E05013918,E09000025
Newham,Plaistow South,2022-05-05,Chowdhury [Chowdhury],Md Abdul Quadir [Murad],Conservative Party Candidate,430,False,Plaistow South,Newham,E05013919,E09000025
Newham,Plaistow South,2022-05-05,Das,Dhiman,Conservative Party Candidate,311,False,Plaistow South,Newham,E05013919,E09000025
Newham,Plaistow South,2022-05-05,Dowden,Nicholas Drew,The Green Party,390,False,Plaistow South,Newham,E05013919,E09000025
Newham,Plaistow South,2022-05-05,Lee-Phakoe,Carleene Belinda Leonna,Labour and Co-operative Party,1284,True,Plaistow South,Newham,E05013919,E09000025
Newham,Plaistow South,2022-05-05,Lofthouse,Jane Barbara,Labour and Co-operative Party,1292,True,Plaistow South,Newham,E05013919,E09000025
Newham,Plaistow South,2022-05-05,McKeil,Iain,The Green Party,334,False,Plaistow South,Newham,E05013919,E09000025
Newham,Plaistow South,2022-05-05,Miah [Miah],Rois [Roy],Conservative Party Candidate,345,False,Plaistow South,Newham,E05013919,E09000025
Newham,Plaistow South,2022-05-05,Miller,Sheree Venessa,Liberal Democrat,279,False,Plaistow South,Newham,E05013919,E09000025
Newham,Plaistow South,2022-05-05,Wilson,Neil James,Labour and Co-operative Party,1360,True,Plaistow South,Newham,E05013919,E09000025
Newham,Plaistow South,2022-05-05,Zaman,Anca-Elena,The Green Party,328,False,Plaistow South,Newham,E05013919,E09000025
Newham,Plaistow West & Canning Town East,2022-05-05,Alado [Alado],Amelia [Aimee],Conservative Party Candidate,344,False,Plaistow West & Canning Town East,Newham,E05013920,E09000025
Newham,Plaistow West & Canning Town East,2022-05-05,Barber [Barber],Thomas Luke [Tom],Conservative Party Candidate,399,False,Plaistow West & Canning Town East,Newham,E05013920,E09000025
Newham,Plaistow West & Canning Town East,2022-05-05,Barratt,Nicola Heather,Trade Unionist and Socialist Coalition,254,False,Plaistow West & Canning Town East,Newham,E05013920,E09000025
Newham,Plaistow West & Canning Town East,2022-05-05,Briggs,Robert John,Liberal Democrat,288,False,Plaistow West & Canning Town East,Newham,E05013920,E09000025
Newham,Plaistow West & Canning Town East,2022-05-05,Christopher,Jacintha Anjali,The Green Party,367,False,Plaistow West & Canning Town East,Newham,E05013920,E09000025
Newham,Plaistow West & Canning Town East,2022-05-05,Falana,John Olu,Christian Peoples Alliance,167,False,Plaistow West & Canning Town East,Newham,E05013920,E09000025
Newham,Plaistow West & Canning Town East,2022-05-05,Hossain,Dina,Labour Party Candidate,1654,True,Plaistow West & Canning Town East,Newham,E05013920,E09000025
Newham,Plaistow West & Canning Town East,2022-05-05,Morris,John James,Labour Party Candidate,1578,True,Plaistow West & Canning Town East,Newham,E05013920,E09000025
Newham,Plaistow West & Canning Town East,2022-05-05,Nwogwugwu,Ugochi Stella,Christian Peoples Alliance,124,False,Plaistow West & Canning Town East,Newham,E05013920,E09000025
Newham,Plaistow West & Canning Town East,2022-05-05,Odutola,Adeola Odubowale,Conservative Party Candidate,246,False,Plaistow West & Canning Town East,Newham,E05013920,E09000025
Newham,Plaistow West & Canning Town East,2022-05-05,Rush,Simon,Labour Party Candidate,1475,True,Plaistow West & Canning Town East,Newham,E05013920,E09000025
Newham,Plaistow West & Canning Town East,2022-05-05,Shoyemi,Shoyemi Peper-Hade,Christian Peoples Alliance,153,False,Plaistow West & Canning Town East,Newham,E05013920,E09000025
Newham,Plaistow West & Canning Town East,2022-05-05,Slevin,Christopher Luke,The Green Party,293,False,Plaistow West & Canning Town East,Newham,E05013920,E09000025
Newham,Plaistow West & Canning Town East,2022-05-05,Whittle,Peter James,The Green Party,335,False,Plaistow West & Canning Town East,Newham,E05013920,E09000025
Newham,Plashet,2022-05-05,Charles,Stephen Ernest,The Green Party,256,False,Plashet,Newham,E05013921,E09000025
Newham,Plashet,2022-05-05,Gulamussen [Gulamussen],Mohamad Zuber [Zuber],Labour and Co-operative Party,1378,True,Plashet,Newham,E05013921,E09000025
Newham,Plashet,2022-05-05,Makwana,Pushpa Dipaklal,Labour and Co-operative Party,1115,True,Plashet,Newham,E05013921,E09000025
Newham,Plashet,2022-05-05,Mirza [Mirza],Mehmood-Ul-Hassan [Mehmood],Independent,919,False,Plashet,Newham,E05013921,E09000025
Newham,Plashet,2022-05-05,Rahman [Rahman],Ahmedur [Attic],Conservative Party Candidate,544,False,Plashet,Newham,E05013921,E09000025
Newham,Plashet,2022-05-05,Robinson,Joshua Aaron,The Green Party,210,False,Plashet,Newham,E05013921,E09000025
Newham,Royal Albert,2022-05-05,Coleman,Douglas,Conservative Party Candidate,217,False,Royal Albert,Newham,E05013922,E09000025
Newham,Royal Albert,2022-05-05,Coleman,Maurisa,Conservative Party Candidate,177,False,Royal Albert,Newham,E05013922,E09000025
Newham,Royal Albert,2022-05-05,Easter,Ann Rosemarie,Labour and Co-operative Party,849,True,Royal Albert,Newham,E05013922,E09000025
Newham,Royal Albert,2022-05-05,Jones,James Emrys Stewart,Liberal Democrat,118,False,Royal Albert,Newham,E05013922,E09000025
Newham,Royal Albert,2022-05-05,Lithgow,Jane Alison,The Green Party,227,False,Royal Albert,Newham,E05013922,E09000025
Newham,Royal Albert,2022-05-05,Littlemore,Callum James,Liberal Democrat,99,False,Royal Albert,Newham,E05013922,E09000025
Newham,Royal Albert,2022-05-05,McAlmont [McAlmont],Anthony Berchinan [Tony],Labour and Co-operative Party,692,True,Royal Albert,Newham,E05013922,E09000025
Newham,Royal Albert,2022-05-05,Oxley,Daniel Charles,Reform UK,48,False,Royal Albert,Newham,E05013922,E09000025
Newham,Royal Albert,2022-05-05,Rodrigues,Daniel,The Green Party,162,False,Royal Albert,Newham,E05013922,E09000025
Newham,Royal Victoria,2022-05-05,Adaja,Caroline Adebowale,Labour Party Candidate,833,True,Royal Victoria,Newham,E05013923,E09000025
Newham,Royal Victoria,2022-05-05,Brayshaw [Brayshaw],Stephen Ernest [Steve],Labour Party Candidate,856,True,Royal Victoria,Newham,E05013923,E09000025
Newham,Royal Victoria,2022-05-05,Callender [Callender],Robert Alexander [Rob],The Green Party,389,False,Royal Victoria,Newham,E05013923,E09000025
Newham,Royal Victoria,2022-05-05,Goncalves,Gloria,The Green Party,368,False,Royal Victoria,Newham,E05013923,E09000025
Newham,Royal Victoria,2022-05-05,Kolada,Breanna Frances,Liberal Democrat,229,False,Royal Victoria,Newham,E05013923,E09000025
Newham,Royal Victoria,2022-05-05,Lindl,Joshua Darren,Conservative Party Candidate,324,False,Royal Victoria,Newham,E05013923,E09000025
Newham,Royal Victoria,2022-05-05,Raymond,James,Liberal Democrat,199,False,Royal Victoria,Newham,E05013923,E09000025
Newham,Royal Victoria,2022-05-05,Seymour,Mark,Conservative Party Candidate,341,False,Royal Victoria,Newham,E05013923,E09000025
Newham,Stratford,2022-05-05,Briffa,Hillary Victoria,Liberal Democrat,364,False,Stratford,Newham,E05013924,E09000025
Newham,Stratford,2022-05-05,Chana,Reece,Conservative Party Candidate,261,False,Stratford,Newham,E05013924,E09000025
Newham,Stratford,2022-05-05,Dorgham,Samie,Liberal Democrat,279,False,Stratford,Newham,E05013924,E09000025
Newham,Stratford,2022-05-05,Lynch [Furst],Edward St John [Ed],The Green Party,501,False,Stratford,Newham,E05013924,E09000025
Newham,Stratford,2022-05-05,Garfield,Joshua Isaac Daniel,Labour and Co-operative Party,1280,True,Stratford,Newham,E05013924,E09000025
Newham,Stratford,2022-05-05,Jimenez Ingles,Pau,The Green Party,437,False,Stratford,Newham,E05013924,E09000025
Newham,Stratford,2022-05-05,Kamali,Sabia Begum,Labour and Co-operative Party,1265,True,Stratford,Newham,E05013924,E09000025
Newham,Stratford,2022-05-05,Lascelles,Moira Kristina Sybille,The Green Party,481,False,Stratford,Newham,E05013924,E09000025
Newham,Stratford,2022-05-05,Oxley,John Milton,Conservative Party Candidate,246,False,Stratford,Newham,E05013924,E09000025
Newham,Stratford,2022-05-05,Paul [Paul],Terence Matthew [Terry],Labour and Co-operative Party,1169,True,Stratford,Newham,E05013924,E09000025
Newham,Stratford,2022-05-05,Shokat,Raja Rameez,Conservative Party Candidate,210,False,Stratford,Newham,E05013924,E09000025
Newham,Stratford Olympic Park,2022-05-05,Ahsan,Saleyha,Liberal Democrat,274,False,Stratford Olympic Park,Newham,E05013925,E09000025
Newham,Stratford Olympic Park,2022-05-05,Baldry,Ryan,Conservative Party Candidate,122,False,Stratford Olympic Park,Newham,E05013925,E09000025
Newham,Stratford Olympic Park,2022-05-05,Higgins [Higgins],Nathaniel [Nate],The Green Party,1394,True,Stratford Olympic Park,Newham,E05013925,E09000025
Newham,Stratford Olympic Park,2022-05-05,Ilori,David Yusuff,Christian Peoples Alliance,25,False,Stratford Olympic Park,Newham,E05013925,E09000025
Newham,Stratford Olympic Park,2022-05-05,Kavaliauskas,Andrius,Conservative Party Candidate,89,False,Stratford Olympic Park,Newham,E05013925,E09000025
Newham,Stratford Olympic Park,2022-05-05,Keeling [Keeling],Daniel James [Danny],The Green Party,1186,True,Stratford Olympic Park,Newham,E05013925,E09000025
Newham,Stratford Olympic Park,2022-05-05,Osei,Nareser Akosua Twumwa Natalie,Labour Party Candidate,919,False,Stratford Olympic Park,Newham,E05013925,E09000025
Newham,Stratford Olympic Park,2022-05-05,Ravat [Ravat],Muhammed Rashid-Ahmed [Mo],Labour Party Candidate,765,False,Stratford Olympic Park,Newham,E05013925,E09000025
Newham,Stratford Olympic Park,2022-05-05,Rumsby,James Alan,Liberal Democrat,198,False,Stratford Olympic Park,Newham,E05013925,E09000025
Newham,Stratford Olympic Park,2022-05-05,Smith,Esther,Christian Peoples Alliance,25,False,Stratford Olympic Park,Newham,E05013925,E09000025
Newham,Wall End,2022-05-05,Ajibade,Olugbenga,Conservative Party Candidate,461,False,Wall End,Newham,E05013926,E09000025
Newham,Wall End,2022-05-05,Bapu,Victoria,Christian Peoples Alliance,142,False,Wall End,Newham,E05013926,E09000025
Newham,Wall End,2022-05-05,Bax,Melanie Anne,The Green Party,392,False,Wall End,Newham,E05013926,E09000025
Newham,Wall End,2022-05-05,Buttress,James Peter,The Green Party,300,False,Wall End,Newham,E05013926,E09000025
Newham,Wall End,2022-05-05,Charters,Luke Jonathan,Labour Party Candidate,2118,True,Wall End,Newham,E05013926,E09000025
Newham,Wall End,2022-05-05,Chowdhury,Swarup Kanti Syam,Independent,957,False,Wall End,Newham,E05013926,E09000025
Newham,Wall End,2022-05-05,Hudson,Lester Thompson,Labour Party Candidate,1929,True,Wall End,Newham,E05013926,E09000025
Newham,Wall End,2022-05-05,McAlmont,Jemima Ekua,Labour Party Candidate,1882,True,Wall End,Newham,E05013926,E09000025
Newham,Wall End,2022-05-05,Sandground,David Kenton,Reform UK,103,False,Wall End,Newham,E05013926,E09000025
Newham,Wall End,2022-05-05,Savage,Matthew Talbot,The Green Party,336,False,Wall End,Newham,E05013926,E09000025
Newham,Wall End,2022-05-05,Smith [Smith],James Peter Harry [Jim],Conservative Party Candidate,412,False,Wall End,Newham,E05013926,E09000025
Newham,Wall End,2022-05-05,Sunder,Shyam,Christian Peoples Alliance,139,False,Wall End,Newham,E05013926,E09000025
Newham,Wall End,2022-05-05,Swamy,Bharath,Christian Peoples Alliance,99,False,Wall End,Newham,E05013926,E09000025
Newham,Wall End,2022-05-05,Zaman,Saiduz,Conservative Party Candidate,648,False,Wall End,Newham,E05013926,E09000025
Newham,West Ham,2022-05-05,Gray,John Morrison,Labour and Co-operative Party,1758,True,West Ham,Newham,E05013927,E09000025
Newham,West Ham,2022-05-05,Hardy,Clare Sarah,The Green Party,558,False,West Ham,Newham,E05013927,E09000025
Newham,West Ham,2022-05-05,Hennessy,Armyn,Conservative Party Candidate,319,False,West Ham,Newham,E05013927,E09000025
Newham,West Ham,2022-05-05,Ivanov [Ivanov],Lyuboslav [Lyubo],The Green Party,372,False,West Ham,Newham,E05013927,E09000025
Newham,West Ham,2022-05-05,Madden,Malcolm Bernard,Conservative Party Candidate,292,False,West Ham,Newham,E05013927,E09000025
Newham,West Ham,2022-05-05,McLean,Charlene Estella,Labour and Co-operative Party,1626,True,West Ham,Newham,E05013927,E09000025
Newham,West Ham,2022-05-05,Parker,Ben Anthony,The Green Party,369,False,West Ham,Newham,E05013927,E09000025
Newham,West Ham,2022-05-05,Patel,Nirali Amit Kumar,Conservative Party Candidate,309,False,West Ham,Newham,E05013927,E09000025
Newham,West Ham,2022-05-05,Tuppen,Alexander George,Liberal Democrat,260,False,West Ham,Newham,E05013927,E09000025
Newham,West Ham,2022-05-05,Whitworth,John Charles,Labour and Co-operative Party,1458,True,West Ham,Newham,E05013927,E09000025
Redbridge,Aldborough,2022-05-05,Adam,Daniel,Independent Network,293,False,Aldborough,Redbridge,E05011234,E09000026
Redbridge,Aldborough,2022-05-05,Firmstone,Richard,Conservative Party Candidate,1307,False,Aldborough,Redbridge,E05011234,E09000026
Redbridge,Aldborough,2022-05-05,Hossain,Md Tareq,Conservative Party Candidate,1175,False,Aldborough,Redbridge,E05011234,E09000026
Redbridge,Aldborough,2022-05-05,Howard,John,Labour Party,2038,True,Aldborough,Redbridge,E05011234,E09000026
Redbridge,Aldborough,2022-05-05,Islam,Jyotsna,Labour Party,1817,True,Aldborough,Redbridge,E05011234,E09000026
Redbridge,Aldborough,2022-05-05,Phakoe,Lebo,Labour Party,1664,True,Aldborough,Redbridge,E05011234,E09000026
Redbridge,Aldborough,2022-05-05,Saha,Ajit,Conservative Party Candidate,1229,False,Aldborough,Redbridge,E05011234,E09000026
Redbridge,Aldborough,2022-05-05,Teahan,Michael,Liberal Democrats,262,False,Aldborough,Redbridge,E05011234,E09000026
Redbridge,Barkingside,2022-05-05,Bhatti,Riaz,Independent Network,375,False,Barkingside,Redbridge,E05011235,E09000026
Redbridge,Barkingside,2022-05-05,Garfield,Judith,Labour Party,1994,True,Barkingside,Redbridge,E05011235,E09000026
Redbridge,Barkingside,2022-05-05,Manta,Wesley,Conservative Party Candidate,1505,False,Barkingside,Redbridge,E05011235,E09000026
Redbridge,Barkingside,2022-05-05,Moraru,Daniel,Conservative Party Candidate,1550,False,Barkingside,Redbridge,E05011235,E09000026
Redbridge,Barkingside,2022-05-05,Mustafa,Irfan,Liberal Democrats,380,False,Barkingside,Redbridge,E05011235,E09000026
Redbridge,Barkingside,2022-05-05,Parekh,Kartik,Conservative Party Candidate,1609,False,Barkingside,Redbridge,E05011235,E09000026
Redbridge,Barkingside,2022-05-05,Sachs,Martin,Labour Party,1806,True,Barkingside,Redbridge,E05011235,E09000026
Redbridge,Barkingside,2022-05-05,Santos,Mark,Labour Party,1739,True,Barkingside,Redbridge,E05011235,E09000026
Redbridge,Bridge,2022-05-05,Ahmed,Has,Conservative Party Candidate,1265,False,Bridge,Redbridge,E05011236,E09000026
Redbridge,Bridge,2022-05-05,Bhamra,Gurdial,Labour Party,1454,True,Bridge,Redbridge,E05011236,E09000026
Redbridge,Bridge,2022-05-05,Canal,Paul,Conservative Party Candidate,1351,True,Bridge,Redbridge,E05011236,E09000026
Redbridge,Bridge,2022-05-05,Choudhury,Syeda,Labour Party,1470,True,Bridge,Redbridge,E05011236,E09000026
Redbridge,Bridge,2022-05-05,Collinson,Rachel,Green Party,564,False,Bridge,Redbridge,E05011236,E09000026
Redbridge,Bridge,2022-05-05,Hunt,Claire,Liberal Democrats,354,False,Bridge,Redbridge,E05011236,E09000026
Redbridge,Bridge,2022-05-05,Pallet,Christopher,Liberal Democrats,255,False,Bridge,Redbridge,E05011236,E09000026
Redbridge,Bridge,2022-05-05,Qureshi,Kamal,Labour Party,1343,False,Bridge,Redbridge,E05011236,E09000026
Redbridge,Bridge,2022-05-05,Rackham,Sheree,Conservative Party Candidate,1224,False,Bridge,Redbridge,E05011236,E09000026
Redbridge,Bridge,2022-05-05,Wilson,Alex,Reform UK,274,False,Bridge,Redbridge,E05011236,E09000026
Redbridge,Chadwell,2022-05-05,Baah-Mensah,Shirley,Conservative Party Candidate,847,False,Chadwell,Redbridge,E05011237,E09000026
Redbridge,Chadwell,2022-05-05,Chaudhry,Hannah,Labour Party,1928,True,Chadwell,Redbridge,E05011237,E09000026
Redbridge,Chadwell,2022-05-05,Egbun,Katherine,Conservative Party Candidate,809,False,Chadwell,Redbridge,E05011237,E09000026
Redbridge,Chadwell,2022-05-05,Forhad,Raj,Conservative Party Candidate,741,False,Chadwell,Redbridge,E05011237,E09000026
Redbridge,Chadwell,2022-05-05,Jones,Bert,Labour Party,1802,True,Chadwell,Redbridge,E05011237,E09000026
Redbridge,Chadwell,2022-05-05,Sachs,Anne,Labour Party,1782,True,Chadwell,Redbridge,E05011237,E09000026
Redbridge,Chadwell,2022-05-05,Tyne,John,Green Party,532,False,Chadwell,Redbridge,E05011237,E09000026
Redbridge,Churchfields,2022-05-05,Adams,Stephen,Conservative Party Candidate,1679,False,Churchfields,Redbridge,E05011238,E09000026
Redbridge,Churchfields,2022-05-05,Cole,Robert,Conservative Party Candidate,1567,False,Churchfields,Redbridge,E05011238,E09000026
Redbridge,Churchfields,2022-05-05,Duddridge,Lloyd,Labour Party,2064,True,Churchfields,Redbridge,E05011238,E09000026
Redbridge,Churchfields,2022-05-05,Gomez,Rosa,Labour Party,2173,True,Churchfields,Redbridge,E05011238,E09000026
Redbridge,Churchfields,2022-05-05,Holder,Ash,Liberal Democrats,827,False,Churchfields,Redbridge,E05011238,E09000026
Redbridge,Churchfields,2022-05-05,Mulhearn,Ruairi,Green Party,330,False,Churchfields,Redbridge,E05011238,E09000026
Redbridge,Churchfields,2022-05-05,Roads,Francis,Green Party,312,False,Churchfields,Redbridge,E05011238,E09000026
Redbridge,Churchfields,2022-05-05,Roads,Judith,Green Party,360,False,Churchfields,Redbridge,E05011238,E09000026
Redbridge,Churchfields,2022-05-05,Rosner,Martin,Liberal Democrats,784,False,Churchfields,Redbridge,E05011238,E09000026
Redbridge,Churchfields,2022-05-05,Sukhija,Garry,Conservative Party Candidate,1487,False,Churchfields,Redbridge,E05011238,E09000026
Redbridge,Churchfields,2022-05-05,Uddin,Mohammed,Liberal Democrats,682,False,Churchfields,Redbridge,E05011238,E09000026
Redbridge,Churchfields,2022-05-05,Williams,Guy,Labour Party,1777,True,Churchfields,Redbridge,E05011238,E09000026
Redbridge,Clayhall,2022-05-05,Croft,Dave,Conservative Party Candidate,1267,False,Clayhall,Redbridge,E05011239,E09000026
Redbridge,Clayhall,2022-05-05,Gurm,Prabjit,Labour Party,1924,True,Clayhall,Redbridge,E05011239,E09000026
Redbridge,Clayhall,2022-05-05,Khan,Muhammed,Conservative Party Candidate,1190,False,Clayhall,Redbridge,E05011239,E09000026
Redbridge,Clayhall,2022-05-05,Mahmud,Kabir,Labour Party,1804,True,Clayhall,Redbridge,E05011239,E09000026
Redbridge,Clayhall,2022-05-05,Muthusamy,Saravanan,Conservative Party Candidate,1322,False,Clayhall,Redbridge,E05011239,E09000026
Redbridge,Clayhall,2022-05-05,Teahan,Kathleen,Liberal Democrats,383,False,Clayhall,Redbridge,E05011239,E09000026
Redbridge,Clayhall,2022-05-05,Uddin,Mohammed,Labour Party,1780,True,Clayhall,Redbridge,E05011239,E09000026
Redbridge,Clementswood,2022-05-05,Cole,Matthew,Conservative Party Candidate,401,False,Clementswood,Redbridge,E05011240,E09000026
Redbridge,Clementswood,2022-05-05,Coomb,Helen,Labour Party,1986,True,Clementswood,Redbridge,E05011240,E09000026
Redbridge,Clementswood,2022-05-05,Dunkley,George,Conservative Party Candidate,351,False,Clementswood,Redbridge,E05011240,E09000026
Redbridge,Clementswood,2022-05-05,Hussain,Zulfiqar,Labour Party,1911,True,Clementswood,Redbridge,E05011240,E09000026
Redbridge,Clementswood,2022-05-05,Javed,Muhammed,Labour Party,1926,True,Clementswood,Redbridge,E05011240,E09000026
Redbridge,Clementswood,2022-05-05,Langer,Bradley,Conservative Party Candidate,341,False,Clementswood,Redbridge,E05011240,E09000026
Redbridge,Cranbrook,2022-05-05,Ahmed,Chaudhary,Labour Party,1746,True,Cranbrook,Redbridge,E05011241,E09000026
Redbridge,Cranbrook,2022-05-05,Ashraf,Mosheraf,Conservative Party Candidate,809,False,Cranbrook,Redbridge,E05011241,E09000026
Redbridge,Cranbrook,2022-05-05,Islam,Syed,Labour Party,1574,True,Cranbrook,Redbridge,E05011241,E09000026
Redbridge,Cranbrook,2022-05-05,Jamil,Saira,Labour Party,1638,True,Cranbrook,Redbridge,E05011241,E09000026
Redbridge,Cranbrook,2022-05-05,Khan,Abrar,Conservative Party Candidate,793,False,Cranbrook,Redbridge,E05011241,E09000026
Redbridge,Cranbrook,2022-05-05,Sehmbi,Ekam,Conservative Party Candidate,781,False,Cranbrook,Redbridge,E05011241,E09000026
Redbridge,Cranbrook,2022-05-05,Shukry,Fathima,Independent Network,323,False,Cranbrook,Redbridge,E05011241,E09000026
Redbridge,Fairlop,2022-05-05,Berlin,Howard,Conservative Party Candidate,1608,False,Fairlop,Redbridge,E05011242,E09000026
Redbridge,Fairlop,2022-05-05,Chattaway,Bob,Labour Party,1616,True,Fairlop,Redbridge,E05011242,E09000026
Redbridge,Fairlop,2022-05-05,Clark,Ruth,Conservative Party Candidate,1657,True,Fairlop,Redbridge,E05011242,E09000026
Redbridge,Fairlop,2022-05-05,Ryan,Joyce,Conservative Party Candidate,1626,True,Fairlop,Redbridge,E05011242,E09000026
Redbridge,Fairlop,2022-05-05,Saleem,Mazhar,Labour Party,1377,False,Fairlop,Redbridge,E05011242,E09000026
Redbridge,Fairlop,2022-05-05,Sanger,Sareena,Labour Party,1498,False,Fairlop,Redbridge,E05011242,E09000026
Redbridge,Fairlop,2022-05-05,Winston,Joel,Liberal Democrats,330,False,Fairlop,Redbridge,E05011242,E09000026
Redbridge,Fullwell,2022-05-05,Foster,Vicky,Conservative Party Candidate,1480,False,Fullwell,Redbridge,E05011243,E09000026
Redbridge,Fullwell,2022-05-05,Goddin,Matthew,Labour Party,2105,True,Fullwell,Redbridge,E05011243,E09000026
Redbridge,Fullwell,2022-05-05,Hossain,Sk Zakir,Conservative Party Candidate,1323,False,Fullwell,Redbridge,E05011243,E09000026
Redbridge,Fullwell,2022-05-05,Islam,Sham,Labour Party,1902,True,Fullwell,Redbridge,E05011243,E09000026
Redbridge,Fullwell,2022-05-05,Johnson,Shanell,Labour Party,2016,True,Fullwell,Redbridge,E05011243,E09000026
Redbridge,Fullwell,2022-05-05,Phillips,Denys,Conservative Party Candidate,1365,False,Fullwell,Redbridge,E05011243,E09000026
Redbridge,Goodmayes,2022-05-05,Anjum,Shazia,Conservative Party Candidate,552,False,Goodmayes,Redbridge,E05011244,E09000026
Redbridge,Goodmayes,2022-05-05,Chaudry,Namreen,Labour Party,1747,True,Goodmayes,Redbridge,E05011244,E09000026
Redbridge,Goodmayes,2022-05-05,Dodkins,Gwendoline,Conservative Party Candidate,538,False,Goodmayes,Redbridge,E05011244,E09000026
Redbridge,Goodmayes,2022-05-05,Elahi,Fazle,Conservative Party Candidate,465,False,Goodmayes,Redbridge,E05011244,E09000026
Redbridge,Goodmayes,2022-05-05,Rai,Kam,Labour Party,1711,True,Goodmayes,Redbridge,E05011244,E09000026
Redbridge,Goodmayes,2022-05-05,Zammett,Neil,Labour Party,1601,True,Goodmayes,Redbridge,E05011244,E09000026
Redbridge,Hainault,2022-05-05,Ali,Sam,Independent Network,243,False,Hainault,Redbridge,E05011245,E09000026
Redbridge,Hainault,2022-05-05,Ali,Shah,Labour Party,1633,True,Hainault,Redbridge,E05011245,E09000026
Redbridge,Hainault,2022-05-05,Baker,Donna,Conservative Party Candidate,1510,False,Hainault,Redbridge,E05011245,E09000026
Redbridge,Hainault,2022-05-05,Gould,Sam,Labour Party,1764,True,Hainault,Redbridge,E05011245,E09000026
Redbridge,Hainault,2022-05-05,Haywood,Glen,Conservative Party Candidate,1490,False,Hainault,Redbridge,E05011245,E09000026
Redbridge,Hainault,2022-05-05,Porter,Caroline,Conservative Party Candidate,1448,False,Hainault,Redbridge,E05011245,E09000026
Redbridge,Hainault,2022-05-05,Rahman,Luthfa,Labour Party,1578,True,Hainault,Redbridge,E05011245,E09000026
Redbridge,Ilford Town,2022-05-05,Ahmed,Syeda,Labour Party,1393,True,Ilford Town,Redbridge,E05011246,E09000026
Redbridge,Ilford Town,2022-05-05,Datta,Dee,Conservative Party Candidate,398,False,Ilford Town,Redbridge,E05011246,E09000026
Redbridge,Ilford Town,2022-05-05,Packer,Karen,Conservative Party Candidate,436,False,Ilford Town,Redbridge,E05011246,E09000026
Redbridge,Ilford Town,2022-05-05,Patel,Shoaib,Labour Party,1329,True,Ilford Town,Redbridge,E05011246,E09000026
Redbridge,Loxford,2022-05-05,Begum,Sajda,Conservative Party Candidate,372,False,Loxford,Redbridge,E05011247,E09000026
Redbridge,Loxford,2022-05-05,Manchu,Uday,Conservative Party Candidate,354,False,Loxford,Redbridge,E05011247,E09000026
Redbridge,Loxford,2022-05-05,Rahman,Foyzur,Labour Party,1860,True,Loxford,Redbridge,E05011247,E09000026
Redbridge,Loxford,2022-05-05,Rashid,Taifur,Labour Party,1740,True,Loxford,Redbridge,E05011247,E09000026
Redbridge,Loxford,2022-05-05,Speakman,Michael,Conservative Party Candidate,434,False,Loxford,Redbridge,E05011247,E09000026
Redbridge,Loxford,2022-05-05,Warraich,Sahdia,Labour Party,1754,True,Loxford,Redbridge,E05011247,E09000026
Redbridge,Mayfield,2022-05-05,Athwal,Jas,Labour Party,2349,True,Mayfield,Redbridge,E05011248,E09000026
Redbridge,Mayfield,2022-05-05,Begum,Maria,Conservative Party Candidate,470,False,Mayfield,Redbridge,E05011248,E09000026
Redbridge,Mayfield,2022-05-05,Corbin,Carol,Conservative Party Candidate,525,False,Mayfield,Redbridge,E05011248,E09000026
Redbridge,Mayfield,2022-05-05,Hussain,Majad,Independent Network,218,False,Mayfield,Redbridge,E05011248,E09000026
Redbridge,Mayfield,2022-05-05,Khan,Tanweer,Labour Party,2148,True,Mayfield,Redbridge,E05011248,E09000026
Redbridge,Mayfield,2022-05-05,Khanam,Sufia,Liberal Democrats,229,False,Mayfield,Redbridge,E05011248,E09000026
Redbridge,Mayfield,2022-05-05,Khushi Pasha,Masood,Conservative Party Candidate,360,False,Mayfield,Redbridge,E05011248,E09000026
Redbridge,Mayfield,2022-05-05,Solanki,Vanisha,Labour Party,2125,True,Mayfield,Redbridge,E05011248,E09000026
Redbridge,Monkhams,2022-05-05,Eglin,Gregor,Labour Party,929,False,Monkhams,Redbridge,E05011249,E09000026
Redbridge,Monkhams,2022-05-05,Herga,Joel,Conservative Party Candidate,1658,True,Monkhams,Redbridge,E05011249,E09000026
Redbridge,Monkhams,2022-05-05,Huggett,Linda,Conservative Party Candidate,1694,True,Monkhams,Redbridge,E05011249,E09000026
Redbridge,Monkhams,2022-05-05,Liddle,Heather,Liberal Democrats,368,False,Monkhams,Redbridge,E05011249,E09000026
Redbridge,Monkhams,2022-05-05,Qayyum,Kashif,Labour Party,826,False,Monkhams,Redbridge,E05011249,E09000026
Redbridge,Monkhams,2022-05-05,Vanezis,Andrew,Liberal Democrats,244,False,Monkhams,Redbridge,E05011249,E09000026
Redbridge,Newbury,2022-05-05,Ashley,Maureen,Conservative Party Candidate,762,False,Newbury,Redbridge,E05011250,E09000026
Redbridge,Newbury,2022-05-05,Bandaru,Krishna,Conservative Party Candidate,781,False,Newbury,Redbridge,E05011250,E09000026
Redbridge,Newbury,2022-05-05,Brar,Sunny,Labour Party,1957,True,Newbury,Redbridge,E05011250,E09000026
Redbridge,Newbury,2022-05-05,Chahal,Niki,Labour Party,1907,True,Newbury,Redbridge,E05011250,E09000026
Redbridge,Newbury,2022-05-05,Eracleous,Andrew,Liberal Democrats,293,False,Newbury,Redbridge,E05011250,E09000026
Redbridge,Newbury,2022-05-05,Jeyaranjan,Thavathuray,Labour Party,1916,True,Newbury,Redbridge,E05011250,E09000026
Redbridge,Newbury,2022-05-05,Kalsi,Swapna,Conservative Party Candidate,745,False,Newbury,Redbridge,E05011250,E09000026
Redbridge,Seven Kings,2022-05-05,Gupta,Pushpita,Labour Party,1707,True,Seven Kings,Redbridge,E05011251,E09000026
Redbridge,Seven Kings,2022-05-05,Hamid,Aamer,Conservative Party Candidate,515,False,Seven Kings,Redbridge,E05011251,E09000026
Redbridge,Seven Kings,2022-05-05,Johal,Nav,Labour Party,1705,True,Seven Kings,Redbridge,E05011251,E09000026
Redbridge,Seven Kings,2022-05-05,Kothia,Sadiq,Labour Party,1609,True,Seven Kings,Redbridge,E05011251,E09000026
Redbridge,Seven Kings,2022-05-05,Olaifa,Kunle,Conservative Party Candidate,420,False,Seven Kings,Redbridge,E05011251,E09000026
Redbridge,Seven Kings,2022-05-05,Sehmbi,Avtar,Conservative Party Candidate,471,False,Seven Kings,Redbridge,E05011251,E09000026
Redbridge,Seven Kings,2022-05-05,Ugradar,Sajida,Independent Network,316,False,Seven Kings,Redbridge,E05011251,E09000026
Redbridge,Seven Kings,2022-05-05,Walker,Andy,Trade Unionist and Socialist Coalition,568,False,Seven Kings,Redbridge,E05011251,E09000026
Redbridge,South Woodford,2022-05-05,Brewer,Beverley,Labour Party,1941,True,South Woodford,Redbridge,E05011252,E09000026
Redbridge,South Woodford,2022-05-05,Choudhury,Shafi,Conservative Party Candidate,1343,False,South Woodford,Redbridge,E05011252,E09000026
Redbridge,South Woodford,2022-05-05,Csoka,Tony,Green Party,457,False,South Woodford,Redbridge,E05011252,E09000026
Redbridge,South Woodford,2022-05-05,Deakins,Gwyneth,Liberal Democrats,443,False,South Woodford,Redbridge,E05011252,E09000026
Redbridge,South Woodford,2022-05-05,Gardiner,Ian,Liberal Democrats,398,False,South Woodford,Redbridge,E05011252,E09000026
Redbridge,South Woodford,2022-05-05,Hehir,Joe,Labour Party,1685,True,South Woodford,Redbridge,E05011252,E09000026
Redbridge,South Woodford,2022-05-05,Morley,Ian,Liberal Democrats,238,False,South Woodford,Redbridge,E05011252,E09000026
Redbridge,South Woodford,2022-05-05,Nolan,Suzanne,Conservative Party Candidate,1496,False,South Woodford,Redbridge,E05011252,E09000026
Redbridge,South Woodford,2022-05-05,Qayum Hussain,Saiqa,Labour Party,1641,True,South Woodford,Redbridge,E05011252,E09000026
Redbridge,South Woodford,2022-05-05,Rana,Preeti,Conservative Party Candidate,1402,False,South Woodford,Redbridge,E05011252,E09000026
Redbridge,South Woodford,2022-05-05,Sheldon,Robert,Green Party,297,False,South Woodford,Redbridge,E05011252,E09000026
Redbridge,Valentines,2022-05-05,Bajomo,Michael,Conservative Party Candidate,505,False,Valentines,Redbridge,E05011253,E09000026
Redbridge,Valentines,2022-05-05,Burtt,Stephanie,Conservative Party Candidate,613,False,Valentines,Redbridge,E05011253,E09000026
Redbridge,Valentines,2022-05-05,Chowdhury,Khayer,Labour Party,1833,True,Valentines,Redbridge,E05011253,E09000026
Redbridge,Valentines,2022-05-05,Holmes,Alex,Labour Party,1775,True,Valentines,Redbridge,E05011253,E09000026
Redbridge,Valentines,2022-05-05,Jackson,Richard,Conservative Party Candidate,563,False,Valentines,Redbridge,E05011253,E09000026
Redbridge,Valentines,2022-05-05,Joshi,Kumud,Labour Party,1645,True,Valentines,Redbridge,E05011253,E09000026
Redbridge,Valentines,2022-05-05,Reid,Max,Independent Network,295,False,Valentines,Redbridge,E05011253,E09000026
Redbridge,Wanstead Park,2022-05-05,Alaba,Bayo,Labour Party,1463,True,Wanstead Park,Redbridge,E05011254,E09000026
Redbridge,Wanstead Park,2022-05-05,Bain,Sheila,Labour Party,1541,True,Wanstead Park,Redbridge,E05011254,E09000026
Redbridge,Wanstead Park,2022-05-05,Bruck,David,Liberal Democrats,200,False,Wanstead Park,Redbridge,E05011254,E09000026
Redbridge,Wanstead Park,2022-05-05,Cornish,Janet M,Liberal Democrats,296,False,Wanstead Park,Redbridge,E05011254,E09000026
Redbridge,Wanstead Park,2022-05-05,Gunstock,Ashley,Green Party,548,False,Wanstead Park,Redbridge,E05011254,E09000026
Redbridge,Wanstead Park,2022-05-05,McWatt,Duncan,Conservative Party Candidate,560,False,Wanstead Park,Redbridge,E05011254,E09000026
Redbridge,Wanstead Park,2022-05-05,Vora,Zak,Conservative Party Candidate,490,False,Wanstead Park,Redbridge,E05011254,E09000026
Redbridge,Wanstead Village,2022-05-05,Acton,Crispin,Liberal Democrats,841,False,Wanstead Village,Redbridge,E05011255,E09000026
Redbridge,Wanstead Village,2022-05-05,Blackman,Jo,Labour Party,2058,True,Wanstead Village,Redbridge,E05011255,E09000026
Redbridge,Wanstead Village,2022-05-05,Chambers,Gavin,Conservative Party Candidate,958,False,Wanstead Village,Redbridge,E05011255,E09000026
Redbridge,Wanstead Village,2022-05-05,Donovan,Paul,Labour Party,1817,True,Wanstead Village,Redbridge,E05011255,E09000026
Redbridge,Wanstead Village,2022-05-05,Hepworth,Neil,Liberal Democrats,804,False,Wanstead Village,Redbridge,E05011255,E09000026
Redbridge,Wanstead Village,2022-05-05,Hussain,Fatema,Conservative Party Candidate,863,False,Wanstead Village,Redbridge,E05011255,E09000026
Redbridge,Wanstead Village,2022-05-05,Kalsi,Sharn,Conservative Party Candidate,822,False,Wanstead Village,Redbridge,E05011255,E09000026
Redbridge,Wanstead Village,2022-05-05,Lafferty,Richard,Green Party,394,False,Wanstead Village,Redbridge,E05011255,E09000026
Redbridge,Wanstead Village,2022-05-05,Marshall,Susanne,Green Party,504,False,Wanstead Village,Redbridge,E05011255,E09000026
Redbridge,Wanstead Village,2022-05-05,Morgan-Thomas,Daniel,Labour Party,1713,True,Wanstead Village,Redbridge,E05011255,E09000026
Redbridge,Wanstead Village,2022-05-05,Rowlands,John,Green Party,293,False,Wanstead Village,Redbridge,E05011255,E09000026
Redbridge,Wanstead Village,2022-05-05,Wilding,Scott,Liberal Democrats,694,False,Wanstead Village,Redbridge,E05011255,E09000026
Richmond upon Thames,Barnes,2022-05-05,Ata,Ayar,Labour Party,221,False,Barnes,Richmond upon Thames,E05013774,E09000027
Richmond upon Thames,Barnes,2022-05-05,Brandreth,Aphra,Conservative Party Candidate,1646,False,Barnes,Richmond upon Thames,E05013774,E09000027
Richmond upon Thames,Barnes,2022-05-05,Edward,Helen,Conservative Party Candidate,1539,False,Barnes,Richmond upon Thames,E05013774,E09000027
Richmond upon Thames,Barnes,2022-05-05,Gezdari,Sara,Conservative Party Candidate,1436,False,Barnes,Richmond upon Thames,E05013774,E09000027
Richmond upon Thames,Barnes,2022-05-05,Hale [Hale],Andrew Joseph [Andy],Liberal Democrats,1890,True,Barnes,Richmond upon Thames,E05013774,E09000027
Richmond upon Thames,Barnes,2022-05-05,Lever,Alec,Labour Party,250,False,Barnes,Richmond upon Thames,E05013774,E09000027
Richmond upon Thames,Barnes,2022-05-05,Millum,Marjory,Liberal Democrats,1874,True,Barnes,Richmond upon Thames,E05013774,E09000027
Richmond upon Thames,Barnes,2022-05-05,Patel,Sujata,Labour Party,242,False,Barnes,Richmond upon Thames,E05013774,E09000027
Richmond upon Thames,Barnes,2022-05-05,Sacks,Fiona,Liberal Democrats,1960,True,Barnes,Richmond upon Thames,E05013774,E09000027
Richmond upon Thames,East Sheen,2022-05-05,Cambridge,Julia,Liberal Democrats,2466,True,East Sheen,Richmond upon Thames,E05013775,E09000027
Richmond upon Thames,East Sheen,2022-05-05,Cox,Alexandra,Labour Party,300,False,East Sheen,Richmond upon Thames,E05013775,E09000027
Richmond upon Thames,East Sheen,2022-05-05,Dane,Margaret,Liberal Democrats,2206,True,East Sheen,Richmond upon Thames,E05013775,E09000027
Richmond upon Thames,East Sheen,2022-05-05,Hepworth,Frederick George Cagney,Labour Party,245,False,East Sheen,Richmond upon Thames,E05013775,E09000027
Richmond upon Thames,East Sheen,2022-05-05,Hodgins,Paul,Local Conservatives,1163,False,East Sheen,Richmond upon Thames,E05013775,E09000027
Richmond upon Thames,East Sheen,2022-05-05,Joyce,Seamus,Local Conservatives,1170,False,East Sheen,Richmond upon Thames,E05013775,E09000027
Richmond upon Thames,East Sheen,2022-05-05,Littlemore,David James,Labour Party,244,False,East Sheen,Richmond upon Thames,E05013775,E09000027
Richmond upon Thames,East Sheen,2022-05-05,Marcel,Brian Anthony,Local Conservatives,1207,False,East Sheen,Richmond upon Thames,E05013775,E09000027
Richmond upon Thames,East Sheen,2022-05-05,McLeod,Zoe,Liberal Democrats,2173,True,East Sheen,Richmond upon Thames,E05013775,E09000027
Richmond upon Thames,Fulwell & Hampton Hill,2022-05-05,Boyle,Mark,Conservative Party Candidate,822,False,Fulwell & Hampton Hill,Richmond upon Thames,E05013776,E09000027
Richmond upon Thames,Fulwell & Hampton Hill,2022-05-05,Broughton,Joe James,Conservative Party Candidate,726,False,Fulwell & Hampton Hill,Richmond upon Thames,E05013776,E09000027
Richmond upon Thames,Fulwell & Hampton Hill,2022-05-05,Cardy,Jonathan,Liberal Democrats,2371,True,Fulwell & Hampton Hill,Richmond upon Thames,E05013776,E09000027
Richmond upon Thames,Fulwell & Hampton Hill,2022-05-05,Edmonds,John,Labour Party,417,False,Fulwell & Hampton Hill,Richmond upon Thames,E05013776,E09000027
Richmond upon Thames,Fulwell & Hampton Hill,2022-05-05,Hull,Matthew,Liberal Democrats,2304,True,Fulwell & Hampton Hill,Richmond upon Thames,E05013776,E09000027
Richmond upon Thames,Fulwell & Hampton Hill,2022-05-05,Reindorp,Julian,Labour Party,440,False,Fulwell & Hampton Hill,Richmond upon Thames,E05013776,E09000027
Richmond upon Thames,Fulwell & Hampton Hill,2022-05-05,Tutchell,Eva,Labour Party,526,False,Fulwell & Hampton Hill,Richmond upon Thames,E05013776,E09000027
Richmond upon Thames,Fulwell & Hampton Hill,2022-05-05,Tuthill,Kelly-Marie,Conservative Party Candidate,651,False,Fulwell & Hampton Hill,Richmond upon Thames,E05013776,E09000027
Richmond upon Thames,Fulwell & Hampton Hill,2022-05-05,Wren,Caroline Sarah,The Green Party candidate,2153,True,Fulwell & Hampton Hill,Richmond upon Thames,E05013776,E09000027
Richmond upon Thames,"Ham, Petersham & Richmond Riverside",2022-05-05,Ayliffe,Monica,Labour Party,406,False,"Ham, Petersham & Richmond Riverside",Richmond upon Thames,E05013777,E09000027
Richmond upon Thames,"Ham, Petersham & Richmond Riverside",2022-05-05,Curran,Gemma Louise Anderson Murray,Conservative Party Candidate,740,False,"Ham, Petersham & Richmond Riverside",Richmond upon Thames,E05013777,E09000027
Richmond upon Thames,"Ham, Petersham & Richmond Riverside",2022-05-05,Frieze,Andree Michelle,Green Party Councillor,1905,True,"Ham, Petersham & Richmond Riverside",Richmond upon Thames,E05013777,E09000027
Richmond upon Thames,"Ham, Petersham & Richmond Riverside",2022-05-05,Frost [Frost],Penelope [Penny],Liberal Democrats,2171,True,"Ham, Petersham & Richmond Riverside",Richmond upon Thames,E05013777,E09000027
Richmond upon Thames,"Ham, Petersham & Richmond Riverside",2022-05-05,Holden-Ayala,Manuel Roberto,Conservative Party Candidate,620,False,"Ham, Petersham & Richmond Riverside",Richmond upon Thames,E05013777,E09000027
Richmond upon Thames,"Ham, Petersham & Richmond Riverside",2022-05-05,Jaouen-Strutt,Dimitri,Labour Party,241,False,"Ham, Petersham & Richmond Riverside",Richmond upon Thames,E05013777,E09000027
Richmond upon Thames,"Ham, Petersham & Richmond Riverside",2022-05-05,Kartun-Giles,Alexander Paul,Conservative Party Candidate,605,False,"Ham, Petersham & Richmond Riverside",Richmond upon Thames,E05013777,E09000027
Richmond upon Thames,"Ham, Petersham & Richmond Riverside",2022-05-05,Richards,Gareth,Liberal Democrats,1964,True,"Ham, Petersham & Richmond Riverside",Richmond upon Thames,E05013777,E09000027
Richmond upon Thames,"Ham, Petersham & Richmond Riverside",2022-05-05,Smith,Angela,Labour Party,324,False,"Ham, Petersham & Richmond Riverside",Richmond upon Thames,E05013777,E09000027
Richmond upon Thames,Hampton,2022-05-05,Dalton [Dalton],Samuel [Sam],Liberal Democrats,2242,True,Hampton,Richmond upon Thames,E05013778,E09000027
Richmond upon Thames,Hampton,2022-05-05,Gadd,Derek John,Labour Party,257,False,Hampton,Richmond upon Thames,E05013778,E09000027
Richmond upon Thames,Hampton,2022-05-05,Gadd,Roisin Joyce Maud,Labour Party,285,False,Hampton,Richmond upon Thames,E05013778,E09000027
Richmond upon Thames,Hampton,2022-05-05,Guichard,Stephen John,Labour Party,255,False,Hampton,Richmond upon Thames,E05013778,E09000027
Richmond upon Thames,Hampton,2022-05-05,Nicholson,Suzette,Liberal Democrats,2253,True,Hampton,Richmond upon Thames,E05013778,E09000027
Richmond upon Thames,Hampton,2022-05-05,Roberts,Gareth,Liberal Democrats,2290,True,Hampton,Richmond upon Thames,E05013778,E09000027
Richmond upon Thames,Hampton,2022-05-05,Sale,Petra,Conservative Party Candidate,991,False,Hampton,Richmond upon Thames,E05013778,E09000027
Richmond upon Thames,Hampton,2022-05-05,Slinn [Slinn],Jonathan Martin [Jon],Conservative Party Candidate,1030,False,Hampton,Richmond upon Thames,E05013778,E09000027
Richmond upon Thames,Hampton,2022-05-05,Watson,Nina Christensen,Conservative Party Candidate,1004,False,Hampton,Richmond upon Thames,E05013778,E09000027
Richmond upon Thames,Hampton North,2022-05-05,Basham,Kallon Geoffrey,The Green Party candidate,1044,False,Hampton North,Richmond upon Thames,E05013779,E09000027
Richmond upon Thames,Hampton North,2022-05-05,Coelho,Avril Petrina,Independent,678,False,Hampton North,Richmond upon Thames,E05013779,E09000027
Richmond upon Thames,Hampton North,2022-05-05,Davis,Jeremy,Liberal Democrats,1560,True,Hampton North,Richmond upon Thames,E05013779,E09000027
Richmond upon Thames,Hampton North,2022-05-05,Engledew [Howard],Catherine Jane [Kate],Conservative Party Candidate,1117,False,Hampton North,Richmond upon Thames,E05013779,E09000027
Richmond upon Thames,Hampton North,2022-05-05,Gant,Elizabeth,Liberal Democrats,1654,True,Hampton North,Richmond upon Thames,E05013779,E09000027
Richmond upon Thames,Hampton North,2022-05-05,Johnson,James,Labour Party,314,False,Hampton North,Richmond upon Thames,E05013779,E09000027
Richmond upon Thames,Hampton North,2022-05-05,Majumdar,Nupur,Conservative Party Candidate,983,False,Hampton North,Richmond upon Thames,E05013779,E09000027
Richmond upon Thames,Hampton North,2022-05-05,Mitchell,Elliot George,Labour Party,337,False,Hampton North,Richmond upon Thames,E05013779,E09000027
Richmond upon Thames,Hampton North,2022-05-05,Samuel,Geoffrey James,Conservative Party Candidate,1175,True,Hampton North,Richmond upon Thames,E05013779,E09000027
Richmond upon Thames,Hampton North,2022-05-05,Spawls,Louisa,Labour Party,412,False,Hampton North,Richmond upon Thames,E05013779,E09000027
Richmond upon Thames,Hampton Wick & South Teddington,2022-05-05,Brown,Robin,Liberal Democrats,2725,True,Hampton Wick & South Teddington,Richmond upon Thames,E05013780,E09000027
Richmond upon Thames,Hampton Wick & South Teddington,2022-05-05,Dance,Hilary Jane,Conservative Party Candidate,893,False,Hampton Wick & South Teddington,Richmond upon Thames,E05013780,E09000027
Richmond upon Thames,Hampton Wick & South Teddington,2022-05-05,Fleming,Petra,Liberal Democrats,2593,True,Hampton Wick & South Teddington,Richmond upon Thames,E05013780,E09000027
Richmond upon Thames,Hampton Wick & South Teddington,2022-05-05,Haynes,Katharine,Labour Party,393,False,Hampton Wick & South Teddington,Richmond upon Thames,E05013780,E09000027
Richmond upon Thames,Hampton Wick & South Teddington,2022-05-05,Healy,Grant,Conservative Party Candidate,876,False,Hampton Wick & South Teddington,Richmond upon Thames,E05013780,E09000027
Richmond upon Thames,Hampton Wick & South Teddington,2022-05-05,Hollis [Hollis],Jonathan Henry Amberton [Jon],Conservative Party Candidate,831,False,Hampton Wick & South Teddington,Richmond upon Thames,E05013780,E09000027
Richmond upon Thames,Hampton Wick & South Teddington,2022-05-05,Johnson,Christopher Richard,Labour Party,382,False,Hampton Wick & South Teddington,Richmond upon Thames,E05013780,E09000027
Richmond upon Thames,Hampton Wick & South Teddington,2022-05-05,Millard [Millard],James [Jim],Liberal Democrats,2450,True,Hampton Wick & South Teddington,Richmond upon Thames,E05013780,E09000027
Richmond upon Thames,Hampton Wick & South Teddington,2022-05-05,Ward,Gerard Elliott,Labour Party,352,False,Hampton Wick & South Teddington,Richmond upon Thames,E05013780,E09000027
Richmond upon Thames,Heathfield,2022-05-05,Coombs,John,Liberal Democrats,1521,True,Heathfield,Richmond upon Thames,E05013781,E09000027
Richmond upon Thames,Heathfield,2022-05-05,Dexter [Dexter],Nicholas John [Nick],Labour Party,815,False,Heathfield,Richmond upon Thames,E05013781,E09000027
Richmond upon Thames,Heathfield,2022-05-05,Dryja,George Edward,Conservative Party Candidate,791,False,Heathfield,Richmond upon Thames,E05013781,E09000027
Richmond upon Thames,Heathfield,2022-05-05,Hope,Marc,Conservative Party Candidate,799,False,Heathfield,Richmond upon Thames,E05013781,E09000027
Richmond upon Thames,Heathfield,2022-05-05,Lebosquet,Jonathan Charles,Conservative Party Candidate,746,False,Heathfield,Richmond upon Thames,E05013781,E09000027
Richmond upon Thames,Heathfield,2022-05-05,Pollesche,Lesley,Liberal Democrats,1398,True,Heathfield,Richmond upon Thames,E05013781,E09000027
Richmond upon Thames,Heathfield,2022-05-05,Walia [Paul],Manju [Manju],Labour Party,801,False,Heathfield,Richmond upon Thames,E05013781,E09000027
Richmond upon Thames,Heathfield,2022-05-05,Walia,Ranjeev,Labour Party,777,False,Heathfield,Richmond upon Thames,E05013781,E09000027
Richmond upon Thames,Heathfield,2022-05-05,Wilson,Michael,Liberal Democrats,1349,True,Heathfield,Richmond upon Thames,E05013781,E09000027
Richmond upon Thames,Kew,2022-05-05,Bridges-Westcott,Alice,Liberal Democrats,2544,True,Kew,Richmond upon Thames,E05013782,E09000027
Richmond upon Thames,Kew,2022-05-05,Craigie,Ian,Liberal Democrats,2443,True,Kew,Richmond upon Thames,E05013782,E09000027
Richmond upon Thames,Kew,2022-05-05,Ennis,Samuel,Conservative Party Candidate,1105,False,Kew,Richmond upon Thames,E05013782,E09000027
Richmond upon Thames,Kew,2022-05-05,Fearon,Sophia Kate,Conservative Party Candidate,1170,False,Kew,Richmond upon Thames,E05013782,E09000027
Richmond upon Thames,Kew,2022-05-05,Hampson,Nicholas John,Labour Party,328,False,Kew,Richmond upon Thames,E05013782,E09000027
Richmond upon Thames,Kew,2022-05-05,Marder,Barnaby Jonathan Leons,Labour Party,262,False,Kew,Richmond upon Thames,E05013782,E09000027
Richmond upon Thames,Kew,2022-05-05,Metcalfe,Roger Scott,Conservative Party Candidate,1112,False,Kew,Richmond upon Thames,E05013782,E09000027
Richmond upon Thames,Kew,2022-05-05,Reyes-Torres [Reyes],Eliana Maria [Eliana Maria],Women`s Equality Party,275,False,Kew,Richmond upon Thames,E05013782,E09000027
Richmond upon Thames,Kew,2022-05-05,Vollum,Clare,Liberal Democrats,2386,True,Kew,Richmond upon Thames,E05013782,E09000027
Richmond upon Thames,Kew,2022-05-05,White,Marion Sylvia,Labour Party,305,False,Kew,Richmond upon Thames,E05013782,E09000027
Richmond upon Thames,Mortlake & Barnes Common,2022-05-05,Woolston,Matthew David,Labour Party,528,False,Mortlake & Barnes Common,Richmond upon Thames,E05013783,E09000027
Richmond upon Thames,Mortlake & Barnes Common,2022-05-05,Sewell,Sarah-Jane,Conservative Party Candidate,1049,False,Mortlake & Barnes Common,Richmond upon Thames,E05013783,E09000027
Richmond upon Thames,Mortlake & Barnes Common,2022-05-05,Powers,Jennifer Rebecca,Conservative Party Candidate,1077,False,Mortlake & Barnes Common,Richmond upon Thames,E05013783,E09000027
Richmond upon Thames,Mortlake & Barnes Common,2022-05-05,Paterson [Paterson],Anthony [Tony],Liberal Democrats,1788,True,Mortlake & Barnes Common,Richmond upon Thames,E05013783,E09000027
Richmond upon Thames,Mortlake & Barnes Common,2022-05-05,McNulty-Howard,Anton,Liberal Democrats,1878,True,Mortlake & Barnes Common,Richmond upon Thames,E05013783,E09000027
Richmond upon Thames,Mortlake & Barnes Common,2022-05-05,Genders,Deborah Maria,Labour Party,568,False,Mortlake & Barnes Common,Richmond upon Thames,E05013783,E09000027
Richmond upon Thames,Mortlake & Barnes Common,2022-05-05,Danciger,Simon Lewis,Independent,741,False,Mortlake & Barnes Common,Richmond upon Thames,E05013783,E09000027
Richmond upon Thames,Mortlake & Barnes Common,2022-05-05,Crookdake [Crookdake],Nicola [Niki],The Green Party candidate,1312,True,Mortlake & Barnes Common,Richmond upon Thames,E05013783,E09000027
Richmond upon Thames,Mortlake & Barnes Common,2022-05-05,Bates,Francine Loudon,Labour Party,733,False,Mortlake & Barnes Common,Richmond upon Thames,E05013783,E09000027
Richmond upon Thames,Mortlake & Barnes Common,2022-05-05,Avon,Paul Michael,Conservative Party Candidate,1241,False,Mortlake & Barnes Common,Richmond upon Thames,E05013783,E09000027
Richmond upon Thames,North Richmond,2022-05-05,Webb [Webb],Susan Pamela [Suzy],Conservative Party Candidate,798,False,North Richmond,Richmond upon Thames,E05013784,E09000027
Richmond upon Thames,North Richmond,2022-05-05,Warren,Richard,Liberal Democrats,2141,True,North Richmond,Richmond upon Thames,E05013784,E09000027
Richmond upon Thames,North Richmond,2022-05-05,Rosenschein,Daniel Jack Stirling,Conservative Party Candidate,744,False,North Richmond,Richmond upon Thames,E05013784,E09000027
Richmond upon Thames,North Richmond,2022-05-05,Pyne,Richard,Liberal Democrats,2147,True,North Richmond,Richmond upon Thames,E05013784,E09000027
Richmond upon Thames,North Richmond,2022-05-05,O`Farrell,Fiona,Labour Party,488,False,North Richmond,Richmond upon Thames,E05013784,E09000027
Richmond upon Thames,North Richmond,2022-05-05,Longley,Thomas James,Conservative Party Candidate,761,False,North Richmond,Richmond upon Thames,E05013784,E09000027
Richmond upon Thames,North Richmond,2022-05-05,Cullen,Sam,Labour Party,393,False,North Richmond,Richmond upon Thames,E05013784,E09000027
Richmond upon Thames,North Richmond,2022-05-05,Baldwin,Nancy,Liberal Democrats,2262,True,North Richmond,Richmond upon Thames,E05013784,E09000027
Richmond upon Thames,North Richmond,2022-05-05,Absolon,Thomas Chalmers,Labour Party,425,False,North Richmond,Richmond upon Thames,E05013784,E09000027
Richmond upon Thames,South Richmond,2022-05-05,Warlow [Warlow],Charles Allan [Chas],The Green Party candidate,1756,True,South Richmond,Richmond upon Thames,E05013786,E09000027
Richmond upon Thames,South Richmond,2022-05-05,Vassileva,Paulina,Liberal Democrats,2114,True,South Richmond,Richmond upon Thames,E05013786,E09000027
Richmond upon Thames,South Richmond,2022-05-05,Varley [Varley],Christopher [Chris],Liberal Democrats,2158,True,South Richmond,Richmond upon Thames,E05013786,E09000027
Richmond upon Thames,South Richmond,2022-05-05,Taylor,Phillip Brian,Conservative Party Candidate,1079,False,South Richmond,Richmond upon Thames,E05013786,E09000027
Richmond upon Thames,South Richmond,2022-05-05,O`Malley,Thomas Keppel,Conservative Party Candidate,1210,False,South Richmond,Richmond upon Thames,E05013786,E09000027
Richmond upon Thames,South Richmond,2022-05-05,Makurah,Edwin,Labour Party,282,False,South Richmond,Richmond upon Thames,E05013786,E09000027
Richmond upon Thames,South Richmond,2022-05-05,Freedman,Michael,Labour Party,182,False,South Richmond,Richmond upon Thames,E05013786,E09000027
Richmond upon Thames,South Richmond,2022-05-05,Fleming,Pamela Ann,Conservative Party Candidate,1340,False,South Richmond,Richmond upon Thames,E05013786,E09000027
Richmond upon Thames,South Richmond,2022-05-05,Atchison,Christina,Labour Party,352,False,South Richmond,Richmond upon Thames,E05013786,E09000027
Richmond upon Thames,South Twickenham,2022-05-05,Rollin,Laura,Labour Party,515,False,South Twickenham,Richmond upon Thames,E05013787,E09000027
Richmond upon Thames,South Twickenham,2022-05-05,Nacmanson,Paul Emile,Conservative Party Candidate,765,False,South Twickenham,Richmond upon Thames,E05013787,E09000027
Richmond upon Thames,South Twickenham,2022-05-05,Marlow,Helen Jane,Conservative Party Candidate,893,False,South Twickenham,Richmond upon Thames,E05013787,E09000027
Richmond upon Thames,South Twickenham,2022-05-05,Marlow,David John,Conservative Party Candidate,851,False,South Twickenham,Richmond upon Thames,E05013787,E09000027
Richmond upon Thames,South Twickenham,2022-05-05,Kingston,Alexander,Labour Party,421,False,South Twickenham,Richmond upon Thames,E05013787,E09000027
Richmond upon Thames,South Twickenham,2022-05-05,Fawcett,Christopher Stephen,Labour Party,372,False,South Twickenham,Richmond upon Thames,E05013787,E09000027
Richmond upon Thames,South Twickenham,2022-05-05,Clothier-Jones [Lee],Rhiannon [Rhi],Liberal Democrats,2321,True,South Twickenham,Richmond upon Thames,E05013787,E09000027
Richmond upon Thames,South Twickenham,2022-05-05,Butlin,Michael,Liberal Democrats,2353,True,South Twickenham,Richmond upon Thames,E05013787,E09000027
Richmond upon Thames,South Twickenham,2022-05-05,Bennett,Richard John,Green Party Councillor,2048,True,South Twickenham,Richmond upon Thames,E05013787,E09000027
Richmond upon Thames,St Margarets & North Twickenham,2022-05-05,Porter,Ruth Oates,Conservative Party Candidate,646,False,St Margarets & North Twickenham,Richmond upon Thames,E05013785,E09000027
Richmond upon Thames,St Margarets & North Twickenham,2022-05-05,Newman,Keith William John,Conservative Party Candidate,602,False,St Margarets & North Twickenham,Richmond upon Thames,E05013785,E09000027
Richmond upon Thames,St Margarets & North Twickenham,2022-05-05,Moshi,Philip Joseph,Labour Party,358,False,St Margarets & North Twickenham,Richmond upon Thames,E05013785,E09000027
Richmond upon Thames,St Margarets & North Twickenham,2022-05-05,Mansfield [Mansfield],Kathryn [Katie],Liberal Democrats,2799,True,St Margarets & North Twickenham,Richmond upon Thames,E05013785,E09000027
Richmond upon Thames,St Margarets & North Twickenham,2022-05-05,Khosa [Khosa],Harbrinder [Ben],Liberal Democrats,2646,True,St Margarets & North Twickenham,Richmond upon Thames,E05013785,E09000027
Richmond upon Thames,St Margarets & North Twickenham,2022-05-05,Ehmann,Alexander,Liberal Democrats,2623,True,St Margarets & North Twickenham,Richmond upon Thames,E05013785,E09000027
Richmond upon Thames,St Margarets & North Twickenham,2022-05-05,Cavin,Paul Rene,Conservative Party Candidate,611,False,St Margarets & North Twickenham,Richmond upon Thames,E05013785,E09000027
Richmond upon Thames,St Margarets & North Twickenham,2022-05-05,Cadogan-Rawlinson [Rawlinson],Patricia Anne [Trixie],Women`s Equality Party,371,False,St Margarets & North Twickenham,Richmond upon Thames,E05013785,E09000027
Richmond upon Thames,St Margarets & North Twickenham,2022-05-05,Banaji,Penelope Jane,Labour Party,393,False,St Margarets & North Twickenham,Richmond upon Thames,E05013785,E09000027
Richmond upon Thames,St Margarets & North Twickenham,2022-05-05,Alexander,Gordon,Labour Party,426,False,St Margarets & North Twickenham,Richmond upon Thames,E05013785,E09000027
Richmond upon Thames,Teddington,2022-05-05,Pell,Janet Mary,Conservative Party Candidate,840,False,Teddington,Richmond upon Thames,E05013788,E09000027
Richmond upon Thames,Teddington,2022-05-05,Mackenzie,Elizabeth Geraldine,Labour Party,445,False,Teddington,Richmond upon Thames,E05013788,E09000027
Richmond upon Thames,Teddington,2022-05-05,Low,Sampson Edward Dalston,Labour Party,353,False,Teddington,Richmond upon Thames,E05013788,E09000027
Richmond upon Thames,Teddington,2022-05-05,Jarvis,Brian William,Conservative Party Candidate,798,False,Teddington,Richmond upon Thames,E05013788,E09000027
Richmond upon Thames,Teddington,2022-05-05,Giesler [Giesler],Philip [Phil],Liberal Democrats,2502,True,Teddington,Richmond upon Thames,E05013788,E09000027
Richmond upon Thames,Teddington,2022-05-05,Engel [Engel],Charles [Charlie],Liberal Democrats,2592,True,Teddington,Richmond upon Thames,E05013788,E09000027
Richmond upon Thames,Teddington,2022-05-05,Elengorn,Martin,Liberal Democrats,2587,True,Teddington,Richmond upon Thames,E05013788,E09000027
Richmond upon Thames,Teddington,2022-05-05,Eastment,Philip,Conservative Party Candidate,824,False,Teddington,Richmond upon Thames,E05013788,E09000027
Richmond upon Thames,Teddington,2022-05-05,Browning,Neil Roland,Labour Party,429,False,Teddington,Richmond upon Thames,E05013788,E09000027
Richmond upon Thames,Twickenham Riverside,2022-05-05,Rushton [Rushton],Thomas Edward Titus Bembo [Daisy],Labour Party,374,False,Twickenham Riverside,Richmond upon Thames,E05013789,E09000027
Richmond upon Thames,Twickenham Riverside,2022-05-05,Rayfield,Caroline Frances,Women`s Equality Party,715,False,Twickenham Riverside,Richmond upon Thames,E05013789,E09000027
Richmond upon Thames,Twickenham Riverside,2022-05-05,Orchard [Orchard],Douglas [Douge],Conservative Party Candidate,691,False,Twickenham Riverside,Richmond upon Thames,E05013789,E09000027
Richmond upon Thames,Twickenham Riverside,2022-05-05,O`Shea,Stephen,Liberal Democrats,2128,True,Twickenham Riverside,Richmond upon Thames,E05013789,E09000027
Richmond upon Thames,Twickenham Riverside,2022-05-05,Neden-Watts,Julia,Liberal Democrats,2405,True,Twickenham Riverside,Richmond upon Thames,E05013789,E09000027
Richmond upon Thames,Twickenham Riverside,2022-05-05,Loewenstein,Caroline Anne,Labour Party,303,False,Twickenham Riverside,Richmond upon Thames,E05013789,E09000027
Richmond upon Thames,Twickenham Riverside,2022-05-05,Gladstone,Adam Steuart,Labour Party,291,False,Twickenham Riverside,Richmond upon Thames,E05013789,E09000027
Richmond upon Thames,Twickenham Riverside,2022-05-05,Chard,James,Liberal Democrats,2260,True,Twickenham Riverside,Richmond upon Thames,E05013789,E09000027
Richmond upon Thames,Twickenham Riverside,2022-05-05,Chappell,Susan Margaret,Conservative Party Candidate,853,False,Twickenham Riverside,Richmond upon Thames,E05013789,E09000027
Richmond upon Thames,Twickenham Riverside,2022-05-05,Bielstein,Alexander,Conservative Party Candidate,731,False,Twickenham Riverside,Richmond upon Thames,E05013789,E09000027
Richmond upon Thames,West Twickenham,2022-05-05,Tillotson,Will Ivor Groskop,Labour Party,325,False,West Twickenham,Richmond upon Thames,E05013790,E09000027
Richmond upon Thames,West Twickenham,2022-05-05,Tanto,Paul,Labour Party,419,False,West Twickenham,Richmond upon Thames,E05013790,E09000027
Richmond upon Thames,West Twickenham,2022-05-05,Sale,Lily-Naomi,Conservative Party Candidate,810,False,West Twickenham,Richmond upon Thames,E05013790,E09000027
Richmond upon Thames,West Twickenham,2022-05-05,O`Brien,Laura,Liberal Democrats,2187,True,West Twickenham,Richmond upon Thames,E05013790,E09000027
Richmond upon Thames,West Twickenham,2022-05-05,Juriansz,Alan,Liberal Democrats,2103,True,West Twickenham,Richmond upon Thames,E05013790,E09000027
Richmond upon Thames,West Twickenham,2022-05-05,Green,Christina,Labour Party,487,False,West Twickenham,Richmond upon Thames,E05013790,E09000027
Richmond upon Thames,West Twickenham,2022-05-05,Fryer [Fryer],Jonathan Arthur Clive [Jonny],Conservative Party Candidate,835,False,West Twickenham,Richmond upon Thames,E05013790,E09000027
Richmond upon Thames,West Twickenham,2022-05-05,Finch,Peter George,Conservative Party Candidate,851,False,West Twickenham,Richmond upon Thames,E05013790,E09000027
Richmond upon Thames,West Twickenham,2022-05-05,Allen,Piers Ronald,Liberal Democrats,2193,True,West Twickenham,Richmond upon Thames,E05013790,E09000027
Richmond upon Thames,Whitton,2022-05-05,Tomlin,Ciaran Michael Ernest,Labour Party,394,False,Whitton,Richmond upon Thames,E05013791,E09000027
Richmond upon Thames,Whitton,2022-05-05,Sogol,Sheba,Conservative Party Candidate,842,False,Whitton,Richmond upon Thames,E05013791,E09000027
Richmond upon Thames,Whitton,2022-05-05,Shaukat,Saba,Conservative Party Candidate,854,False,Whitton,Richmond upon Thames,E05013791,E09000027
Richmond upon Thames,Whitton,2022-05-05,Sehra,Kuldev,Liberal Democrats,2043,True,Whitton,Richmond upon Thames,E05013791,E09000027
Richmond upon Thames,Whitton,2022-05-05,Roberts,Sandra Jane,Labour Party,359,False,Whitton,Richmond upon Thames,E05013791,E09000027
Richmond upon Thames,Whitton,2022-05-05,Roberts,Howard,Labour Party,324,False,Whitton,Richmond upon Thames,E05013791,E09000027
Richmond upon Thames,Whitton,2022-05-05,O`Carroll [O`Carroll],Robert Michael St John [Rob],Liberal Democrats,2163,True,Whitton,Richmond upon Thames,E05013791,E09000027
Richmond upon Thames,Whitton,2022-05-05,Humphreys [Humphreys],Joanne [Jo],Liberal Democrats,2338,True,Whitton,Richmond upon Thames,E05013791,E09000027
Richmond upon Thames,Whitton,2022-05-05,Hull,Jennifer Ann,Conservative Party Candidate,1027,False,Whitton,Richmond upon Thames,E05013791,E09000027
Southwark,Borough & Bankside,2022-05-05,CALLAGHAN,Daniel,Conservative Party Candidate,223,False,Borough & Bankside,Southwark,E05011095,E09000028
Southwark,Borough & Bankside,2022-05-05,CHAMBERLAIN,Victor,Liberal Democrats,1236,True,Borough & Bankside,Southwark,E05011095,E09000028
Southwark,Borough & Bankside,2022-05-05,HARLEY,Ronald,Labour Party Candidate,725,False,Borough & Bankside,Southwark,E05011095,E09000028
Southwark,Borough & Bankside,2022-05-05,KENNEDY,Charlie,Trade Unionist and Socialist Coalition,85,False,Borough & Bankside,Southwark,E05011095,E09000028
Southwark,Borough & Bankside,2022-05-05,MURTHY,Vignesh,Conservative Party Candidate,195,False,Borough & Bankside,Southwark,E05011095,E09000028
Southwark,Borough & Bankside,2022-05-05,RICHARDS,Jason,Conservative Party Candidate,212,False,Borough & Bankside,Southwark,E05011095,E09000028
Southwark,Borough & Bankside,2022-05-05,TOWEH,Theophilus,Labour Party Candidate,698,False,Borough & Bankside,Southwark,E05011095,E09000028
Southwark,Borough & Bankside,2022-05-05,VON WIESE,Irina,Liberal Democrats,1187,True,Borough & Bankside,Southwark,E05011095,E09000028
Southwark,Borough & Bankside,2022-05-05,WATSON,David,Liberal Democrats,1136,True,Borough & Bankside,Southwark,E05011095,E09000028
Southwark,Borough & Bankside,2022-05-05,WHITE,Maren,Labour Party Candidate,699,False,Borough & Bankside,Southwark,E05011095,E09000028
Southwark,Camberwell Green,2022-05-05,ABACHOR,Suzanne,Labour and Co-operative Party,2282,True,Camberwell Green,Southwark,E05011096,E09000028
Southwark,Camberwell Green,2022-05-05,BOARD,Douglas,Liberal Democrats,353,False,Camberwell Green,Southwark,E05011096,E09000028
Southwark,Camberwell Green,2022-05-05,BRADBURY,David,Conservative Party Candidate,273,False,Camberwell Green,Southwark,E05011096,E09000028
Southwark,Camberwell Green,2022-05-05,DIXON-FYLE,Dora,Labour and Co-operative Party,2281,True,Camberwell Green,Southwark,E05011096,E09000028
Southwark,Camberwell Green,2022-05-05,EVERETT,Thea,Trade Unionist and Socialist Coalition,126,False,Camberwell Green,Southwark,E05011096,E09000028
Southwark,Camberwell Green,2022-05-05,HAYWARD,Robert,Conservative Party Candidate,254,False,Camberwell Green,Southwark,E05011096,E09000028
Southwark,Camberwell Green,2022-05-05,HUDSON,Christopher,Liberal Democrats,350,False,Camberwell Green,Southwark,E05011096,E09000028
Southwark,Camberwell Green,2022-05-05,LEECH,Jason,Liberal Democrats,200,False,Camberwell Green,Southwark,E05011096,E09000028
Southwark,Camberwell Green,2022-05-05,REMY,Valerie,Green Party,798,False,Camberwell Green,Southwark,E05011096,E09000028
Southwark,Camberwell Green,2022-05-05,VACONDIO,Clara,Conservative Party Candidate,219,False,Camberwell Green,Southwark,E05011096,E09000028
Southwark,Camberwell Green,2022-05-05,WILLIAMS,Kieron,Labour and Co-operative Party,2090,True,Camberwell Green,Southwark,E05011096,E09000028
Southwark,Champion Hill,2022-05-05,BLANGO,Columba,Liberal Democrats,311,False,Champion Hill,Southwark,E05011097,E09000028
Southwark,Champion Hill,2022-05-05,DAVISON,Graham,Conservative Party Candidate,202,False,Champion Hill,Southwark,E05011097,E09000028
Southwark,Champion Hill,2022-05-05,HICKS,Esme,Labour Party Candidate,1610,True,Champion Hill,Southwark,E05011097,E09000028
Southwark,Champion Hill,2022-05-05,HUNT,Jonathan,Liberal Democrats,293,False,Champion Hill,Southwark,E05011097,E09000028
Southwark,Champion Hill,2022-05-05,KING,Sarah,Labour Party Candidate,1629,True,Champion Hill,Southwark,E05011097,E09000028
Southwark,Champion Hill,2022-05-05,MILLAR,Michael,Green Party,535,False,Champion Hill,Southwark,E05011097,E09000028
Southwark,Champion Hill,2022-05-05,TRUSS,Francis,Conservative Party Candidate,187,False,Champion Hill,Southwark,E05011097,E09000028
Southwark,Chaucer,2022-05-05,AHMED,Monsur,Liberal Democrats,539,False,Chaucer,Southwark,E05011098,E09000028
Southwark,Chaucer,2022-05-05,CLARK,Poddy,Liberal Democrats,609,False,Chaucer,Southwark,E05011098,E09000028
Southwark,Chaucer,2022-05-05,DENNIS,Helen,Labour Party Candidate,1916,True,Chaucer,Southwark,E05011098,E09000028
Southwark,Chaucer,2022-05-05,DOWSETT,Andrew,Conservative Party Candidate,280,False,Chaucer,Southwark,E05011098,E09000028
Southwark,Chaucer,2022-05-05,HUTCHINSON,Robert,Green Party,637,False,Chaucer,Southwark,E05011098,E09000028
Southwark,Chaucer,2022-05-05,JOHNSON,Laura,Labour Party Candidate,1761,True,Chaucer,Southwark,E05011098,E09000028
Southwark,Chaucer,2022-05-05,PACKER,Richard,Conservative Party Candidate,257,False,Chaucer,Southwark,E05011098,E09000028
Southwark,Chaucer,2022-05-05,PACKER,Tom,Conservative Party Candidate,251,False,Chaucer,Southwark,E05011098,E09000028
Southwark,Chaucer,2022-05-05,SHEIK,Mackie,Liberal Democrats,403,False,Chaucer,Southwark,E05011098,E09000028
Southwark,Chaucer,2022-05-05,VAMBE,Joseph,Labour Party Candidate,1470,True,Chaucer,Southwark,E05011098,E09000028
Southwark,Dulwich Hill,2022-05-05,BROWNING,Maggie,Labour Party Candidate,1846,True,Dulwich Hill,Southwark,E05011099,E09000028
Southwark,Dulwich Hill,2022-05-05,BRUCE-MITFORD,Myrtle,Green Party,698,False,Dulwich Hill,Southwark,E05011099,E09000028
Southwark,Dulwich Hill,2022-05-05,COPELAND,Tara,Liberal Democrats,489,False,Dulwich Hill,Southwark,E05011099,E09000028
Southwark,Dulwich Hill,2022-05-05,HARTLEY,Jon,Labour Party Candidate,1298,True,Dulwich Hill,Southwark,E05011099,E09000028
Southwark,Dulwich Hill,2022-05-05,OKPARAOCHA,Edith,Conservative Party Candidate,277,False,Dulwich Hill,Southwark,E05011099,E09000028
Southwark,Dulwich Hill,2022-05-05,ROGERS,Tom,Liberal Democrats,341,False,Dulwich Hill,Southwark,E05011099,E09000028
Southwark,Dulwich Hill,2022-05-05,WATSON,Rupert,Conservative Party Candidate,289,False,Dulwich Hill,Southwark,E05011099,E09000028
Southwark,Dulwich Village,2022-05-05,HOLDEN,Piers,Green Party,370,False,Dulwich Village,Southwark,E05011100,E09000028
Southwark,Dulwich Village,2022-05-05,HONEYBORNE,Tristan,Conservative Party Candidate,1063,False,Dulwich Village,Southwark,E05011100,E09000028
Southwark,Dulwich Village,2022-05-05,LANGDON,Christopher,Green Party,387,False,Dulwich Village,Southwark,E05011100,E09000028
Southwark,Dulwich Village,2022-05-05,LEEMING,Richard,Labour and Co-operative Party,1922,True,Dulwich Village,Southwark,E05011100,E09000028
Southwark,Dulwich Village,2022-05-05,NEWENS,Margy,Labour and Co-operative Party,2111,True,Dulwich Village,Southwark,E05011100,E09000028
Southwark,Dulwich Village,2022-05-05,PARKASH,Raghav,Liberal Democrats,1037,False,Dulwich Village,Southwark,E05011100,E09000028
Southwark,Dulwich Village,2022-05-05,RANDOLFI,Paul,Reform UK,50,False,Dulwich Village,Southwark,E05011100,E09000028
Southwark,Dulwich Village,2022-05-05,RATES,Clive,Conservative Party Candidate,1053,False,Dulwich Village,Southwark,E05011100,E09000028
Southwark,Dulwich Village,2022-05-05,WINGFIELD,Richard,Liberal Democrats,1133,False,Dulwich Village,Southwark,E05011100,E09000028
Southwark,Dulwich Wood,2022-05-05,CHATHLI,Lindsay,Conservative Party Candidate,706,False,Dulwich Wood,Southwark,E05011101,E09000028
Southwark,Dulwich Wood,2022-05-05,FAIRBAIRN,Guy,Green Party,449,False,Dulwich Wood,Southwark,E05011101,E09000028
Southwark,Dulwich Wood,2022-05-05,FURLONG,Aiken,Liberal Democrats,299,False,Dulwich Wood,Southwark,E05011101,E09000028
Southwark,Dulwich Wood,2022-05-05,HEATON-JONES,Peter,Conservative Party Candidate,675,False,Dulwich Wood,Southwark,E05011101,E09000028
Southwark,Dulwich Wood,2022-05-05,JOHNCOCK,Iain,Liberal Democrats,300,False,Dulwich Wood,Southwark,E05011101,E09000028
Southwark,Dulwich Wood,2022-05-05,MATLEY,Vincent,Green Party,303,False,Dulwich Wood,Southwark,E05011101,E09000028
Southwark,Dulwich Wood,2022-05-05,ROSE,Catherine,Labour Party Candidate,1783,True,Dulwich Wood,Southwark,E05011101,E09000028
Southwark,Dulwich Wood,2022-05-05,SIMMONS,Andy,Labour Party Candidate,1621,True,Dulwich Wood,Southwark,E05011101,E09000028
Southwark,Faraday,2022-05-05,CORBYN,Piers,Let London Live,200,False,Faraday,Southwark,E05011102,E09000028
Southwark,Faraday,2022-05-05,ELLIS,Novelette,Conservative Party Candidate,250,False,Faraday,Southwark,E05011102,E09000028
Southwark,Faraday,2022-05-05,FOSTER,Sam,Labour Party Candidate,1475,True,Faraday,Southwark,E05011102,E09000028
Southwark,Faraday,2022-05-05,HARPER,Ketzia,Labour Party Candidate,1450,True,Faraday,Southwark,E05011102,E09000028
Southwark,Faraday,2022-05-05,HE,Emma,Green Party,390,False,Faraday,Southwark,E05011102,E09000028
Southwark,Faraday,2022-05-05,HOSKIN,Liba,Green Party,369,False,Faraday,Southwark,E05011102,E09000028
Southwark,Faraday,2022-05-05,JALLOH,Cheikh,Liberal Democrats,197,False,Faraday,Southwark,E05011102,E09000028
Southwark,Faraday,2022-05-05,MCINTOSH,Kimberley,Labour Party Candidate,1445,True,Faraday,Southwark,E05011102,E09000028
Southwark,Faraday,2022-05-05,NEVILLE,Andrew,Conservative Party Candidate,226,False,Faraday,Southwark,E05011102,E09000028
Southwark,Faraday,2022-05-05,NOAKES,David,Liberal Democrats,216,False,Faraday,Southwark,E05011102,E09000028
Southwark,Faraday,2022-05-05,ONULUK,Tarsilo,Conservative Party Candidate,174,False,Faraday,Southwark,E05011102,E09000028
Southwark,Faraday,2022-05-05,ZULETA,Lorraine,Liberal Democrats,189,False,Faraday,Southwark,E05011102,E09000028
Southwark,Goose Green,2022-05-05,COLLINS,Philip,Green Party,932,False,Goose Green,Southwark,E05011103,E09000028
Southwark,Goose Green,2022-05-05,DONACHIE,Clare,Liberal Democrats,955,False,Goose Green,Southwark,E05011103,E09000028
Southwark,Goose Green,2022-05-05,GREEN,Michael,Liberal Democrats,736,False,Goose Green,Southwark,E05011103,E09000028
Southwark,Goose Green,2022-05-05,HONG,Qin,Conservative Party Candidate,294,False,Goose Green,Southwark,E05011103,E09000028
Southwark,Goose Green,2022-05-05,JENNINGS,David,Green Party,636,False,Goose Green,Southwark,E05011103,E09000028
Southwark,Goose Green,2022-05-05,MCASH,James,Labour Party Candidate,2323,True,Goose Green,Southwark,E05011103,E09000028
Southwark,Goose Green,2022-05-05,MWANGANGYE,Portia,Labour Party Candidate,2495,True,Goose Green,Southwark,E05011103,E09000028
Southwark,Goose Green,2022-05-05,POOLE-WILSON,Michael,Conservative Party Candidate,311,False,Goose Green,Southwark,E05011103,E09000028
Southwark,Goose Green,2022-05-05,ROACH,Sophie,Liberal Democrats,684,False,Goose Green,Southwark,E05011103,E09000028
Southwark,Goose Green,2022-05-05,SMITH,Charlie,Labour Party Candidate,2108,True,Goose Green,Southwark,E05011103,E09000028
Southwark,Goose Green,2022-05-05,VAN DEN BROEK,Adam,Conservative Party Candidate,275,False,Goose Green,Southwark,E05011103,E09000028
Southwark,Goose Green,2022-05-05,WEBB,Claire,Women`s Equality Party,414,False,Goose Green,Southwark,E05011103,E09000028
Southwark,London Bridge & West Bermondsey,2022-05-05,CHOPRA,Sunil,Labour Party Candidate,1586,True,London Bridge & West Bermondsey,Southwark,E05011104,E09000028
Southwark,London Bridge & West Bermondsey,2022-05-05,DALTON,Sam,Labour Party Candidate,1562,True,London Bridge & West Bermondsey,Southwark,E05011104,E09000028
Southwark,London Bridge & West Bermondsey,2022-05-05,HICKSON,Emily,Labour Party Candidate,1716,True,London Bridge & West Bermondsey,Southwark,E05011104,E09000028
Southwark,London Bridge & West Bermondsey,2022-05-05,HOUNGBO,William,Liberal Democrats,1205,False,London Bridge & West Bermondsey,Southwark,E05011104,E09000028
Southwark,London Bridge & West Bermondsey,2022-05-05,HUNTER,Susan,Green Party,495,False,London Bridge & West Bermondsey,Southwark,E05011104,E09000028
Southwark,London Bridge & West Bermondsey,2022-05-05,MOH,Martina,Liberal Democrats,1193,False,London Bridge & West Bermondsey,Southwark,E05011104,E09000028
Southwark,London Bridge & West Bermondsey,2022-05-05,O'BRIEN,Damian,Liberal Democrats,1119,False,London Bridge & West Bermondsey,Southwark,E05011104,E09000028
Southwark,London Bridge & West Bermondsey,2022-05-05,OKREKSON,Mohammed,Conservative Party Candidate,237,False,London Bridge & West Bermondsey,Southwark,E05011104,E09000028
Southwark,London Bridge & West Bermondsey,2022-05-05,ROLIN HYMANS,Dauphine,Green Party,343,False,London Bridge & West Bermondsey,Southwark,E05011104,E09000028
Southwark,London Bridge & West Bermondsey,2022-05-05,TERRILL,Chris,Green Party,280,False,London Bridge & West Bermondsey,Southwark,E05011104,E09000028
Southwark,London Bridge & West Bermondsey,2022-05-05,TIFFIN,Ralph,Conservative Party Candidate,262,False,London Bridge & West Bermondsey,Southwark,E05011104,E09000028
Southwark,London Bridge & West Bermondsey,2022-05-05,WARD,Oliver,Conservative Party Candidate,261,False,London Bridge & West Bermondsey,Southwark,E05011104,E09000028
Southwark,Newington,2022-05-05,BATTESON,John,Labour Party Candidate,1955,True,Newington,Southwark,E05011105,E09000028
Southwark,Newington,2022-05-05,BRIDGEN-DIDIER-GARNHAM,Suzie,Conservative Party Candidate,297,False,Newington,Southwark,E05011105,E09000028
Southwark,Newington,2022-05-05,DEMPSEY,Charles,Conservative Party Candidate,311,False,Newington,Southwark,E05011105,E09000028
Southwark,Newington,2022-05-05,ENNIN,Natasha,Labour Party Candidate,2011,True,Newington,Southwark,E05011105,E09000028
Southwark,Newington,2022-05-05,GBLA,Abdul,Liberal Democrats,368,False,Newington,Southwark,E05011105,E09000028
Southwark,Newington,2022-05-05,GILLETT,Suzy,Green Party,494,False,Newington,Southwark,E05011105,E09000028
Southwark,Newington,2022-05-05,GURLING,James,Liberal Democrats,408,False,Newington,Southwark,E05011105,E09000028
Southwark,Newington,2022-05-05,MACDONALD,Alice,Labour Party Candidate,2051,True,Newington,Southwark,E05011105,E09000028
Southwark,Newington,2022-05-05,OSPINA USMA,Lina,Green Party,371,False,Newington,Southwark,E05011105,E09000028
Southwark,Newington,2022-05-05,PRENCI,Erda,Conservative Party Candidate,233,False,Newington,Southwark,E05011105,E09000028
Southwark,Newington,2022-05-05,SHARMAN,Josh,Liberal Democrats,350,False,Newington,Southwark,E05011105,E09000028
Southwark,Newington,2022-05-05,WOOD,Clare,Green Party,453,False,Newington,Southwark,E05011105,E09000028
Southwark,North Bermondsey,2022-05-05,BENTLEY,Rachel,Liberal Democrats,1909,True,North Bermondsey,Southwark,E05011106,E09000028
Southwark,North Bermondsey,2022-05-05,GHIYATHA,Kaied,Labour Party Candidate,1227,False,North Bermondsey,Southwark,E05011106,E09000028
Southwark,North Bermondsey,2022-05-05,GIDWANI,Ravi,Conservative Party Candidate,370,False,North Bermondsey,Southwark,E05011106,E09000028
Southwark,North Bermondsey,2022-05-05,HEARN,Nicola,Green Party,641,False,North Bermondsey,Southwark,E05011106,E09000028
Southwark,North Bermondsey,2022-05-05,ISLAM,Sirajul,Labour Party Candidate,1036,False,North Bermondsey,Southwark,E05011106,E09000028
Southwark,North Bermondsey,2022-05-05,KONO-UGEN,Kono,Conservative Party Candidate,301,False,North Bermondsey,Southwark,E05011106,E09000028
Southwark,North Bermondsey,2022-05-05,LEONARD,Ian,Conservative Party Candidate,415,False,North Bermondsey,Southwark,E05011106,E09000028
Southwark,North Bermondsey,2022-05-05,MCCALLUM,Hamish,Liberal Democrats,1732,True,North Bermondsey,Southwark,E05011106,E09000028
Southwark,North Bermondsey,2022-05-05,REID,Claudia,Labour Party Candidate,1194,False,North Bermondsey,Southwark,E05011106,E09000028
Southwark,North Bermondsey,2022-05-05,TESTER,Emily,Liberal Democrats,1724,True,North Bermondsey,Southwark,E05011106,E09000028
Southwark,North Walworth,2022-05-05,ALI,Naima,Labour Party Candidate,1906,True,North Walworth,Southwark,E05011107,E09000028
Southwark,North Walworth,2022-05-05,BAFFOE,Peter,Green Party,652,False,North Walworth,Southwark,E05011107,E09000028
Southwark,North Walworth,2022-05-05,CARRINGTON,Lucy,Independent,78,False,North Walworth,Southwark,E05011107,E09000028
Southwark,North Walworth,2022-05-05,COX,Craig,Conservative Party Candidate,324,False,North Walworth,Southwark,E05011107,E09000028
Southwark,North Walworth,2022-05-05,JAMES,Tom,Liberal Democrats,453,False,North Walworth,Southwark,E05011107,E09000028
Southwark,North Walworth,2022-05-05,KINGSBURY,Ryan,Liberal Democrats,396,False,North Walworth,Southwark,E05011107,E09000028
Southwark,North Walworth,2022-05-05,LEHMANN,Steven,Green Party,424,False,North Walworth,Southwark,E05011107,E09000028
Southwark,North Walworth,2022-05-05,MARAMAZI,Faisal,Liberal Democrats,337,False,North Walworth,Southwark,E05011107,E09000028
Southwark,North Walworth,2022-05-05,MERRILL,Darren,Labour Party Candidate,1771,True,North Walworth,Southwark,E05011107,E09000028
Southwark,North Walworth,2022-05-05,SEATON,Martin,Labour Party Candidate,1672,True,North Walworth,Southwark,E05011107,E09000028
Southwark,North Walworth,2022-05-05,TANOU,Diako,Conservative Party Candidate,237,False,North Walworth,Southwark,E05011107,E09000028
Southwark,North Walworth,2022-05-05,WALLACE,Christine,Conservative Party Candidate,295,False,North Walworth,Southwark,E05011107,E09000028
Southwark,North Walworth,2022-05-05,WEDELL,Tom,Green Party,413,False,North Walworth,Southwark,E05011107,E09000028
Southwark,Nunhead & Queen’s Road,2022-05-05,ANDERSON,Fergie,Liberal Democrats,193,False,Nunhead & Queen's Road,Southwark,E05011108,E09000028
Southwark,Nunhead & Queen’s Road,2022-05-05,CHATHLI,Harry,Conservative Party Candidate,216,False,Nunhead & Queen's Road,Southwark,E05011108,E09000028
Southwark,Nunhead & Queen’s Road,2022-05-05,DAWKINS,Catherine,Green Party,1516,False,Nunhead & Queen's Road,Southwark,E05011108,E09000028
Southwark,Nunhead & Queen’s Road,2022-05-05,EDWARDS,Gavin,Labour Party Candidate,2072,True,Nunhead & Queen's Road,Southwark,E05011108,E09000028
Southwark,Nunhead & Queen’s Road,2022-05-05,GARRIQUES,Domonic,Conservative Party Candidate,191,False,Nunhead & Queen's Road,Southwark,E05011108,E09000028
Southwark,Nunhead & Queen’s Road,2022-05-05,MAYNE-CONSTANTINOU,Claire,Liberal Democrats,142,False,Nunhead & Queen's Road,Southwark,E05011108,E09000028
Southwark,Nunhead & Queen’s Road,2022-05-05,POPOOLA,Reginald,Labour Party Candidate,2040,True,Nunhead & Queen's Road,Southwark,E05011108,E09000028
Southwark,Nunhead & Queen’s Road,2022-05-05,RHULE,Sandra,Labour Party Candidate,2025,True,Nunhead & Queen's Road,Southwark,E05011108,E09000028
Southwark,Nunhead & Queen’s Road,2022-05-05,SHEPPARD,Claire,Green Party,1551,False,Nunhead & Queen's Road,Southwark,E05011108,E09000028
Southwark,Nunhead & Queen’s Road,2022-05-05,TARAS,Chris,Liberal Democrats,134,False,Nunhead & Queen's Road,Southwark,E05011108,E09000028
Southwark,Nunhead & Queen’s Road,2022-05-05,TAYLOR,Richard,Green Party,1270,False,Nunhead & Queen's Road,Southwark,E05011108,E09000028
Southwark,Nunhead & Queen’s Road,2022-05-05,TWINN,Ian,Conservative Party Candidate,188,False,Nunhead & Queen's Road,Southwark,E05011108,E09000028
Southwark,Old Kent Road,2022-05-05,AKOTO,Evelyn,Labour Party Candidate,2283,True,Old Kent Road,Southwark,E05011109,E09000028
Southwark,Old Kent Road,2022-05-05,ALEXANDER,Roman,Conservative Party Candidate,400,False,Old Kent Road,Southwark,E05011109,E09000028
Southwark,Old Kent Road,2022-05-05,BEDDAR,Moulka,Liberal Democrats,350,False,Old Kent Road,Southwark,E05011109,E09000028
Southwark,Old Kent Road,2022-05-05,CRONIN,John,Reform UK,121,False,Old Kent Road,Southwark,E05011109,E09000028
Southwark,Old Kent Road,2022-05-05,FORDHAM,Derek,Conservative Party Candidate,351,False,Old Kent Road,Southwark,E05011109,E09000028
Southwark,Old Kent Road,2022-05-05,KYRIACOU,Keira,Liberal Democrats,375,False,Old Kent Road,Southwark,E05011109,E09000028
Southwark,Old Kent Road,2022-05-05,KYRIACOU,Paul,Liberal Democrats,314,False,Old Kent Road,Southwark,E05011109,E09000028
Southwark,Old Kent Road,2022-05-05,LANE,Sandra,Green Party,599,False,Old Kent Road,Southwark,E05011109,E09000028
Southwark,Old Kent Road,2022-05-05,LIVINGSTONE,Richard,Labour Party Candidate,2046,True,Old Kent Road,Southwark,E05011109,E09000028
Southwark,Old Kent Road,2022-05-05,PNG,Abel,Conservative Party Candidate,278,False,Old Kent Road,Southwark,E05011109,E09000028
Southwark,Old Kent Road,2022-05-05,SITU,Michael,Labour Party Candidate,1959,True,Old Kent Road,Southwark,E05011109,E09000028
Southwark,Peckham,2022-05-05,COWAN,Dudley,Conservative Party Candidate,269,False,Peckham,Southwark,E05011110,E09000028
Southwark,Peckham,2022-05-05,DARAMOLA,Alfred,Conservative Party Candidate,259,False,Peckham,Southwark,E05011110,E09000028
Southwark,Peckham,2022-05-05,EMMANUEL,Leona,Labour Party Candidate,2148,True,Peckham,Southwark,E05011110,E09000028
Southwark,Peckham,2022-05-05,HARGROVE,Barrie,Labour Party Candidate,2080,True,Peckham,Southwark,E05011110,E09000028
Southwark,Peckham,2022-05-05,OFODU,Philomena,Liberal Democrats,290,False,Peckham,Southwark,E05011110,E09000028
Southwark,Peckham,2022-05-05,OKOSUN,James,Liberal Democrats,208,False,Peckham,Southwark,E05011110,E09000028
Southwark,Peckham,2022-05-05,SOANES,Cleo,Labour Party Candidate,1987,True,Peckham,Southwark,E05011110,E09000028
Southwark,Peckham,2022-05-05,STANTON,Oliver,Liberal Democrats,232,False,Peckham,Southwark,E05011110,E09000028
Southwark,Peckham,2022-05-05,WARD,Martina,Conservative Party Candidate,198,False,Peckham,Southwark,E05011110,E09000028
Southwark,Peckham Rye,2022-05-05,BENNETT,Gerard,Green Party,650,False,Peckham Rye,Southwark,E05011111,E09000028
Southwark,Peckham Rye,2022-05-05,BLANGO,Christian,Liberal Democrats,181,False,Peckham Rye,Southwark,E05011111,E09000028
Southwark,Peckham Rye,2022-05-05,GAMESTER,Nathan,Conservative Party Candidate,247,False,Peckham Rye,Southwark,E05011111,E09000028
Southwark,Peckham Rye,2022-05-05,HAMVAS,Renata,Labour Party Candidate,1802,True,Peckham Rye,Southwark,E05011111,E09000028
Southwark,Peckham Rye,2022-05-05,MILLS,Victoria,Labour Party Candidate,1757,True,Peckham Rye,Southwark,E05011111,E09000028
Southwark,Peckham Rye,2022-05-05,REYES,Eduardo,Liberal Democrats,185,False,Peckham Rye,Southwark,E05011111,E09000028
Southwark,Peckham Rye,2022-05-05,SHEPPARD,Steven,Green Party,581,False,Peckham Rye,Southwark,E05011111,E09000028
Southwark,Peckham Rye,2022-05-05,WOOLLER,Oliver,Conservative Party Candidate,213,False,Peckham Rye,Southwark,E05011111,E09000028
Southwark,Rotherhithe,2022-05-05,BOWERS,Paul,Liberal Democrats,788,False,Rotherhithe,Southwark,E05011112,E09000028
Southwark,Rotherhithe,2022-05-05,BOYLE,Colin,Green Party,498,False,Rotherhithe,Southwark,E05011112,E09000028
Southwark,Rotherhithe,2022-05-05,COLLINS,Laura,Conservative Party Candidate,381,False,Rotherhithe,Southwark,E05011112,E09000028
Southwark,Rotherhithe,2022-05-05,COOKE,Susan,Green Party,485,False,Rotherhithe,Southwark,E05011112,E09000028
Southwark,Rotherhithe,2022-05-05,CRYAN,Stephanie,Labour and Co-operative Party,1782,True,Rotherhithe,Southwark,E05011112,E09000028
Southwark,Rotherhithe,2022-05-05,FERGUSON,Robert,Conservative Party Candidate,318,False,Rotherhithe,Southwark,E05011112,E09000028
Southwark,Rotherhithe,2022-05-05,KEKWICK,Andy,Social Democratic Party,57,False,Rotherhithe,Southwark,E05011112,E09000028
Southwark,Rotherhithe,2022-05-05,LAW,Bob,Trade Unionist and Socialist Coalition,102,False,Rotherhithe,Southwark,E05011112,E09000028
Southwark,Rotherhithe,2022-05-05,LIM,Jit,Liberal Democrats,695,False,Rotherhithe,Southwark,E05011112,E09000028
Southwark,Rotherhithe,2022-05-05,MANSER,Roger,Green Party,421,False,Rotherhithe,Southwark,E05011112,E09000028
Southwark,Rotherhithe,2022-05-05,PLATT,Mark,Liberal Democrats,600,False,Rotherhithe,Southwark,E05011112,E09000028
Southwark,Rotherhithe,2022-05-05,ROBERTS,Bethan,Labour and Co-operative Party,1653,True,Rotherhithe,Southwark,E05011112,E09000028
Southwark,Rotherhithe,2022-05-05,TOBIN,Michael,Conservative Party Candidate,322,False,Rotherhithe,Southwark,E05011112,E09000028
Southwark,Rotherhithe,2022-05-05,WHITTAM,Kath,Labour and Co-operative Party,1558,True,Rotherhithe,Southwark,E05011112,E09000028
Southwark,Rye Lane,2022-05-05,ALI,Jasmine,Labour Party Candidate,2343,True,Rye Lane,Southwark,E05011113,E09000028
Southwark,Rye Lane,2022-05-05,DENBY,Alys,Conservative Party Candidate,259,False,Rye Lane,Southwark,E05011113,E09000028
Southwark,Rye Lane,2022-05-05,DOBSON,Esme,Labour Party Candidate,2123,True,Rye Lane,Southwark,E05011113,E09000028
Southwark,Rye Lane,2022-05-05,FELIX,Peter,Conservative Party Candidate,268,False,Rye Lane,Southwark,E05011113,E09000028
Southwark,Rye Lane,2022-05-05,GLOVER,Amy,Liberal Democrats,451,False,Rye Lane,Southwark,E05011113,E09000028
Southwark,Rye Lane,2022-05-05,JOSEPH,Barry,Conservative Party Candidate,243,False,Rye Lane,Southwark,E05011113,E09000028
Southwark,Rye Lane,2022-05-05,JUHASZ,Andras,Liberal Democrats,243,False,Rye Lane,Southwark,E05011113,E09000028
Southwark,Rye Lane,2022-05-05,KEAN,Jim,Liberal Democrats,238,False,Rye Lane,Southwark,E05011113,E09000028
Southwark,Rye Lane,2022-05-05,POWELL,Beth,Trade Unionist and Socialist Coalition,114,False,Rye Lane,Southwark,E05011113,E09000028
Southwark,Rye Lane,2022-05-05,REDER,Peter,Green Party,943,False,Rye Lane,Southwark,E05011113,E09000028
Southwark,Rye Lane,2022-05-05,TOMLINSON,Chloe,Labour Party Candidate,2008,True,Rye Lane,Southwark,E05011113,E09000028
Southwark,Rye Lane,2022-05-05,VAN VLIET,Alexander,Green Party,653,False,Rye Lane,Southwark,E05011113,E09000028
Southwark,South Bermondsey,2022-05-05,ABDI,Jordan,Conservative Party Candidate,359,False,South Bermondsey,Southwark,E05011116,E09000028
Southwark,South Bermondsey,2022-05-05,BROWN,Cassandra,Labour Party Candidate,2025,True,South Bermondsey,Southwark,E05011116,E09000028
Southwark,South Bermondsey,2022-05-05,JONES,Lewis,Conservative Party Candidate,367,False,South Bermondsey,Southwark,E05011116,E09000028
Southwark,South Bermondsey,2022-05-05,LAMBE,Sunny,Labour Party Candidate,1900,True,South Bermondsey,Southwark,E05011116,E09000028
Southwark,South Bermondsey,2022-05-05,OBANYA,Patrickson,Liberal Democrats,1277,False,South Bermondsey,Southwark,E05011116,E09000028
Southwark,South Bermondsey,2022-05-05,POLLACK,Leo,Labour Party Candidate,1759,True,South Bermondsey,Southwark,E05011116,E09000028
Southwark,South Bermondsey,2022-05-05,THOMAS,Alice,Liberal Democrats,1407,False,South Bermondsey,Southwark,E05011116,E09000028
Southwark,South Bermondsey,2022-05-05,TIPLER,Michael,Liberal Democrats,1295,False,South Bermondsey,Southwark,E05011116,E09000028
Southwark,South Bermondsey,2022-05-05,WARREN,Luke,Conservative Party Candidate,328,False,South Bermondsey,Southwark,E05011116,E09000028
Southwark,St George’s,2022-05-05,CLEGG,Mary,Green Party,227,False,St George's,Southwark,E05011114,E09000028
Southwark,St George’s,2022-05-05,DEANE,Alex,Conservative Party Candidate,140,False,St George's,Southwark,E05011114,E09000028
Southwark,St George’s,2022-05-05,LINFORTH-HALL,Maria,Liberal Democrats,1034,True,St George's,Southwark,E05011114,E09000028
Southwark,St George’s,2022-05-05,MARULLO,Alex,Labour Party Candidate,836,False,St George's,Southwark,E05011114,E09000028
Southwark,St George’s,2022-05-05,NEALE,Graham,Liberal Democrats,929,True,St George's,Southwark,E05011114,E09000028
Southwark,St George’s,2022-05-05,VACCIANA,Samantha,Labour Party Candidate,821,False,St George's,Southwark,E05011114,E09000028
Southwark,St George’s,2022-05-05,ZAROUBIN,Sasha,Conservative Party Candidate,114,False,St George's,Southwark,E05011114,E09000028
Southwark,St Giles,2022-05-05,ANNOUS,Christopher,Liberal Democrats,316,False,St Giles,Southwark,E05011115,E09000028
Southwark,St Giles,2022-05-05,CHESTERMAN,Thomas,Liberal Democrats,300,False,St Giles,Southwark,E05011115,E09000028
Southwark,St Giles,2022-05-05,CUMBO,Ellie,Labour Party Candidate,2606,True,St Giles,Southwark,E05011115,E09000028
Southwark,St Giles,2022-05-05,HECKELS,Edward,Conservative Party Candidate,270,False,St Giles,Southwark,E05011115,E09000028
Southwark,St Giles,2022-05-05,KADRITZKE,Rebecca,Liberal Democrats,408,False,St Giles,Southwark,E05011115,E09000028
Southwark,St Giles,2022-05-05,LEIVERS,Sarah,Conservative Party Candidate,306,False,St Giles,Southwark,E05011115,E09000028
Southwark,St Giles,2022-05-05,MARGOLIES,Eleanor,Green Party,1186,False,St Giles,Southwark,E05011115,E09000028
Southwark,St Giles,2022-05-05,MOTTAU,Christopher,Conservative Party Candidate,230,False,St Giles,Southwark,E05011115,E09000028
Southwark,St Giles,2022-05-05,OCHERE,Jason,Labour Party Candidate,2360,True,St Giles,Southwark,E05011115,E09000028
Southwark,St Giles,2022-05-05,SYMONS,Bryan,Green Party,712,False,St Giles,Southwark,E05011115,E09000028
Southwark,St Giles,2022-05-05,WINGFIELD,Robert,Labour Party Candidate,2217,True,St Giles,Southwark,E05011115,E09000028
Southwark,Surrey Docks,2022-05-05,CONWAY,Jason,Green Party,825,False,Surrey Docks,Southwark,E05011117,E09000028
Southwark,Surrey Docks,2022-05-05,CUSACK,Andrew,Conservative Party Candidate,371,False,Surrey Docks,Southwark,E05011117,E09000028
Southwark,Surrey Docks,2022-05-05,FINDELL,Mark,Conservative Party Candidate,346,False,Surrey Docks,Southwark,E05011117,E09000028
Southwark,Surrey Docks,2022-05-05,GINNETT,Hannah,Conservative Party Candidate,399,False,Surrey Docks,Southwark,E05011117,E09000028
Southwark,Surrey Docks,2022-05-05,HOOD,Adam,Liberal Democrats,1298,True,Surrey Docks,Southwark,E05011117,E09000028
Southwark,Surrey Docks,2022-05-05,JOHNSON,Nick,Liberal Democrats,1329,True,Surrey Docks,Southwark,E05011117,E09000028
Southwark,Surrey Docks,2022-05-05,KELLAY,Amandeep,Labour Party Candidate,1056,False,Surrey Docks,Southwark,E05011117,E09000028
Southwark,Surrey Docks,2022-05-05,PARRISH,Callum,Labour Party Candidate,920,False,Surrey Docks,Southwark,E05011117,E09000028
Southwark,Surrey Docks,2022-05-05,SALMON,Nicola,Liberal Democrats,1475,True,Surrey Docks,Southwark,E05011117,E09000028
Southwark,Surrey Docks,2022-05-05,THORNTON,Jen,Labour Party Candidate,1095,False,Surrey Docks,Southwark,E05011117,E09000028
Sutton,Beddington,2022-05-05,BADHAM,Tom,Liberal Democrats,598,False,Beddington,Sutton,E05013754,E09000029
Sutton,Beddington,2022-05-05,BOULTON,Michael,Green Party,352,False,Beddington,Sutton,E05013754,E09000029
Sutton,Beddington,2022-05-05,FOSTER,Tim,Independent,1162,True,Beddington,Sutton,E05013754,E09000029
Sutton,Beddington,2022-05-05,GREEN,Jillian,Independent,1150,True,Beddington,Sutton,E05013754,E09000029
Sutton,Beddington,2022-05-05,HOWELL,Heather,Conservative and Unionist Party,686,False,Beddington,Sutton,E05013754,E09000029
Sutton,Beddington,2022-05-05,HUGHES,Maggie,Labour Party,589,False,Beddington,Sutton,E05013754,E09000029
Sutton,Beddington,2022-05-05,HUNEKE,Alison,Conservative and Unionist Party,608,False,Beddington,Sutton,E05013754,E09000029
Sutton,Beddington,2022-05-05,KEYS,John,Labour Party,516,False,Beddington,Sutton,E05013754,E09000029
Sutton,Beddington,2022-05-05,MATTEY,Nick,Independent,1231,True,Beddington,Sutton,E05013754,E09000029
Sutton,Beddington,2022-05-05,McCARTHY,Pat,Labour Party,488,False,Beddington,Sutton,E05013754,E09000029
Sutton,Beddington,2022-05-05,NATHAN,Kuhan,Liberal Democrats,706,False,Beddington,Sutton,E05013754,E09000029
Sutton,Beddington,2022-05-05,RUSSELL,Julia,Conservative and Unionist Party,619,False,Beddington,Sutton,E05013754,E09000029
Sutton,Beddington,2022-05-05,THOMPSON,Martin,Liberal Democrats,599,False,Beddington,Sutton,E05013754,E09000029
Sutton,Belmont,2022-05-05,AYLWARD,Alan,Labour Party,535,False,Belmont,Sutton,E05013755,E09000029
Sutton,Belmont,2022-05-05,BLEARS,Gale,Labour Party,586,False,Belmont,Sutton,E05013755,E09000029
Sutton,Belmont,2022-05-05,BOURNE,Samantha,Liberal Democrats,1244,False,Belmont,Sutton,E05013755,E09000029
Sutton,Belmont,2022-05-05,GARRATT,Neil,Conservative and Unionist Party,1531,True,Belmont,Sutton,E05013755,E09000029
Sutton,Belmont,2022-05-05,HICKS,David,Conservative and Unionist Party,1537,True,Belmont,Sutton,E05013755,E09000029
Sutton,Belmont,2022-05-05,JUSTER,Dean,Liberal Democrats,1182,False,Belmont,Sutton,E05013755,E09000029
Sutton,Belmont,2022-05-05,LAMBE,Duncan,Green Party,411,False,Belmont,Sutton,E05013755,E09000029
Sutton,Belmont,2022-05-05,PASCOE,Jane,Conservative and Unionist Party,1414,True,Belmont,Sutton,E05013755,E09000029
Sutton,Belmont,2022-05-05,WEATHERLAKE,Samuel,Liberal Democrats,1005,False,Belmont,Sutton,E05013755,E09000029
Sutton,Belmont,2022-05-05,WINGROVE,Marian,Labour Party,474,False,Belmont,Sutton,E05013755,E09000029
Sutton,Carshalton Central,2022-05-05,ARAUJO,Isabel,Liberal Democrats,2031,True,Carshalton Central,Sutton,E05013756,E09000029
Sutton,Carshalton Central,2022-05-05,BURBAGE,Marilynne,Labour Party,491,False,Carshalton Central,Sutton,E05013756,E09000029
Sutton,Carshalton Central,2022-05-05,DICKENSON,Ashley,Christian Peoples Alliance,132,False,Carshalton Central,Sutton,E05013756,E09000029
Sutton,Carshalton Central,2022-05-05,JENNER,Andrew,Liberal Democrats,1688,True,Carshalton Central,Sutton,E05013756,E09000029
Sutton,Carshalton Central,2022-05-05,PEARCE,Melissa,Conservative and Unionist Party,1141,False,Carshalton Central,Sutton,E05013756,E09000029
Sutton,Carshalton Central,2022-05-05,SHORT,Jake,Liberal Democrats,1906,True,Carshalton Central,Sutton,E05013756,E09000029
Sutton,Carshalton Central,2022-05-05,SMITH,Ethan,Conservative and Unionist Party,1088,False,Carshalton Central,Sutton,E05013756,E09000029
Sutton,Carshalton Central,2022-05-05,SPARKS,Jill,Conservative and Unionist Party,1083,False,Carshalton Central,Sutton,E05013756,E09000029
Sutton,Carshalton Central,2022-05-05,THOMSON,Verity,Green Party,1294,False,Carshalton Central,Sutton,E05013756,E09000029
Sutton,Carshalton Central,2022-05-05,THORPE,Tony,Labour Party,474,False,Carshalton Central,Sutton,E05013756,E09000029
Sutton,Carshalton Central,2022-05-05,TURNER,Peter,Labour Party,310,False,Carshalton Central,Sutton,E05013756,E09000029
Sutton,Carshalton South & Clockhouse,2022-05-05,BUTT,Moira,Conservative and Unionist Party,1698,True,Carshalton South & Clockhouse,Sutton,E05013757,E09000029
Sutton,Carshalton South & Clockhouse,2022-05-05,CLAY,John,Labour Party,329,False,Carshalton South & Clockhouse,Sutton,E05013757,E09000029
Sutton,Carshalton South & Clockhouse,2022-05-05,CROWLEY,Tim,Conservative and Unionist Party,1669,True,Carshalton South & Clockhouse,Sutton,E05013757,E09000029
Sutton,Carshalton South & Clockhouse,2022-05-05,FLETCHER,Lynne,Conservative and Unionist Party,1544,False,Carshalton South & Clockhouse,Sutton,E05013757,E09000029
Sutton,Carshalton South & Clockhouse,2022-05-05,HALDANE,Amy,Liberal Democrats,1617,True,Carshalton South & Clockhouse,Sutton,E05013757,E09000029
Sutton,Carshalton South & Clockhouse,2022-05-05,HUDSON,Brendan,Liberal Democrats,1523,False,Carshalton South & Clockhouse,Sutton,E05013757,E09000029
Sutton,Carshalton South & Clockhouse,2022-05-05,LAMBERT,Bobbie,Labour Party,279,False,Carshalton South & Clockhouse,Sutton,E05013757,E09000029
Sutton,Carshalton South & Clockhouse,2022-05-05,McLOUGHLIN,Michael,Labour Party,286,False,Carshalton South & Clockhouse,Sutton,E05013757,E09000029
Sutton,Carshalton South & Clockhouse,2022-05-05,SMITH,Hannah,Green Party,387,False,Carshalton South & Clockhouse,Sutton,E05013757,E09000029
Sutton,Carshalton South & Clockhouse,2022-05-05,SUMUN,Noor,Liberal Democrats,1317,False,Carshalton South & Clockhouse,Sutton,E05013757,E09000029
Sutton,Cheam,2022-05-05,ALLEN,Eric,Conservative and Unionist Party,1747,True,Cheam,Sutton,E05013758,E09000029
Sutton,Cheam,2022-05-05,CHUI,Alex,Liberal Democrats,1213,False,Cheam,Sutton,E05013758,E09000029
Sutton,Cheam,2022-05-05,DEVLIN,Ben,Liberal Democrats,1168,False,Cheam,Sutton,E05013758,E09000029
Sutton,Cheam,2022-05-05,LEGGE,Harry,Liberal Democrats,1002,False,Cheam,Sutton,E05013758,E09000029
Sutton,Cheam,2022-05-05,McGUINNESS,Sarah,Labour Party,486,False,Cheam,Sutton,E05013758,E09000029
Sutton,Cheam,2022-05-05,MUIR,Simon,Labour Party,373,False,Cheam,Sutton,E05013758,E09000029
Sutton,Cheam,2022-05-05,RICHARDS,George,Labour Party,364,False,Cheam,Sutton,E05013758,E09000029
Sutton,Cheam,2022-05-05,SHIELDS,Tony,Conservative and Unionist Party,1680,True,Cheam,Sutton,E05013758,E09000029
Sutton,Cheam,2022-05-05,TRIGGS,John,Green Party,466,False,Cheam,Sutton,E05013758,E09000029
Sutton,Cheam,2022-05-05,UDALL,Vanessa,Conservative and Unionist Party,1635,True,Cheam,Sutton,E05013758,E09000029
Sutton,Hackbridge,2022-05-05,MURRAY,David,Conservative and Unionist Party,365,False,Hackbridge,Sutton,E05013759,E09000029
Sutton,Hackbridge,2022-05-05,SCULLY,Emma,Conservative and Unionist Party,353,False,Hackbridge,Sutton,E05013759,E09000029
Sutton,Hackbridge,2022-05-05,SHERMAN,Joanna,Liberal Democrats,543,False,Hackbridge,Sutton,E05013759,E09000029
Sutton,Hackbridge,2022-05-05,TCHIL,Dave,Labour Party,1029,True,Hackbridge,Sutton,E05013759,E09000029
Sutton,Hackbridge,2022-05-05,VESTEY,Sheldon,Labour Party,951,True,Hackbridge,Sutton,E05013759,E09000029
Sutton,Hackbridge,2022-05-05,VICENTE-MACHADO,Alexander,Liberal Democrats,494,False,Hackbridge,Sutton,E05013759,E09000029
Sutton,North Cheam,2022-05-05,BEARD,Chris,Green Party,347,False,North Cheam,Sutton,E05013760,E09000029
Sutton,North Cheam,2022-05-05,COONEY,Laura,Liberal Democrats,1237,False,North Cheam,Sutton,E05013760,E09000029
Sutton,North Cheam,2022-05-05,COSTI,Renos,Independent,105,False,North Cheam,Sutton,E05013760,E09000029
Sutton,North Cheam,2022-05-05,DAVIES,Jane,Labour Party,549,False,North Cheam,Sutton,E05013760,E09000029
Sutton,North Cheam,2022-05-05,DWYER,Mike,Conservative and Unionist Party,1640,True,North Cheam,Sutton,E05013760,E09000029
Sutton,North Cheam,2022-05-05,EVELEIGH,Ray,Labour Party,446,False,North Cheam,Sutton,E05013760,E09000029
Sutton,North Cheam,2022-05-05,McDERMOTT-HILL,James,Conservative and Unionist Party,1628,True,North Cheam,Sutton,E05013760,E09000029
Sutton,North Cheam,2022-05-05,NANDHA,Param,Conservative and Unionist Party,1600,True,North Cheam,Sutton,E05013760,E09000029
Sutton,North Cheam,2022-05-05,NICHOLS,Carl,Liberal Democrats,1134,False,North Cheam,Sutton,E05013760,E09000029
Sutton,North Cheam,2022-05-05,OWEN,David,Labour Party,453,False,North Cheam,Sutton,E05013760,E09000029
Sutton,North Cheam,2022-05-05,STONE,Jason,Liberal Democrats,1167,False,North Cheam,Sutton,E05013760,E09000029
Sutton,South Beddington & Roundshaw,2022-05-05,BICKEL,Katie,Independent,103,False,South Beddington & Roundshaw,Sutton,E05013763,E09000029
Sutton,South Beddington & Roundshaw,2022-05-05,HAMILTON,Hannah,Independent,147,False,South Beddington & Roundshaw,Sutton,E05013763,E09000029
Sutton,South Beddington & Roundshaw,2022-05-05,HEFFERNAN,Drew,Liberal Democrats,1166,False,South Beddington & Roundshaw,Sutton,E05013763,E09000029
Sutton,South Beddington & Roundshaw,2022-05-05,JOYCE,Edward,Liberal Democrats,1201,True,South Beddington & Roundshaw,Sutton,E05013763,E09000029
Sutton,South Beddington & Roundshaw,2022-05-05,KELLEHER,Steve,Social Democratic Party,33,False,South Beddington & Roundshaw,Sutton,E05013763,E09000029
Sutton,South Beddington & Roundshaw,2022-05-05,KOTEE,Sri,Liberal Democrats,1101,False,South Beddington & Roundshaw,Sutton,E05013763,E09000029
Sutton,South Beddington & Roundshaw,2022-05-05,MAGNUS,Patrick,Conservative and Unionist Party,1188,True,South Beddington & Roundshaw,Sutton,E05013763,E09000029
Sutton,South Beddington & Roundshaw,2022-05-05,McDONAGH,Gay,Green Party,192,False,South Beddington & Roundshaw,Sutton,E05013763,E09000029
Sutton,South Beddington & Roundshaw,2022-05-05,McLOUGHLIN,Jackie,Labour Party,434,False,South Beddington & Roundshaw,Sutton,E05013763,E09000029
Sutton,South Beddington & Roundshaw,2022-05-05,NAWAZ,Kiran,Labour Party,372,False,South Beddington & Roundshaw,Sutton,E05013763,E09000029
Sutton,South Beddington & Roundshaw,2022-05-05,PEARCE,Jonathan,Conservative and Unionist Party,1232,True,South Beddington & Roundshaw,Sutton,E05013763,E09000029
Sutton,South Beddington & Roundshaw,2022-05-05,PROWSE,Joseph,Independent,70,False,South Beddington & Roundshaw,Sutton,E05013763,E09000029
Sutton,South Beddington & Roundshaw,2022-05-05,STONEMAN,Ryan,Conservative and Unionist Party,1183,False,South Beddington & Roundshaw,Sutton,E05013763,E09000029
Sutton,South Beddington & Roundshaw,2022-05-05,TOWLER,David,Labour Party,377,False,South Beddington & Roundshaw,Sutton,E05013763,E09000029
Sutton,St Helier East,2022-05-05,COLE,Paul,Liberal Democrats,643,True,St Helier East,Sutton,E05013761,E09000029
Sutton,St Helier East,2022-05-05,DREW,Matt,Conservative and Unionist Party,386,False,St Helier East,Sutton,E05013761,E09000029
Sutton,St Helier East,2022-05-05,GWYNN,Sarah,Labour Party,499,False,St Helier East,Sutton,E05013761,E09000029
Sutton,St Helier East,2022-05-05,MUNDAY,Gemma,Liberal Democrats,631,True,St Helier East,Sutton,E05013761,E09000029
Sutton,St Helier East,2022-05-05,PAGE,Ann,Conservative and Unionist Party,370,False,St Helier East,Sutton,E05013761,E09000029
Sutton,St Helier East,2022-05-05,PLATT,Grace,Labour Party,439,False,St Helier East,Sutton,E05013761,E09000029
Sutton,St Helier East,2022-05-05,WILLIAMS,Nikki,Green Party,121,False,St Helier East,Sutton,E05013761,E09000029
Sutton,St Helier West,2022-05-05,ALVAREZ,Steve,Conservative and Unionist Party,823,True,St Helier West,Sutton,E05013762,E09000029
Sutton,St Helier West,2022-05-05,BERRY,Sheila,Labour Party,848,True,St Helier West,Sutton,E05013762,E09000029
Sutton,St Helier West,2022-05-05,CHUBB,Peter,Liberal Democrats,703,False,St Helier West,Sutton,E05013762,E09000029
Sutton,St Helier West,2022-05-05,CLARK,Wendy,Conservative and Unionist Party,808,True,St Helier West,Sutton,E05013762,E09000029
Sutton,St Helier West,2022-05-05,CROSSBY,Jean,Liberal Democrats,702,False,St Helier West,Sutton,E05013762,E09000029
Sutton,St Helier West,2022-05-05,DIAMANTIS,Nick,Labour Party,780,False,St Helier West,Sutton,E05013762,E09000029
Sutton,St Helier West,2022-05-05,McCARTHY,Paul,Labour Party,776,False,St Helier West,Sutton,E05013762,E09000029
Sutton,St Helier West,2022-05-05,MEAD,Peter,Green Party,243,False,St Helier West,Sutton,E05013762,E09000029
Sutton,St Helier West,2022-05-05,PILLAY,Sabrina,Liberal Democrats,729,False,St Helier West,Sutton,E05013762,E09000029
Sutton,St Helier West,2022-05-05,WINDSOR,Ethan,Conservative and Unionist Party,751,False,St Helier West,Sutton,E05013762,E09000029
Sutton,Stonecot,2022-05-05,ANDREWS JASHAPARA,Karin,Green Party,137,False,Stonecot,Sutton,E05013764,E09000029
Sutton,Stonecot,2022-05-05,BECK,Rob,Liberal Democrats,996,True,Stonecot,Sutton,E05013764,E09000029
Sutton,Stonecot,2022-05-05,CAMPBELL,Paul,Conservative and Unionist Party,852,False,Stonecot,Sutton,E05013764,E09000029
Sutton,Stonecot,2022-05-05,RICHER,Vicky,Labour Party,440,False,Stonecot,Sutton,E05013764,E09000029
Sutton,Stonecot,2022-05-05,SAHA,Cumar,Liberal Democrats,936,True,Stonecot,Sutton,E05013764,E09000029
Sutton,Stonecot,2022-05-05,TOWNSEND,William,Conservative and Unionist Party,795,False,Stonecot,Sutton,E05013764,E09000029
Sutton,Stonecot,2022-05-05,WRIGHT,Vicky,Labour Party,302,False,Stonecot,Sutton,E05013764,E09000029
Sutton,Sutton Central,2022-05-05,BARTOLUCCI,David,Liberal Democrats,1228,True,Sutton Central,Sutton,E05013765,E09000029
Sutton,Sutton Central,2022-05-05,FRIEL,Peter,Green Party,351,False,Sutton Central,Sutton,E05013765,E09000029
Sutton,Sutton Central,2022-05-05,McGEACHY,John,Labour Party,858,False,Sutton Central,Sutton,E05013765,E09000029
Sutton,Sutton Central,2022-05-05,MENNACEUR,Cryss,Liberal Democrats,1038,True,Sutton Central,Sutton,E05013765,E09000029
Sutton,Sutton Central,2022-05-05,PARSLEY,Edward,Liberal Democrats,1102,True,Sutton Central,Sutton,E05013765,E09000029
Sutton,Sutton Central,2022-05-05,PEEK,Kerrie,Labour Party,834,False,Sutton Central,Sutton,E05013765,E09000029
Sutton,Sutton Central,2022-05-05,RUSSELL,Barry,Conservative and Unionist Party,722,False,Sutton Central,Sutton,E05013765,E09000029
Sutton,Sutton Central,2022-05-05,SOOD,Venu,Conservative and Unionist Party,643,False,Sutton Central,Sutton,E05013765,E09000029
Sutton,Sutton Central,2022-05-05,WOODS,Terry,Conservative and Unionist Party,657,False,Sutton Central,Sutton,E05013765,E09000029
Sutton,Sutton Central,2022-05-05,WRIGHT,Natalie,Labour Party,816,False,Sutton Central,Sutton,E05013765,E09000029
Sutton,Sutton North,2022-05-05,CHARLES,Greg,Labour Party,590,False,Sutton North,Sutton,E05013766,E09000029
Sutton,Sutton North,2022-05-05,CONNELL,Phoebe,Green Party,380,False,Sutton North,Sutton,E05013766,E09000029
Sutton,Sutton North,2022-05-05,CUMBER,Sam,Liberal Democrats,1342,True,Sutton North,Sutton,E05013766,E09000029
Sutton,Sutton North,2022-05-05,DOMBEY,Ruth,Liberal Democrats,1343,True,Sutton North,Sutton,E05013766,E09000029
Sutton,Sutton North,2022-05-05,EDWARDS,Lyndon,Labour Party,509,False,Sutton North,Sutton,E05013766,E09000029
Sutton,Sutton North,2022-05-05,HAROON,Aamir,Conservative and Unionist Party,1263,False,Sutton North,Sutton,E05013766,E09000029
Sutton,Sutton North,2022-05-05,HAWTON,Christopher,Liberal Democrats,1189,False,Sutton North,Sutton,E05013766,E09000029
Sutton,Sutton North,2022-05-05,LINDSAY-CHARLTON,Bryony,Conservative and Unionist Party,1308,True,Sutton North,Sutton,E05013766,E09000029
Sutton,Sutton North,2022-05-05,MOHAN,Rama,Conservative and Unionist Party,1241,False,Sutton North,Sutton,E05013766,E09000029
Sutton,Sutton North,2022-05-05,O'BRIEN,Teresa,Labour Party,538,False,Sutton North,Sutton,E05013766,E09000029
Sutton,Sutton South,2022-05-05,ALAPATI,Chandra,Conservative and Unionist Party,1434,False,Sutton South,Sutton,E05013767,E09000029
Sutton,Sutton South,2022-05-05,BLEARS,Stephen,Labour Party,550,False,Sutton South,Sutton,E05013767,E09000029
Sutton,Sutton South,2022-05-05,CLIFTON,Richard,Liberal Democrats,1718,True,Sutton South,Sutton,E05013767,E09000029
Sutton,Sutton South,2022-05-05,CORNELL,Tessa,Labour Party,579,False,Sutton South,Sutton,E05013767,E09000029
Sutton,Sutton South,2022-05-05,FIVEY,Trish,Liberal Democrats,1691,True,Sutton South,Sutton,E05013767,E09000029
Sutton,Sutton South,2022-05-05,PHELAN,Louise,Liberal Democrats,1521,True,Sutton South,Sutton,E05013767,E09000029
Sutton,Sutton South,2022-05-05,SHIELDS,Victoria,Conservative and Unionist Party,1302,False,Sutton South,Sutton,E05013767,E09000029
Sutton,Sutton South,2022-05-05,SYED,Arif,Conservative and Unionist Party,1179,False,Sutton South,Sutton,E05013767,E09000029
Sutton,Sutton South,2022-05-05,TERRELL,Graham,Labour Party,461,False,Sutton South,Sutton,E05013767,E09000029
Sutton,Sutton West & East Cheam,2022-05-05,BANDE,Lily,Conservative and Unionist Party,1369,False,Sutton West & East Cheam,Sutton,E05013768,E09000029
Sutton,Sutton West & East Cheam,2022-05-05,CARTER,Nick,Labour Party,552,False,Sutton West & East Cheam,Sutton,E05013768,E09000029
Sutton,Sutton West & East Cheam,2022-05-05,ESAK,Qasim,Liberal Democrats,1505,True,Sutton West & East Cheam,Sutton,E05013768,E09000029
Sutton,Sutton West & East Cheam,2022-05-05,GRAY,Catherine,Conservative and Unionist Party,1331,False,Sutton West & East Cheam,Sutton,E05013768,E09000029
Sutton,Sutton West & East Cheam,2022-05-05,KAVINDELE,Chi,Labour Party,452,False,Sutton West & East Cheam,Sutton,E05013768,E09000029
Sutton,Sutton West & East Cheam,2022-05-05,RAO,Mukesh,Conservative and Unionist Party,1266,False,Sutton West & East Cheam,Sutton,E05013768,E09000029
Sutton,Sutton West & East Cheam,2022-05-05,TAYLOR,Luke,Liberal Democrats,1572,True,Sutton West & East Cheam,Sutton,E05013768,E09000029
Sutton,Sutton West & East Cheam,2022-05-05,THIBAUT,Carlos,Labour Party,427,False,Sutton West & East Cheam,Sutton,E05013768,E09000029
Sutton,Sutton West & East Cheam,2022-05-05,WOOLMER,Christopher,Liberal Democrats,1519,True,Sutton West & East Cheam,Sutton,E05013768,E09000029
Sutton,The Wrythe,2022-05-05,BURNETT,Faye,Green Party,394,False,The Wrythe,Sutton,E05013769,E09000029
Sutton,The Wrythe,2022-05-05,DEAN,Bobby,Liberal Democrats,1492,True,The Wrythe,Sutton,E05013769,E09000029
Sutton,The Wrythe,2022-05-05,DWIGHT,Jed,Conservative and Unionist Party,1175,False,The Wrythe,Sutton,E05013769,E09000029
Sutton,The Wrythe,2022-05-05,GRANT,David,Labour Party,534,False,The Wrythe,Sutton,E05013769,E09000029
Sutton,The Wrythe,2022-05-05,OGBONNA,Patrick,Liberal Democrats,1225,True,The Wrythe,Sutton,E05013769,E09000029
Sutton,The Wrythe,2022-05-05,OKPURU,Robert,Conservative and Unionist Party,1138,False,The Wrythe,Sutton,E05013769,E09000029
Sutton,The Wrythe,2022-05-05,PIERCE,Daisy,Conservative and Unionist Party,1084,False,The Wrythe,Sutton,E05013769,E09000029
Sutton,The Wrythe,2022-05-05,STEARS,Colin,Liberal Democrats,1337,True,The Wrythe,Sutton,E05013769,E09000029
Sutton,The Wrythe,2022-05-05,TATE,Alan,Labour Party,468,False,The Wrythe,Sutton,E05013769,E09000029
Sutton,The Wrythe,2022-05-05,THOMAS,Margaret,Labour Party,488,False,The Wrythe,Sutton,E05013769,E09000029
Sutton,Wallington North,2022-05-05,DABYSING,Alex,Conservative and Unionist Party,773,False,Wallington North,Sutton,E05013770,E09000029
Sutton,Wallington North,2022-05-05,DONNELLY,Christopher,Green Party,361,False,Wallington North,Sutton,E05013770,E09000029
Sutton,Wallington North,2022-05-05,FREEMAN,Joel,Conservative and Unionist Party,785,False,Wallington North,Sutton,E05013770,E09000029
Sutton,Wallington North,2022-05-05,GORDON,Sunita,Liberal Democrats,1502,True,Wallington North,Sutton,E05013770,E09000029
Sutton,Wallington North,2022-05-05,HAMILTON,Kingsley,Independent,592,False,Wallington North,Sutton,E05013770,E09000029
Sutton,Wallington North,2022-05-05,JAMES,Marian,Liberal Democrats,1451,True,Wallington North,Sutton,E05013770,E09000029
Sutton,Wallington North,2022-05-05,LEWIS,Barry,Liberal Democrats,1332,True,Wallington North,Sutton,E05013770,E09000029
Sutton,Wallington North,2022-05-05,MARSH,Pamela,Independent,581,False,Wallington North,Sutton,E05013770,E09000029
Sutton,Wallington North,2022-05-05,TOWLER,Mary,Labour Party,522,False,Wallington North,Sutton,E05013770,E09000029
Sutton,Wallington North,2022-05-05,TRAVERS,Katie,Independent,560,False,Wallington North,Sutton,E05013770,E09000029
Sutton,Wallington North,2022-05-05,TURNER,Marcia,Labour Party,388,False,Wallington North,Sutton,E05013770,E09000029
Sutton,Wallington North,2022-05-05,WATTOO,Ahmad,Labour Party,375,False,Wallington North,Sutton,E05013770,E09000029
Sutton,Wallington North,2022-05-05,WORTLEY,Chris,Conservative and Unionist Party,716,False,Wallington North,Sutton,E05013770,E09000029
Sutton,Wallington South,2022-05-05,BROWN,Malcolm,Conservative and Unionist Party,916,False,Wallington South,Sutton,E05013771,E09000029
Sutton,Wallington South,2022-05-05,CARROLL,Eliot,Labour Party,584,False,Wallington South,Sutton,E05013771,E09000029
Sutton,Wallington South,2022-05-05,GARDNER,Daryl,Independent,188,False,Wallington South,Sutton,E05013771,E09000029
Sutton,Wallington South,2022-05-05,KAMRAN,Kausar,Labour Party,444,False,Wallington South,Sutton,E05013771,E09000029
Sutton,Wallington South,2022-05-05,MARTIN,Sam,Liberal Democrats,1728,True,Wallington South,Sutton,E05013771,E09000029
Sutton,Wallington South,2022-05-05,McCOY,Jayne,Liberal Democrats,1830,True,Wallington South,Sutton,E05013771,E09000029
Sutton,Wallington South,2022-05-05,SADIQ,Muhammad,Liberal Democrats,1585,True,Wallington South,Sutton,E05013771,E09000029
Sutton,Wallington South,2022-05-05,SIMMS,Jim,Conservative and Unionist Party,838,False,Wallington South,Sutton,E05013771,E09000029
Sutton,Wallington South,2022-05-05,STONE,Geoffrey,Independent,97,False,Wallington South,Sutton,E05013771,E09000029
Sutton,Wallington South,2022-05-05,TOMLINSON,Maeve,Green Party,314,False,Wallington South,Sutton,E05013771,E09000029
Sutton,Wallington South,2022-05-05,WHELTON,Max,Labour Party,389,False,Wallington South,Sutton,E05013771,E09000029
Sutton,Wallington South,2022-05-05,WIGHTWICK,David,Independent,83,False,Wallington South,Sutton,E05013771,E09000029
Sutton,Wallington South,2022-05-05,WORTLEY,Hilary,Conservative and Unionist Party,804,False,Wallington South,Sutton,E05013771,E09000029
Sutton,Worcester Park North,2022-05-05,APPLEBY,James,Liberal Democrats,877,False,Worcester Park North,Sutton,E05013772,E09000029
Sutton,Worcester Park North,2022-05-05,BATT,Jenny,Liberal Democrats,919,False,Worcester Park North,Sutton,E05013772,E09000029
Sutton,Worcester Park North,2022-05-05,BOYD,Virginia,Green Party,234,False,Worcester Park North,Sutton,E05013772,E09000029
Sutton,Worcester Park North,2022-05-05,DRUMMOND,Tom,Conservative and Unionist Party,1233,True,Worcester Park North,Sutton,E05013772,E09000029
Sutton,Worcester Park North,2022-05-05,KABASH,Mehdi,Labour Party,380,False,Worcester Park North,Sutton,E05013772,E09000029
Sutton,Worcester Park North,2022-05-05,MARTIN,Liz,Labour Party,515,False,Worcester Park North,Sutton,E05013772,E09000029
Sutton,Worcester Park North,2022-05-05,QUICK,Joe,Conservative and Unionist Party,1086,True,Worcester Park North,Sutton,E05013772,E09000029
Sutton,Worcester Park South,2022-05-05,ALLEN,Martina,Conservative and Unionist Party,1191,True,Worcester Park South,Sutton,E05013773,E09000029
Sutton,Worcester Park South,2022-05-05,FIVEY,Lauren,Liberal Democrats,831,False,Worcester Park South,Sutton,E05013773,E09000029
Sutton,Worcester Park South,2022-05-05,FLOWERS,John,Labour Party,372,False,Worcester Park South,Sutton,E05013773,E09000029
Sutton,Worcester Park South,2022-05-05,GEIRINGER,Peter,Conservative and Unionist Party,1109,True,Worcester Park South,Sutton,E05013773,E09000029
Sutton,Worcester Park South,2022-05-05,MORRISON,Ann,Labour Party,370,False,Worcester Park South,Sutton,E05013773,E09000029
Sutton,Worcester Park South,2022-05-05,REED,Barry,Liberal Democrats,764,False,Worcester Park South,Sutton,E05013773,E09000029
Tower Hamlets,Bethnal Green East,2022-05-05,Abdullah,Syed Hasan,Aspire,2112,False,Bethnal Green,Tower Hamlets,E05009317,E09000030
Tower Hamlets,Bethnal Green East,2022-05-05,Gaffar [Gaffar],Mohammad Nurul (Nurul),Aspire,2001,False,Bethnal Green,Tower Hamlets,E05009317,E09000030
Tower Hamlets,Bethnal Green East,2022-05-05,George,Rupert nepal,The Green Party,720,False,Bethnal Green,Tower Hamlets,E05009317,E09000030
Tower Hamlets,Bethnal Green East,2022-05-05,Glover,Dinah Rosemary,The Conservative Party Candidate,271,False,Bethnal Green,Tower Hamlets,E05009317,E09000030
Tower Hamlets,Bethnal Green East,2022-05-05,Hack,Benjamin William John,The Conservative Party Candidate,289,False,Bethnal Green,Tower Hamlets,E05009317,E09000030
Tower Hamlets,Bethnal Green East,2022-05-05,Hall,Samuel Robert,The Conservative Party Candidate,273,False,Bethnal Green,Tower Hamlets,E05009317,E09000030
Tower Hamlets,Bethnal Green East,2022-05-05,Islam,Sirajul,Labour Party,2395,True,Bethnal Green,Tower Hamlets,E05009317,E09000030
Tower Hamlets,Bethnal Green East,2022-05-05,James,Ryan Lee,Liberal Democrats,313,False,Bethnal Green,Tower Hamlets,E05009317,E09000030
Tower Hamlets,Bethnal Green East,2022-05-05,Kabir,Ahmodul,Aspire,2153,True,Bethnal Green,Tower Hamlets,E05009317,E09000030
Tower Hamlets,Bethnal Green East,2022-05-05,Lynch,Eugene Bernard,Liberal Democrats,233,False,Bethnal Green,Tower Hamlets,E05009317,E09000030
Tower Hamlets,Bethnal Green East,2022-05-05,Matthews,Jack Hobson Karlsson,The Green Party,609,False,Bethnal Green,Tower Hamlets,E05009317,E09000030
Tower Hamlets,Bethnal Green East,2022-05-05,McQuillan,Eve Josephine,Labour Party,2076,False,Bethnal Green,Tower Hamlets,E05009317,E09000030
Tower Hamlets,Bethnal Green East,2022-05-05,Robertson,Callum Andrew,Liberal Democrats,232,False,Bethnal Green,Tower Hamlets,E05009317,E09000030
Tower Hamlets,Bethnal Green East,2022-05-05,Smith,Daniel Thomas,The Green Party,585,False,Bethnal Green,Tower Hamlets,E05009317,E09000030
Tower Hamlets,Bethnal Green East,2022-05-05,Sultana,Rebaka,Labour Party,2166,True,Bethnal Green,Tower Hamlets,E05009317,E09000030
Tower Hamlets,Bethnal Green West,2022-05-05,Ahmed,Musthak,Aspire,2744,True,St Peter's,Tower Hamlets,E05009331,E09000030
Tower Hamlets,Bethnal Green West,2022-05-05,Alam,Sufia,Labour Party,2123,False,St Peter's,Tower Hamlets,E05009331,E09000030
Tower Hamlets,Bethnal Green West,2022-05-05,Brady,Kevin Joseph,Labour Party,1881,False,St Peter's,Tower Hamlets,E05009331,E09000030
Tower Hamlets,Bethnal Green West,2022-05-05,Burgess,Paul David,The Green Party,752,False,St Peter's,Tower Hamlets,E05009331,E09000030
Tower Hamlets,Bethnal Green West,2022-05-05,Chaudhury [Chaudhury],Mizanur Rahman [Mizan],Labour Party,1724,False,St Peter's,Tower Hamlets,E05009331,E09000030
Tower Hamlets,Bethnal Green West,2022-05-05,Chowdhury,Abu Talha,Aspire,2673,True,St Peter's,Tower Hamlets,E05009331,E09000030
Tower Hamlets,Bethnal Green West,2022-05-05,Cohen,Judith Michelle,Liberal Democrats,341,False,St Peter's,Tower Hamlets,E05009331,E09000030
Tower Hamlets,Bethnal Green West,2022-05-05,Cox,David John,The Green Party,745,False,St Peter's,Tower Hamlets,E05009331,E09000030
Tower Hamlets,Bethnal Green West,2022-05-05,Hamilton,Lucy Winifred,The Conservative Party Candidate,258,False,St Peter's,Tower Hamlets,E05009331,E09000030
Tower Hamlets,Bethnal Green West,2022-05-05,Jones,Rebecca,Liberal Democrats,374,False,St Peter's,Tower Hamlets,E05009331,E09000030
Tower Hamlets,Bethnal Green West,2022-05-05,Lumsden,Ashley Guthrie,Liberal Democrats,189,False,St Peter's,Tower Hamlets,E05009331,E09000030
Tower Hamlets,Bethnal Green West,2022-05-05,Magny,Angela Helen,The Conservative Party Candidate,220,False,St Peter's,Tower Hamlets,E05009331,E09000030
Tower Hamlets,Bethnal Green West,2022-05-05,Magny,Bernard Andre Vincent Lucient,The Conservative Party Candidate,193,False,St Peter's,Tower Hamlets,E05009331,E09000030
Tower Hamlets,Bethnal Green West,2022-05-05,O`Neill,Sarah Frances,Trade Unionist and Socialist Coalition,191,False,St Peter's,Tower Hamlets,E05009331,E09000030
Tower Hamlets,Bethnal Green West,2022-05-05,Rahman [Rahman],Miraj Amin [Amin],Aspire,2562,True,St Peter's,Tower Hamlets,E05009331,E09000030
Tower Hamlets,Blackwall & Cubitt Town,2022-05-05,Benson,Guy,Liberal Democrats,673,False,Blackwall & Cubitt Town,Tower Hamlets,E05009318,E09000030
Tower Hamlets,Blackwall & Cubitt Town,2022-05-05,De Sousa,Sofia,The Conservative Candidate,869,False,Blackwall & Cubitt Town,Tower Hamlets,E05009318,E09000030
Tower Hamlets,Blackwall & Cubitt Town,2022-05-05,Fenton,Caroline Anne,The Green Party,554,False,Blackwall & Cubitt Town,Tower Hamlets,E05009318,E09000030
Tower Hamlets,Blackwall & Cubitt Town,2022-05-05,Flowers,Richard Dominic,Liberal Democrats,551,False,Blackwall & Cubitt Town,Tower Hamlets,E05009318,E09000030
Tower Hamlets,Blackwall & Cubitt Town,2022-05-05,Hayes,Seamus,The Green Party,364,False,Blackwall & Cubitt Town,Tower Hamlets,E05009318,E09000030
Tower Hamlets,Blackwall & Cubitt Town,2022-05-05,Kavanagh,Tamsin,The Green Party,359,False,Blackwall & Cubitt Town,Tower Hamlets,E05009318,E09000030
Tower Hamlets,Blackwall & Cubitt Town,2022-05-05,Khan,Ahmodur Rahman,Aspire,1318,True,Blackwall & Cubitt Town,Tower Hamlets,E05009318,E09000030
Tower Hamlets,Blackwall & Cubitt Town,2022-05-05,Khan,Azizur Rahman,Liberal Democrats,528,False,Blackwall & Cubitt Town,Tower Hamlets,E05009318,E09000030
Tower Hamlets,Blackwall & Cubitt Town,2022-05-05,Lachaux,Afsana,Labour Party,1129,False,Blackwall & Cubitt Town,Tower Hamlets,E05009318,E09000030
Tower Hamlets,Blackwall & Cubitt Town,2022-05-05,Malik,Abdul,Aspire,1374,True,Blackwall & Cubitt Town,Tower Hamlets,E05009318,E09000030
Tower Hamlets,Blackwall & Cubitt Town,2022-05-05,Miles,Jocelyn Matthew,The Conservative Party Candidate,777,False,Blackwall & Cubitt Town,Tower Hamlets,E05009318,E09000030
Tower Hamlets,Blackwall & Cubitt Town,2022-05-05,Pappu,Mohammed Iqbal Morshed,Labour Party,1001,False,Blackwall & Cubitt Town,Tower Hamlets,E05009318,E09000030
Tower Hamlets,Blackwall & Cubitt Town,2022-05-05,Uddin,Muhammad Bellal,Aspire,1292,True,Blackwall & Cubitt Town,Tower Hamlets,E05009318,E09000030
Tower Hamlets,Blackwall & Cubitt Town,2022-05-05,Vandyke,Nicholas Donald Anthony,The Conservative Party Candidate,745,False,Blackwall & Cubitt Town,Tower Hamlets,E05009318,E09000030
Tower Hamlets,Blackwall & Cubitt Town,2022-05-05,Worrall,Christopher James Alexander,Labour Party,1112,False,Blackwall & Cubitt Town,Tower Hamlets,E05009318,E09000030
Tower Hamlets,Bow East,2022-05-05,Ali,Amina,Labour and Co-operative Party,2728,True,Bow East,Tower Hamlets,E05009319,E09000030
Tower Hamlets,Bow East,2022-05-05,Blake,Rachel Nancy,Labour and Co-operative Party,2800,True,Bow East,Tower Hamlets,E05009319,E09000030
Tower Hamlets,Bow East,2022-05-05,Bright,Ellis Paton,The Green Party,910,False,Bow East,Tower Hamlets,E05009319,E09000030
Tower Hamlets,Bow East,2022-05-05,Edwards,Robin William,The Conservative Party Candidate,336,False,Bow East,Tower Hamlets,E05009319,E09000030
Tower Hamlets,Bow East,2022-05-05,Franchi,Liza,Liberal Democrats,506,False,Bow East,Tower Hamlets,E05009319,E09000030
Tower Hamlets,Bow East,2022-05-05,Francis,Marc,Labour and Co-operative Party,2341,True,Bow East,Tower Hamlets,E05009319,E09000030
Tower Hamlets,Bow East,2022-05-05,Herbert,Simon Nicholas,Liberal Democrats,285,False,Bow East,Tower Hamlets,E05009319,E09000030
Tower Hamlets,Bow East,2022-05-05,Khaton,Monzo Ara,Aspire,1207,False,Bow East,Tower Hamlets,E05009319,E09000030
Tower Hamlets,Bow East,2022-05-05,Khatun,Rahima,Aspire,1324,False,Bow East,Tower Hamlets,E05009319,E09000030
Tower Hamlets,Bow East,2022-05-05,Lincoln,Lesley Margaret,The Conservative Party Candidate,291,False,Bow East,Tower Hamlets,E05009319,E09000030
Tower Hamlets,Bow East,2022-05-05,MacMillan,Richard Alan,Liberal Democrats,282,False,Bow East,Tower Hamlets,E05009319,E09000030
Tower Hamlets,Bow East,2022-05-05,Power,Nicola,The Green Party,964,False,Bow East,Tower Hamlets,E05009319,E09000030
Tower Hamlets,Bow East,2022-05-05,Rahman,Masood,Aspire,1228,False,Bow East,Tower Hamlets,E05009319,E09000030
Tower Hamlets,Bow East,2022-05-05,Sinclair,Imogen Alice,The Conservative Party Candidate,247,False,Bow East,Tower Hamlets,E05009319,E09000030
Tower Hamlets,Bow West,2022-05-05,Ali [Ali],Mohammed Junu [Junu],Aspire,944,False,Bow West,Tower Hamlets,E05009320,E09000030
Tower Hamlets,Bow West,2022-05-05,Ali [Ali],Mohammed Ripon [Ripon],Aspire,1035,False,Bow West,Tower Hamlets,E05009320,E09000030
Tower Hamlets,Bow West,2022-05-05,Begum,Asma,Labour Party,1601,True,Bow West,Tower Hamlets,E05009320,E09000030
Tower Hamlets,Bow West,2022-05-05,Bienfait [Bienfait],Nathalie Sylvia [Nathalie],The Green Party,1253,True,Bow West,Tower Hamlets,E05009320,E09000030
Tower Hamlets,Bow West,2022-05-05,Ellerbeck,Desmond Albert Victor,The Conservative Party Candidate,191,False,Bow West,Tower Hamlets,E05009320,E09000030
Tower Hamlets,Bow West,2022-05-05,Kaneko [Kaneko],Hidetomo [Tom],Liberal Democrats,159,False,Bow West,Tower Hamlets,E05009320,E09000030
Tower Hamlets,Bow West,2022-05-05,Ludlow,Janet Irene,Liberal Democrats,205,False,Bow West,Tower Hamlets,E05009320,E09000030
Tower Hamlets,Bow West,2022-05-05,Polson,Alistair James,The Green Party,1004,False,Bow West,Tower Hamlets,E05009320,E09000030
Tower Hamlets,Bow West,2022-05-05,Sarghini,Mariem,The Conservative Party Candidate,157,False,Bow West,Tower Hamlets,E05009320,E09000030
Tower Hamlets,Bow West,2022-05-05,Whitehead [Whitehead],Valerie [Val],Labour Party,1218,False,Bow West,Tower Hamlets,E05009320,E09000030
Tower Hamlets,Bromley North,2022-05-05,Blythin-Hammond,Daniel James,The Green Party,346,False,Bromley North,Tower Hamlets,E05009321,E09000030
Tower Hamlets,Bromley North,2022-05-05,Chowdhury,Najnine Ahosan,Labour Party,1242,False,Bromley North,Tower Hamlets,E05009321,E09000030
Tower Hamlets,Bromley North,2022-05-05,Chowdhury,Nehad Ahmed,Liberal Democrats,212,False,Bromley North,Tower Hamlets,E05009321,E09000030
Tower Hamlets,Bromley North,2022-05-05,Gillespie,Jonathan Richard,The Conservative Party Candidate,159,False,Bromley North,Tower Hamlets,E05009321,E09000030
Tower Hamlets,Bromley North,2022-05-05,Khaled [Khaled],Muhammad Saif Uddin [Saif Uddin],Aspire,1431,True,Bromley North,Tower Hamlets,E05009321,E09000030
Tower Hamlets,Bromley North,2022-05-05,Lant,Bethan Angharad,The Green Party,281,False,Bromley North,Tower Hamlets,E05009321,E09000030
Tower Hamlets,Bromley North,2022-05-05,Mabbutt,Jonathon Keith,Social Democratic Party,39,False,Bromley North,Tower Hamlets,E05009321,E09000030
Tower Hamlets,Bromley North,2022-05-05,Mannan [Nazrul],Abdul [Abdul],Aspire,1495,True,Bromley North,Tower Hamlets,E05009321,E09000030
Tower Hamlets,Bromley North,2022-05-05,Proudfoot,Siobhan Linzi,Liberal Democrats,156,False,Bromley North,Tower Hamlets,E05009321,E09000030
Tower Hamlets,Bromley North,2022-05-05,Rahman,Mohammed Akhlaqur,The Conservative Party Candidate,94,False,Bromley North,Tower Hamlets,E05009321,E09000030
Tower Hamlets,Bromley North,2022-05-05,Salam,Muhammad Abdul,Labour Party,841,False,Bromley North,Tower Hamlets,E05009321,E09000030
Tower Hamlets,Bromley South,2022-05-05,Atherton,Indigo Sky,The Conservative Party Candidate,139,False,Bromley South,Tower Hamlets,E05009322,E09000030
Tower Hamlets,Bromley South,2022-05-05,Casswell,Joshua James,Liberal Democrats,207,False,Bromley South,Tower Hamlets,E05009322,E09000030
Tower Hamlets,Bromley South,2022-05-05,Charge,Stephen Phillip,The Conservative Party Candidate,143,False,Bromley South,Tower Hamlets,E05009322,E09000030
Tower Hamlets,Bromley South,2022-05-05,Choudhury,Bodrul Islam,Aspire,1616,True,Bromley South,Tower Hamlets,E05009322,E09000030
Tower Hamlets,Bromley South,2022-05-05,Curry [Curry],Robert [Rob],The Green Party,233,False,Bromley South,Tower Hamlets,E05009322,E09000030
Tower Hamlets,Bromley South,2022-05-05,Green [Green],Barnaby Alain Joseph [Barney],The Green Party,239,False,Bromley South,Tower Hamlets,E05009322,E09000030
Tower Hamlets,Bromley South,2022-05-05,Hussain,Ikbal,Aspire,1478,False,Bromley South,Tower Hamlets,E05009322,E09000030
Tower Hamlets,Bromley South,2022-05-05,Hussain [Hussain],Shahaveer [Shubo],Labour Party,1772,True,Bromley South,Tower Hamlets,E05009322,E09000030
Tower Hamlets,Bromley South,2022-05-05,Symmons [Symmons],Jennifer Mary [Jenny],Labour Party,1330,False,Bromley South,Tower Hamlets,E05009322,E09000030
Tower Hamlets,Bromley South,2022-05-05,Vinas,David Joseph,Liberal Democrats,76,False,Bromley South,Tower Hamlets,E05009322,E09000030
Tower Hamlets,Canary Wharf,2022-05-05,Ahmed,Saied,Aspire,1023,True,Canary Wharf,Tower Hamlets,E05009323,E09000030
Tower Hamlets,Canary Wharf,2022-05-05,Allnutt,Adam Brian,Labour and Co-operative Party,885,False,Canary Wharf,Tower Hamlets,E05009323,E09000030
Tower Hamlets,Canary Wharf,2022-05-05,Germain-Powell,Frances Rosemary,The Conservative Party Candidate,492,False,Canary Wharf,Tower Hamlets,E05009323,E09000030
Tower Hamlets,Canary Wharf,2022-05-05,Hannan,Mohammed Abdul,Liberal Democrats,270,False,Canary Wharf,Tower Hamlets,E05009323,E09000030
Tower Hamlets,Canary Wharf,2022-05-05,Hersi,Samia,The Conservative Party Candidate,408,False,Canary Wharf,Tower Hamlets,E05009323,E09000030
Tower Hamlets,Canary Wharf,2022-05-05,Jones,Morgan Robert Vaughan,Liberal Democrats,363,False,Canary Wharf,Tower Hamlets,E05009323,E09000030
Tower Hamlets,Canary Wharf,2022-05-05,Sultana,Shajia,Labour and Co-operative Party,846,False,Canary Wharf,Tower Hamlets,E05009323,E09000030
Tower Hamlets,Canary Wharf,2022-05-05,Talukdar [Talukdar],Mohammed Maium Miah [Maium],Aspire,1164,True,Canary Wharf,Tower Hamlets,E05009323,E09000030
Tower Hamlets,Canary Wharf,2022-05-05,Wood,Andrew George,Independent,993,False,Canary Wharf,Tower Hamlets,E05009323,E09000030
Tower Hamlets,Island Gardens,2022-05-05,Ali,Syed Shofor,Aspire,936,False,Island Gardens,Tower Hamlets,E05009324,E09000030
Tower Hamlets,Island Gardens,2022-05-05,Allison,David Nicholas,The Green Party,516,False,Island Gardens,Tower Hamlets,E05009324,E09000030
Tower Hamlets,Island Gardens,2022-05-05,Bustin,Mufeedah,Labour Party,1013,True,Island Gardens,Tower Hamlets,E05009324,E09000030
Tower Hamlets,Island Gardens,2022-05-05,Cregan,Andrew Kevin,Liberal Democrats,362,False,Island Gardens,Tower Hamlets,E05009324,E09000030
Tower Hamlets,Island Gardens,2022-05-05,English,Shelly Lorraine,Liberal Democrats,489,False,Island Gardens,Tower Hamlets,E05009324,E09000030
Tower Hamlets,Island Gardens,2022-05-05,Golds [Golds],Peter Stacey [Peter],The Conservative Party Candidate,1092,True,Island Gardens,Tower Hamlets,E05009324,E09000030
Tower Hamlets,Island Gardens,2022-05-05,Khan,Zaglul Hussain,Labour Party,864,False,Island Gardens,Tower Hamlets,E05009324,E09000030
Tower Hamlets,Island Gardens,2022-05-05,Murphy,Callum,The Conservative Party Candidate,892,False,Island Gardens,Tower Hamlets,E05009324,E09000030
Tower Hamlets,Island Gardens,2022-05-05,Rahman,Sadiqur,Aspire,971,False,Island Gardens,Tower Hamlets,E05009324,E09000030
Tower Hamlets,Lansbury,2022-05-05,Ahmed,Abul Monsur Ohid,Aspire,2686,True,Lansbury,Tower Hamlets,E05009325,E09000030
Tower Hamlets,Lansbury,2022-05-05,Ali,Akbar Ifzal,The Conservative Party Candidate,203,False,Lansbury,Tower Hamlets,E05009325,E09000030
Tower Hamlets,Lansbury,2022-05-05,Bagshaw,Elaine Sheila,Liberal Democrats,494,False,Lansbury,Tower Hamlets,E05009325,E09000030
Tower Hamlets,Lansbury,2022-05-05,Cassidy [Cassidy],Norman John [Norm],The Green Party,546,False,Lansbury,Tower Hamlets,E05009325,E09000030
Tower Hamlets,Lansbury,2022-05-05,Choudhury,Jahed,Aspire,2286,True,Lansbury,Tower Hamlets,E05009325,E09000030
Tower Hamlets,Lansbury,2022-05-05,Chowdhury [Chowdhury],Abdul Kahar [Kahar],Labour Party,1803,False,Lansbury,Tower Hamlets,E05009325,E09000030
Tower Hamlets,Lansbury,2022-05-05,Haque [Haque],Mohammed Ansarul [Ansarul],Labour Party,1479,False,Lansbury,Tower Hamlets,E05009325,E09000030
Tower Hamlets,Lansbury,2022-05-05,Hossain,Iqbal,Aspire,2413,True,Lansbury,Tower Hamlets,E05009325,E09000030
Tower Hamlets,Lansbury,2022-05-05,Ingham,Paul William Eric,The Conservative Party Candidate,333,False,Lansbury,Tower Hamlets,E05009325,E09000030
Tower Hamlets,Lansbury,2022-05-05,Manik,Abdul,Liberal Democrats,149,False,Lansbury,Tower Hamlets,E05009325,E09000030
Tower Hamlets,Lansbury,2022-05-05,Rahman,Shaheda Rowshonara,Labour Party,1542,False,Lansbury,Tower Hamlets,E05009325,E09000030
Tower Hamlets,Lansbury,2022-05-05,Scanlan,John Joseph,The Green Party,464,False,Lansbury,Tower Hamlets,E05009325,E09000030
Tower Hamlets,Lansbury,2022-05-05,Townsend [Townsend],Christine Eileen [Chrissie],The Conservative Party Candidate,373,False,Lansbury,Tower Hamlets,E05009325,E09000030
Tower Hamlets,Lansbury,2022-05-05,Uddin,Muhammad Fakar,Liberal Democrats,134,False,Lansbury,Tower Hamlets,E05009325,E09000030
Tower Hamlets,Limehouse,2022-05-05,Danks,Warwick Richard,Liberal Democrats,191,False,Limehouse,Tower Hamlets,E05009326,E09000030
Tower Hamlets,Limehouse,2022-05-05,Garside,David Robert,The Conservative Party Candidate,403,False,Limehouse,Tower Hamlets,E05009326,E09000030
Tower Hamlets,Limehouse,2022-05-05,Jorna,Atia Begom,Aspire,347,False,Limehouse,Tower Hamlets,E05009326,E09000030
Tower Hamlets,Limehouse,2022-05-05,Juden,Geoffrey,The Green Party,143,False,Limehouse,Tower Hamlets,E05009326,E09000030
Tower Hamlets,Limehouse,2022-05-05,King,James Robert Venables,Labour Party Candidate,728,True,Limehouse,Tower Hamlets,E05009326,E09000030
Tower Hamlets,Mile End,2022-05-05,Ahmed,Leelu,Labour Party,2120,True,Mile End,Tower Hamlets,E05009327,E09000030
Tower Hamlets,Mile End,2022-05-05,Alam [Alam],Md Shah [Shah],The Conservative Party Candidate,249,False,Mile End,Tower Hamlets,E05009327,E09000030
Tower Hamlets,Mile End,2022-05-05,Aston,Craig,The Conservative Party Candidate,313,False,Mile End,Tower Hamlets,E05009327,E09000030
Tower Hamlets,Mile End,2022-05-05,Bogdan,Horia Daniel,Liberal Democrats,310,False,Mile End,Tower Hamlets,E05009327,E09000030
Tower Hamlets,Mile End,2022-05-05,Chowdhury,Mohammad Saifur Rahman,Labour Party,2119,True,Mile End,Tower Hamlets,E05009327,E09000030
Tower Hamlets,Mile End,2022-05-05,Gibbons,Jack Anthony Joseph,The Green Party,562,False,Mile End,Tower Hamlets,E05009327,E09000030
Tower Hamlets,Mile End,2022-05-05,Habib [Habib],Haji Mohammad [Haji],Aspire,1900,False,Mile End,Tower Hamlets,E05009327,E09000030
Tower Hamlets,Mile End,2022-05-05,Jancke,Gunther,The Green Party,456,False,Mile End,Tower Hamlets,E05009327,E09000030
Tower Hamlets,Mile End,2022-05-05,Khan,Sabina,Labour Party,2530,True,Mile End,Tower Hamlets,E05009327,E09000030
Tower Hamlets,Mile End,2022-05-05,Levey,Simon Paul,The Green Party,460,False,Mile End,Tower Hamlets,E05009327,E09000030
Tower Hamlets,Mile End,2022-05-05,Miah,Azad,Aspire,1956,False,Mile End,Tower Hamlets,E05009327,E09000030
Tower Hamlets,Mile End,2022-05-05,Miah,Helal,Aspire,2041,False,Mile End,Tower Hamlets,E05009327,E09000030
Tower Hamlets,Mile End,2022-05-05,Potts,Tabitha Alice Harman,Liberal Democrats,378,False,Mile End,Tower Hamlets,E05009327,E09000030
Tower Hamlets,Mile End,2022-05-05,Qu,Wei,Liberal Democrats,240,False,Mile End,Tower Hamlets,E05009327,E09000030
Tower Hamlets,Mile End,2022-05-05,Rajgopal,Srikanth,The Conservative Party Candidate,173,False,Mile End,Tower Hamlets,E05009327,E09000030
Tower Hamlets,Poplar,2022-05-05,Binns,Rebecca Clare,The Green Party,152,False,Poplar,Tower Hamlets,E05009328,E09000030
Tower Hamlets,Poplar,2022-05-05,Choudhury,Gulam Kibria,Aspire,1134,True,Poplar,Tower Hamlets,E05009328,E09000030
Tower Hamlets,Poplar,2022-05-05,Nolan,Dominic Aidan,The Conservative Party Candidate,131,False,Poplar,Tower Hamlets,E05009328,E09000030
Tower Hamlets,Poplar,2022-05-05,Rahman,Zenith,Labour Party,602,False,Poplar,Tower Hamlets,E05009328,E09000030
Tower Hamlets,Poplar,2022-05-05,Tafader,Habibur Rahman,Liberal Democrats,118,False,Poplar,Tower Hamlets,E05009328,E09000030
Tower Hamlets,Shadwell,2022-05-05,Hussain,Tara,The Conservative Party Candidate,124,False,Shadwell,Tower Hamlets,E05009332,E09000030
Tower Hamlets,Shadwell,2022-05-05,Khan,Rabina,Liberal Democrats,1451,False,Shadwell,Tower Hamlets,E05009332,E09000030
Tower Hamlets,Shadwell,2022-05-05,Miah,Ana,Aspire,1486,True,Shadwell,Tower Hamlets,E05009332,E09000030
Tower Hamlets,Shadwell,2022-05-05,Miah [Miah],Mohammad Harun [Harun],Aspire,2003,True,Shadwell,Tower Hamlets,E05009332,E09000030
Tower Hamlets,Shadwell,2022-05-05,Nicholls [Nicholls],Charlotte Claire [Charlotte],The Green Party,269,False,Shadwell,Tower Hamlets,E05009332,E09000030
Tower Hamlets,Shadwell,2022-05-05,Obaze,Victoria Ngozi,Labour Party,852,False,Shadwell,Tower Hamlets,E05009332,E09000030
Tower Hamlets,Shadwell,2022-05-05,Shukur,Abdus,Labour Party,872,False,Shadwell,Tower Hamlets,E05009332,E09000030
Tower Hamlets,Shadwell,2022-05-05,Stafford,Daryl Martin,The Conservative Party Candidate,169,False,Shadwell,Tower Hamlets,E05009332,E09000030
Tower Hamlets,Shadwell,2022-05-05,Tunnicliffe,Simon Alexander,Liberal Democrats,403,False,Shadwell,Tower Hamlets,E05009332,E09000030
Tower Hamlets,Spitalfields & Banglatown,2022-05-05,Ahmed,Suluk,Aspire,1591,True,Spitalfields & Banglatown,Tower Hamlets,E05009333,E09000030
Tower Hamlets,Spitalfields & Banglatown,2022-05-05,Chowdhury [Chowdhury],Mohammad Shad Uddin [Shad Uddin],Labour Party,1545,False,Spitalfields & Banglatown,Tower Hamlets,E05009333,E09000030
Tower Hamlets,Spitalfields & Banglatown,2022-05-05,Graf,Freda Mary,Liberal Democrats,242,False,Spitalfields & Banglatown,Tower Hamlets,E05009333,E09000030
Tower Hamlets,Spitalfields & Banglatown,2022-05-05,Hussain,Kabir,Aspire,1595,True,Spitalfields & Banglatown,Tower Hamlets,E05009333,E09000030
Tower Hamlets,Spitalfields & Banglatown,2022-05-05,Hussain,Nazma,Labour Party,1128,False,Spitalfields & Banglatown,Tower Hamlets,E05009333,E09000030
Tower Hamlets,Spitalfields & Banglatown,2022-05-05,Hye,Abdul,The Green Party,293,False,Spitalfields & Banglatown,Tower Hamlets,E05009333,E09000030
Tower Hamlets,Spitalfields & Banglatown,2022-05-05,Lowe,Timothy Richard,The Conservative Party Candidate,173,False,Spitalfields & Banglatown,Tower Hamlets,E05009333,E09000030
Tower Hamlets,Spitalfields & Banglatown,2022-05-05,Miah,Shamim,The Conservative Party Candidate,94,False,Spitalfields & Banglatown,Tower Hamlets,E05009333,E09000030
Tower Hamlets,Spitalfields & Banglatown,2022-05-05,Shelton,Gareth Lewis,Liberal Democrats,172,False,Spitalfields & Banglatown,Tower Hamlets,E05009333,E09000030
Tower Hamlets,St Dunstan's,2022-05-05,Ahmed,Nazir,Aspire,1623,False,St Dunstan's,Tower Hamlets,E05009329,E09000030
Tower Hamlets,St Dunstan's,2022-05-05,Akther,Farhana,Liberal Democrats,300,False,St Dunstan's,Tower Hamlets,E05009329,E09000030
Tower Hamlets,St Dunstan's,2022-05-05,Alam,Mohammed Shafiul,Liberal Democrats,220,False,St Dunstan's,Tower Hamlets,E05009329,E09000030
Tower Hamlets,St Dunstan's,2022-05-05,Begum,Maisha Fahmida,Labour Party,1840,True,St Dunstan's,Tower Hamlets,E05009329,E09000030
Tower Hamlets,St Dunstan's,2022-05-05,Brown,Edward Hugh,The Conservative Party Candidate,229,False,St Dunstan's,Tower Hamlets,E05009329,E09000030
Tower Hamlets,St Dunstan's,2022-05-05,Khan,Juned,Aspire,1692,False,St Dunstan's,Tower Hamlets,E05009329,E09000030
Tower Hamlets,St Dunstan's,2022-05-05,Miah [Miah],Mohammed Ayas [Ayas],Labour Party,1936,True,St Dunstan's,Tower Hamlets,E05009329,E09000030
Tower Hamlets,St Dunstan's,2022-05-05,Thompson,Adrian Charles,The Conservative Party Candidate,202,False,St Dunstan's,Tower Hamlets,E05009329,E09000030
Tower Hamlets,St Dunstan's,2022-05-05,Thompson [Thompson],Neil John [Neil],The Green Party,422,False,St Dunstan's,Tower Hamlets,E05009329,E09000030
Tower Hamlets,St Katharine's & Wapping,2022-05-05,Alam,Mahbub,Liberal Democrats,749,False,St Katharine's & Wapping,Tower Hamlets,E05009330,E09000030
Tower Hamlets,St Katharine's & Wapping,2022-05-05,Gransden-Chappell Barrs [Barrs],Oliver [Oliver],The Green Party,374,False,St Katharine's & Wapping,Tower Hamlets,E05009330,E09000030
Tower Hamlets,St Katharine's & Wapping,2022-05-05,Buxton,Dominic Robert,Liberal Democrats,961,False,St Katharine's & Wapping,Tower Hamlets,E05009330,E09000030
Tower Hamlets,St Katharine's & Wapping,2022-05-05,Emmerson,Jane Elizabeth,The Conservative Party Candidate,564,False,St Katharine's & Wapping,Tower Hamlets,E05009330,E09000030
Tower Hamlets,St Katharine's & Wapping,2022-05-05,Hasan [Hasan],Md Khairul [Khayrul],Aspire,446,False,St Katharine's & Wapping,Tower Hamlets,E05009330,E09000030
Tower Hamlets,St Katharine's & Wapping,2022-05-05,Helal [Helal],Abulkashem Mohammed [Abulkashem],Aspire,471,False,St Katharine's & Wapping,Tower Hamlets,E05009330,E09000030
Tower Hamlets,St Katharine's & Wapping,2022-05-05,King,Neil Anthony,The Conservative Party Candidate,612,False,St Katharine's & Wapping,Tower Hamlets,E05009330,E09000030
Tower Hamlets,St Katharine's & Wapping,2022-05-05,Lee,Amy Louise,Labour Party,1128,True,St Katharine's & Wapping,Tower Hamlets,E05009330,E09000030
Tower Hamlets,St Katharine's & Wapping,2022-05-05,Simister [Simister],Peter Robert [Peter],The Green Party,278,False,St Katharine's & Wapping,Tower Hamlets,E05009330,E09000030
Tower Hamlets,St Katharine's & Wapping,2022-05-05,Ullah [Ullah],Muhammad Abdal [Abdal],Labour Party,1133,True,St Katharine's & Wapping,Tower Hamlets,E05009330,E09000030
Tower Hamlets,Stepney Green,2022-05-05,Akhtar,Sabina,Labour Party,1588,True,Stepney Green,Tower Hamlets,E05009334,E09000030
Tower Hamlets,Stepney Green,2022-05-05,Ali [Ali],Mohammed Abdul Wahid [Abdul Wahid],Aspire,1623,True,Stepney Green,Tower Hamlets,E05009334,E09000030
Tower Hamlets,Stepney Green,2022-05-05,Alton,Stephen Owen,The Conservative Party Candidate,198,False,Stepney Green,Tower Hamlets,E05009334,E09000030
Tower Hamlets,Stepney Green,2022-05-05,Chestnutt,Kirsty Frances,The Green Party,308,False,Stepney Green,Tower Hamlets,E05009334,E09000030
Tower Hamlets,Stepney Green,2022-05-05,Koutroumpis,Panagiotis,The Conservative Party Candidate,108,False,Stepney Green,Tower Hamlets,E05009334,E09000030
Tower Hamlets,Stepney Green,2022-05-05,Mackay,Thomas Edward,The Green Party,202,False,Stepney Green,Tower Hamlets,E05009334,E09000030
Tower Hamlets,Stepney Green,2022-05-05,Malique,Shuhel,Aspire,1346,False,Stepney Green,Tower Hamlets,E05009334,E09000030
Tower Hamlets,Stepney Green,2022-05-05,Nottage,Kim,Liberal Democrats,332,False,Stepney Green,Tower Hamlets,E05009334,E09000030
Tower Hamlets,Stepney Green,2022-05-05,Rahman,Akhlaqur,Liberal Democrats,676,False,Stepney Green,Tower Hamlets,E05009334,E09000030
Tower Hamlets,Stepney Green,2022-05-05,Uz-Zaman,Motin,Labour Party,1121,False,Stepney Green,Tower Hamlets,E05009334,E09000030
Tower Hamlets,Weavers,2022-05-05,Adam,John Stewart,Liberal Democrats,203,False,Weavers,Tower Hamlets,E05009335,E09000030
Tower Hamlets,Weavers,2022-05-05,Ahmed,Kabir,Aspire,1649,True,Weavers,Tower Hamlets,E05009335,E09000030
Tower Hamlets,Weavers,2022-05-05,Elaahi Salam [Elaahi],Mohammed Fazleh [Fazleh],Aspire,1224,False,Weavers,Tower Hamlets,E05009335,E09000030
Tower Hamlets,Weavers,2022-05-05,Essaydi,Moulay Yassine,The Conservative Party Candidate,106,False,Weavers,Tower Hamlets,E05009335,E09000030
Tower Hamlets,Weavers,2022-05-05,Guttmann [Guttmann],Catherine Elizabeth [Katy],The Green Party,395,False,Weavers,Tower Hamlets,E05009335,E09000030
Tower Hamlets,Weavers,2022-05-05,Hancocks,Benjamin Edward,The Green Party,225,False,Weavers,Tower Hamlets,E05009335,E09000030
Tower Hamlets,Weavers,2022-05-05,Islam,Asma,Labour and Co-operative Party,1417,True,Weavers,Tower Hamlets,E05009335,E09000030
Tower Hamlets,Weavers,2022-05-05,Long [Long],Edward Andrew Gilmore [Ed],Liberal Democrats,150,False,Weavers,Tower Hamlets,E05009335,E09000030
Tower Hamlets,Weavers,2022-05-05,McKenna,Kevin,Labour and Co-operative Party,1135,False,Weavers,Tower Hamlets,E05009335,E09000030
Tower Hamlets,Weavers,2022-05-05,Pierre,Hugo,Trade Unionist and Socialist Coalition,110,False,Weavers,Tower Hamlets,E05009335,E09000030
Tower Hamlets,Weavers,2022-05-05,Weaver,Elliott,The Conservative Party Candidate,237,False,Weavers,Tower Hamlets,E05009335,E09000030
Tower Hamlets,Whitechapel,2022-05-05,Ahmed [Ahmed],Md Faroque Mahfuz [Faroque],Labour Party,1663,True,Whitechapel,Tower Hamlets,E05009336,E09000030
Tower Hamlets,Whitechapel,2022-05-05,Ahmed [Ahmed],Shafi Uddin [Shafi],Aspire,1954,True,Whitechapel,Tower Hamlets,E05009336,E09000030
Tower Hamlets,Whitechapel,2022-05-05,Ali,Amina,Labour Party,1510,False,Whitechapel,Tower Hamlets,E05009336,E09000030
Tower Hamlets,Whitechapel,2022-05-05,Ali,Mohammad Shahrar,The Green Party,352,False,Whitechapel,Tower Hamlets,E05009336,E09000030
Tower Hamlets,Whitechapel,2022-05-05,Ali,Shahed,Resurrection Young People. In Sha Allah,611,False,Whitechapel,Tower Hamlets,E05009336,E09000030
Tower Hamlets,Whitechapel,2022-05-05,Ameen,Shah Suhel,Labour Party,1468,False,Whitechapel,Tower Hamlets,E05009336,E09000030
Tower Hamlets,Whitechapel,2022-05-05,Asad,Muhammad Abul,Liberal Democrats,586,False,Whitechapel,Tower Hamlets,E05009336,E09000030
Tower Hamlets,Whitechapel,2022-05-05,Dormer,Michael Edward,The Conservative Party Candidate,273,False,Whitechapel,Tower Hamlets,E05009336,E09000030
Tower Hamlets,Whitechapel,2022-05-05,Hussain [Hussain],Mohammed Kamrul [Kamrul],Aspire,1594,True,Whitechapel,Tower Hamlets,E05009336,E09000030
Tower Hamlets,Whitechapel,2022-05-05,Khan,Aminur Rashid,Liberal Democrats,657,False,Whitechapel,Tower Hamlets,E05009336,E09000030
Tower Hamlets,Whitechapel,2022-05-05,Khan,Mustafa Riaz,The Conservative Party Candidate,153,False,Whitechapel,Tower Hamlets,E05009336,E09000030
Tower Hamlets,Whitechapel,2022-05-05,Roberts,Samuel Ivan,The Green Party,505,False,Whitechapel,Tower Hamlets,E05009336,E09000030
Tower Hamlets,Whitechapel,2022-05-05,Robinson,Michael David,Liberal Democrats,569,False,Whitechapel,Tower Hamlets,E05009336,E09000030
Tower Hamlets,Whitechapel,2022-05-05,Sulca,Nikola,The Conservative Party Candidate,204,False,Whitechapel,Tower Hamlets,E05009336,E09000030
Waltham Forest,Cann Hall,2022-05-05,Ahmed,Suleman,Liberal Democrat,301,False,Cann Hall,Waltham Forest,E05013882,E09000031
Waltham Forest,Cann Hall,2022-05-05,Carder,Joan,Liberal Democrat,359,False,Cann Hall,Waltham Forest,E05013882,E09000031
Waltham Forest,Cann Hall,2022-05-05,Gibbons,Henryka,The Conservative Party Candidate,283,False,Cann Hall,Waltham Forest,E05013882,E09000031
Waltham Forest,Cann Hall,2022-05-05,Green,Kischa-Bianca,Labour Party,1873,True,Cann Hall,Waltham Forest,E05013882,E09000031
Waltham Forest,Cann Hall,2022-05-05,Griffin,Otis,The Conservative Party Candidate,281,False,Cann Hall,Waltham Forest,E05013882,E09000031
Waltham Forest,Cann Hall,2022-05-05,Kizil,Eylem,The Conservative Party Candidate,224,False,Cann Hall,Waltham Forest,E05013882,E09000031
Waltham Forest,Cann Hall,2022-05-05,Littlejohn,Sally,Labour Party,1943,True,Cann Hall,Waltham Forest,E05013882,E09000031
Waltham Forest,Cann Hall,2022-05-05,Rayner,Keith,Labour Party,1671,True,Cann Hall,Waltham Forest,E05013882,E09000031
Waltham Forest,Cann Hall,2022-05-05,Richardson,Peter,Green Party,639,False,Cann Hall,Waltham Forest,E05013882,E09000031
Waltham Forest,Cann Hall,2022-05-05,Stronge,Tim,Trade Unionist and Socialist Coalition,118,False,Cann Hall,Waltham Forest,E05013882,E09000031
Waltham Forest,Cathall,2022-05-05,Asghar,Naheed,Labour Party,1186,True,Cathall,Waltham Forest,E05013883,E09000031
Waltham Forest,Cathall,2022-05-05,Buckworth,Michael,The Conservative Party Candidate,191,False,Cathall,Waltham Forest,E05013883,E09000031
Waltham Forest,Cathall,2022-05-05,Jarvis,Lizzie,Green Party,364,False,Cathall,Waltham Forest,E05013883,E09000031
Waltham Forest,Cathall,2022-05-05,Joseph,Ricardo,Trade Unionist and Socialist Coalition,68,False,Cathall,Waltham Forest,E05013883,E09000031
Waltham Forest,Cathall,2022-05-05,O'Dea,Jonathan,Labour Party,1071,True,Cathall,Waltham Forest,E05013883,E09000031
Waltham Forest,Cathall,2022-05-05,Rana,Mohammad,The Conservative Party Candidate,158,False,Cathall,Waltham Forest,E05013883,E09000031
Waltham Forest,Cathall,2022-05-05,Rodden,Michael,Liberal Democrat,177,False,Cathall,Waltham Forest,E05013883,E09000031
Waltham Forest,Chapel End,2022-05-05,Bramley,Beth,Liberal Democrat,394,False,Chapel End,Waltham Forest,E05013884,E09000031
Waltham Forest,Chapel End,2022-05-05,Douglas,Paul,Labour and Co-operative Party,1873,True,Chapel End,Waltham Forest,E05013884,E09000031
Waltham Forest,Chapel End,2022-05-05,Driscoll,Kenneth,Trade Unionist and Socialist Coalition,185,False,Chapel End,Waltham Forest,E05013884,E09000031
Waltham Forest,Chapel End,2022-05-05,Hemsted,Gillian,The Conservative Party Candidate,324,False,Chapel End,Waltham Forest,E05013884,E09000031
Waltham Forest,Chapel End,2022-05-05,Hemsted,Roger,The Conservative Party Candidate,298,False,Chapel End,Waltham Forest,E05013884,E09000031
Waltham Forest,Chapel End,2022-05-05,Khadim,Irfan,The Conservative Party Candidate,283,False,Chapel End,Waltham Forest,E05013884,E09000031
Waltham Forest,Chapel End,2022-05-05,Lewis,Alexander,Liberal Democrat,249,False,Chapel End,Waltham Forest,E05013884,E09000031
Waltham Forest,Chapel End,2022-05-05,Miller,Martin,Liberal Democrat,188,False,Chapel End,Waltham Forest,E05013884,E09000031
Waltham Forest,Chapel End,2022-05-05,Mitchell,Louise,Labour and Co-operative Party,2101,True,Chapel End,Waltham Forest,E05013884,E09000031
Waltham Forest,Chapel End,2022-05-05,Terry,Steve,Labour and Co-operative Party,1661,True,Chapel End,Waltham Forest,E05013884,E09000031
Waltham Forest,Chapel End,2022-05-05,Watson,Glenroy,Trade Unionist and Socialist Coalition,200,False,Chapel End,Waltham Forest,E05013884,E09000031
Waltham Forest,Chapel End,2022-05-05,Wheat,Susan,Green Party,906,False,Chapel End,Waltham Forest,E05013884,E09000031
Waltham Forest,Chingford Green,2022-05-05,Ali-Rahman,Rehana,Labour and Co-operative Party,1013,False,Chingford Green,Waltham Forest,E05013885,E09000031
Waltham Forest,Chingford Green,2022-05-05,Bayne,Craig,Green Party,551,False,Chingford Green,Waltham Forest,E05013885,E09000031
Waltham Forest,Chingford Green,2022-05-05,Boyle,Henry,Liberal Democrat,406,False,Chingford Green,Waltham Forest,E05013885,E09000031
Waltham Forest,Chingford Green,2022-05-05,Burns,Nathan,Labour and Co-operative Party,985,False,Chingford Green,Waltham Forest,E05013885,E09000031
Waltham Forest,Chingford Green,2022-05-05,Davis,Matt,Reform UK,150,False,Chingford Green,Waltham Forest,E05013885,E09000031
Waltham Forest,Chingford Green,2022-05-05,Goldie,Mitchell,The Conservative Party Candidate,2348,True,Chingford Green,Waltham Forest,E05013885,E09000031
Waltham Forest,Chingford Green,2022-05-05,Imre,Sazimet,The Conservative Party Candidate,2039,True,Chingford Green,Waltham Forest,E05013885,E09000031
Waltham Forest,Chingford Green,2022-05-05,Isa,Kay,The Conservative Party Candidate,2130,True,Chingford Green,Waltham Forest,E05013885,E09000031
Waltham Forest,Chingford Green,2022-05-05,Large,Nigel,Labour and Co-operative Party,879,False,Chingford Green,Waltham Forest,E05013885,E09000031
Waltham Forest,Endlebury,2022-05-05,Berg,Roy,The Conservative Party Candidate,1568,True,Endlebury,Waltham Forest,E05013886,E09000031
Waltham Forest,Endlebury,2022-05-05,Best,Emma,The Conservative Party Candidate,1529,True,Endlebury,Waltham Forest,E05013886,E09000031
Waltham Forest,Endlebury,2022-05-05,King,Sharon,Labour Party,940,False,Endlebury,Waltham Forest,E05013886,E09000031
Waltham Forest,Endlebury,2022-05-05,Lea,Nigel,Liberal Democrat,161,False,Endlebury,Waltham Forest,E05013886,E09000031
Waltham Forest,Endlebury,2022-05-05,Sachs-Eldridge,Sarah,Trade Unionist and Socialist Coalition,66,False,Endlebury,Waltham Forest,E05013886,E09000031
Waltham Forest,Endlebury,2022-05-05,Williams,Robin,Reform UK,54,False,Endlebury,Waltham Forest,E05013886,E09000031
Waltham Forest,Endlebury,2022-05-05,Willmoth,Luke,Labour Party,794,False,Endlebury,Waltham Forest,E05013886,E09000031
Waltham Forest,Forest,2022-05-05,Ahmad,Arshad,Trade Unionist and Socialist Coalition,172,False,Forest,Waltham Forest,E05013887,E09000031
Waltham Forest,Forest,2022-05-05,Berberi,Kastriot,Labour Party,1961,True,Forest,Waltham Forest,E05013887,E09000031
Waltham Forest,Forest,2022-05-05,Berberi,Marsela,Labour Party,2045,True,Forest,Waltham Forest,E05013887,E09000031
Waltham Forest,Forest,2022-05-05,Hadley,Josh,Liberal Democrat,431,False,Forest,Waltham Forest,E05013887,E09000031
Waltham Forest,Forest,2022-05-05,Karamehmet,Ismet,The Conservative Party Candidate,284,False,Forest,Waltham Forest,E05013887,E09000031
Waltham Forest,Forest,2022-05-05,Karamehmet,Sakarya,The Conservative Party Candidate,289,False,Forest,Waltham Forest,E05013887,E09000031
Waltham Forest,Forest,2022-05-05,Karamehmet,Sema,The Conservative Party Candidate,262,False,Forest,Waltham Forest,E05013887,E09000031
Waltham Forest,Forest,2022-05-05,Malik,Zafran,Labour Party,1982,True,Forest,Waltham Forest,E05013887,E09000031
Waltham Forest,Forest,2022-05-05,Randle,Justin,Liberal Democrat,361,False,Forest,Waltham Forest,E05013887,E09000031
Waltham Forest,Forest,2022-05-05,Roberts,Glyn,Green Party,716,False,Forest,Waltham Forest,E05013887,E09000031
Waltham Forest,Forest,2022-05-05,Sallery,Gavin,Liberal Democrat,316,False,Forest,Waltham Forest,E05013887,E09000031
Waltham Forest,Forest,2022-05-05,Ssekandwa,Arnold,Trade Unionist and Socialist Coalition,103,False,Forest,Waltham Forest,E05013887,E09000031
Waltham Forest,Grove Green,2022-05-05,Angus,Arran,Liberal Democrat,973,False,Grove Green,Waltham Forest,E05013888,E09000031
Waltham Forest,Grove Green,2022-05-05,Berg,Iona,The Conservative Party Candidate,181,False,Grove Green,Waltham Forest,E05013888,E09000031
Waltham Forest,Grove Green,2022-05-05,Berg,Kathleen,The Conservative Party Candidate,182,False,Grove Green,Waltham Forest,E05013888,E09000031
Waltham Forest,Grove Green,2022-05-05,Berg,Luke,The Conservative Party Candidate,171,False,Grove Green,Waltham Forest,E05013888,E09000031
Waltham Forest,Grove Green,2022-05-05,Dyer,Joe,Liberal Democrat,720,False,Grove Green,Waltham Forest,E05013888,E09000031
Waltham Forest,Grove Green,2022-05-05,Limbajee,Khevyn,Labour Party,1615,True,Grove Green,Waltham Forest,E05013888,E09000031
Waltham Forest,Grove Green,2022-05-05,Mbachu,Anna,Labour Party,1516,True,Grove Green,Waltham Forest,E05013888,E09000031
Waltham Forest,Grove Green,2022-05-05,McCarthy,Naomi,Liberal Democrat,819,False,Grove Green,Waltham Forest,E05013888,E09000031
Waltham Forest,Grove Green,2022-05-05,Measure,Maureen,Green Party,733,False,Grove Green,Waltham Forest,E05013888,E09000031
Waltham Forest,Grove Green,2022-05-05,Parslow,Kevin,Trade Unionist and Socialist Coalition,150,False,Grove Green,Waltham Forest,E05013888,E09000031
Waltham Forest,Grove Green,2022-05-05,Rasool,Uzma,Labour Party,1487,True,Grove Green,Waltham Forest,E05013888,E09000031
Waltham Forest,Hale End & Highams Park South,2022-05-05,Bell,Tony,Labour Party,1612,True,Hale End & Highams Park South,Waltham Forest,E05013889,E09000031
Waltham Forest,Hale End & Highams Park South,2022-05-05,Cooke,Kieran,The Conservative Party Candidate,881,False,Hale End & Highams Park South,Waltham Forest,E05013889,E09000031
Waltham Forest,Hale End & Highams Park South,2022-05-05,Dean,Christine,Women's Equality Party,404,False,Hale End & Highams Park South,Waltham Forest,E05013889,E09000031
Waltham Forest,Hale End & Highams Park South,2022-05-05,Doré,Rosalind,Labour Party,1594,True,Hale End & Highams Park South,Waltham Forest,E05013889,E09000031
Waltham Forest,Hale End & Highams Park South,2022-05-05,Holloway,Michael,Green Party,257,False,Hale End & Highams Park South,Waltham Forest,E05013889,E09000031
Waltham Forest,Hale End & Highams Park South,2022-05-05,Ivens,James,Trade Unionist and Socialist Coalition,32,False,Hale End & Highams Park South,Waltham Forest,E05013889,E09000031
Waltham Forest,Hale End & Highams Park South,2022-05-05,Nuri,Canan,Liberal Democrat,132,False,Hale End & Highams Park South,Waltham Forest,E05013889,E09000031
Waltham Forest,Hale End & Highams Park South,2022-05-05,Pond,Ed,Independent,260,False,Hale End & Highams Park South,Waltham Forest,E05013889,E09000031
Waltham Forest,Hale End & Highams Park South,2022-05-05,Stone,Huma,The Conservative Party Candidate,718,False,Hale End & Highams Park South,Waltham Forest,E05013889,E09000031
Waltham Forest,Hatch Lane & Highams Park North,2022-05-05,Burns,Catherine,Labour Party,1561,False,Hatch Lane & Highams Park North,Waltham Forest,E05013890,E09000031
Waltham Forest,Hatch Lane & Highams Park North,2022-05-05,Cuffaro,Loiuse,Trade Unionist and Socialist Coalition,159,False,Hatch Lane & Highams Park North,Waltham Forest,E05013890,E09000031
Waltham Forest,Hatch Lane & Highams Park North,2022-05-05,Fitzgerald,Marion,The Conservative Party Candidate,1732,True,Hatch Lane & Highams Park North,Waltham Forest,E05013890,E09000031
Waltham Forest,Hatch Lane & Highams Park North,2022-05-05,Fryd,Daniel,Labour Party,1328,False,Hatch Lane & Highams Park North,Waltham Forest,E05013890,E09000031
Waltham Forest,Hatch Lane & Highams Park North,2022-05-05,Halabi,Justin,The Conservative Party Candidate,1651,True,Hatch Lane & Highams Park North,Waltham Forest,E05013890,E09000031
Waltham Forest,Hatch Lane & Highams Park North,2022-05-05,James,Tim,The Conservative Party Candidate,1618,True,Hatch Lane & Highams Park North,Waltham Forest,E05013890,E09000031
Waltham Forest,Hatch Lane & Highams Park North,2022-05-05,Rehman,Zia,Labour Party,1264,False,Hatch Lane & Highams Park North,Waltham Forest,E05013890,E09000031
Waltham Forest,Hatch Lane & Highams Park North,2022-05-05,Tatam,Robert,Green Party,623,False,Hatch Lane & Highams Park North,Waltham Forest,E05013890,E09000031
Waltham Forest,High Street,2022-05-05,Anwar,Raja,Labour Party,1521,True,High Street,Waltham Forest,E05013891,E09000031
Waltham Forest,High Street,2022-05-05,Chopra-Evans,Munish,The Conservative Party Candidate,161,False,High Street,Waltham Forest,E05013891,E09000031
Waltham Forest,High Street,2022-05-05,Cocking,Robert,Liberal Democrat,168,False,High Street,Waltham Forest,E05013891,E09000031
Waltham Forest,High Street,2022-05-05,Connor,Tom,Labour Party,1531,True,High Street,Waltham Forest,E05013891,E09000031
Waltham Forest,High Street,2022-05-05,Ihenachor,Crystal,Labour Party,1547,True,High Street,Waltham Forest,E05013891,E09000031
Waltham Forest,High Street,2022-05-05,Khan,Muhammad,The Conservative Party Candidate,152,False,High Street,Waltham Forest,E05013891,E09000031
Waltham Forest,High Street,2022-05-05,Latif,Hasnain,The Conservative Party Candidate,143,False,High Street,Waltham Forest,E05013891,E09000031
Waltham Forest,High Street,2022-05-05,Pollard,Katherine,Liberal Democrat,255,False,High Street,Waltham Forest,E05013891,E09000031
Waltham Forest,High Street,2022-05-05,Schreuder,Jan-Dinant,Liberal Democrat,135,False,High Street,Waltham Forest,E05013891,E09000031
Waltham Forest,High Street,2022-05-05,Taaffe,Nancy,Trade Unionist and Socialist Coalition,174,False,High Street,Waltham Forest,E05013891,E09000031
Waltham Forest,High Street,2022-05-05,Wallace-Esnard,Nathan,Trade Unionist and Socialist Coalition,98,False,High Street,Waltham Forest,E05013891,E09000031
Waltham Forest,High Street,2022-05-05,Woodman,Abigail,Green Party,712,False,High Street,Waltham Forest,E05013891,E09000031
Waltham Forest,Higham Hill,2022-05-05,Ashcroft,Louise,Green Party,662,False,Higham Hill,Waltham Forest,E05013892,E09000031
Waltham Forest,Higham Hill,2022-05-05,Bellamy,Karen,Labour Party,2001,True,Higham Hill,Waltham Forest,E05013892,E09000031
Waltham Forest,Higham Hill,2022-05-05,Cleverley,Michael,Trade Unionist and Socialist Coalition,158,False,Higham Hill,Waltham Forest,E05013892,E09000031
Waltham Forest,Higham Hill,2022-05-05,Martinez,Leticia,Liberal Democrat,316,False,Higham Hill,Waltham Forest,E05013892,E09000031
Waltham Forest,Higham Hill,2022-05-05,Ikram,Humayun,The Conservative Party Candidate,150,False,Higham Hill,Waltham Forest,E05013892,E09000031
Waltham Forest,Higham Hill,2022-05-05,Islam,Saima,The Conservative Party Candidate,148,False,Higham Hill,Waltham Forest,E05013892,E09000031
Waltham Forest,Higham Hill,2022-05-05,Kelly,Ryan,Liberal Democrat,262,False,Higham Hill,Waltham Forest,E05013892,E09000031
Waltham Forest,Higham Hill,2022-05-05,Lewis,Kira,Labour Party,1775,True,Higham Hill,Waltham Forest,E05013892,E09000031
Waltham Forest,Higham Hill,2022-05-05,Sheikh,Ariba,The Conservative Party Candidate,121,False,Higham Hill,Waltham Forest,E05013892,E09000031
Waltham Forest,Higham Hill,2022-05-05,Smith,Patrick,Liberal Democrat,230,False,Higham Hill,Waltham Forest,E05013892,E09000031
Waltham Forest,Higham Hill,2022-05-05,Strathern,Alistair,Labour Party,1673,True,Higham Hill,Waltham Forest,E05013892,E09000031
Waltham Forest,Hoe Street,2022-05-05,Bell,Paul,Trade Unionist and Socialist Coalition,299,False,Hoe Street,Waltham Forest,E05013893,E09000031
Waltham Forest,Hoe Street,2022-05-05,Dixon,Alexander,Labour and Co-operative Party,2035,True,Hoe Street,Waltham Forest,E05013893,E09000031
Waltham Forest,Hoe Street,2022-05-05,Goodman,James,Liberal Democrat,326,False,Hoe Street,Waltham Forest,E05013893,E09000031
Waltham Forest,Hoe Street,2022-05-05,Ipadeola,Mary,The Conservative Party Candidate,244,False,Hoe Street,Waltham Forest,E05013893,E09000031
Waltham Forest,Hoe Street,2022-05-05,Irfan,Muhammad,The Conservative Party Candidate,236,False,Hoe Street,Waltham Forest,E05013893,E09000031
Waltham Forest,Hoe Street,2022-05-05,Khan,Ahsan,Labour and Co-operative Party,2091,True,Hoe Street,Waltham Forest,E05013893,E09000031
Waltham Forest,Hoe Street,2022-05-05,Lambert,Stephen,Green Party,964,False,Hoe Street,Waltham Forest,E05013893,E09000031
Waltham Forest,Hoe Street,2022-05-05,Nir,Naila,The Conservative Party Candidate,218,False,Hoe Street,Waltham Forest,E05013893,E09000031
Waltham Forest,Hoe Street,2022-05-05,Mirwitch,Miriam,Labour and Co-operative Party,2206,True,Hoe Street,Waltham Forest,E05013893,E09000031
Waltham Forest,Hoe Street,2022-05-05,Simmons,Ciara,Liberal Democrat,373,False,Hoe Street,Waltham Forest,E05013893,E09000031
Waltham Forest,Larkswood,2022-05-05,Douglas,Lily,Trade Unionist and Socialist Coalition,114,False,Larkswood,Waltham Forest,E05013894,E09000031
Waltham Forest,Larkswood,2022-05-05,Faiz,Mahmood,Liberal Democrat,241,False,Larkswood,Waltham Forest,E05013894,E09000031
Waltham Forest,Larkswood,2022-05-05,Hussain,Moynul,Labour Party,1095,False,Larkswood,Waltham Forest,E05013894,E09000031
Waltham Forest,Larkswood,2022-05-05,King,Richard,Reform UK,70,False,Larkswood,Waltham Forest,E05013894,E09000031
Waltham Forest,Larkswood,2022-05-05,Mahmood,Bilal,Labour Party,1108,False,Larkswood,Waltham Forest,E05013894,E09000031
Waltham Forest,Larkswood,2022-05-05,Millstone,Carina,Green Party,512,False,Larkswood,Waltham Forest,E05013894,E09000031
Waltham Forest,Larkswood,2022-05-05,Moss,John,Conservative Party Candidate,1663,True,Larkswood,Waltham Forest,E05013894,E09000031
Waltham Forest,Larkswood,2022-05-05,O'Connell,Sam,Conservative Party Candidate,1690,True,Larkswood,Waltham Forest,E05013894,E09000031
Waltham Forest,Larkswood,2022-05-05,Quigley,Tom,Independent,581,False,Larkswood,Waltham Forest,E05013894,E09000031
Waltham Forest,Larkswood,2022-05-05,Saumarez,Catherine,Conservative Party Candidate,1647,True,Larkswood,Waltham Forest,E05013894,E09000031
Waltham Forest,Larkswood,2022-05-05,Stern,Beatrice,Labour Party,1207,False,Larkswood,Waltham Forest,E05013894,E09000031
Waltham Forest,Lea Bridge,2022-05-05,Fabios,Solene,Independent,920,False,Lea Bridge,Waltham Forest,E05013895,E09000031
Waltham Forest,Lea Bridge,2022-05-05,Hussain,Maqsoom,The Conservative Party Candidate,269,False,Lea Bridge,Waltham Forest,E05013895,E09000031
Waltham Forest,Lea Bridge,2022-05-05,Lyons,Gerry,Labour Party,1627,True,Lea Bridge,Waltham Forest,E05013895,E09000031
Waltham Forest,Lea Bridge,2022-05-05,Dhedhi,Shabana,Labour Party,1892,True,Lea Bridge,Waltham Forest,E05013895,E09000031
Waltham Forest,Lea Bridge,2022-05-05,Robinson,Ben,Trade Unionist and Socialist Coalition,217,False,Lea Bridge,Waltham Forest,E05013895,E09000031
Waltham Forest,Lea Bridge,2022-05-05,Shaikh,Muhammed,The Conservative Party Candidate,242,False,Lea Bridge,Waltham Forest,E05013895,E09000031
Waltham Forest,Lea Bridge,2022-05-05,Whilby,Jennifer,Labour Party,1889,True,Lea Bridge,Waltham Forest,E05013895,E09000031
Waltham Forest,Lea Bridge,2022-05-05,Zafar,Muhammad,The Conservative Party Candidate,226,False,Lea Bridge,Waltham Forest,E05013895,E09000031
Waltham Forest,Leyton,2022-05-05,Ali,Shaukat,Liberal Democrat,456,False,Leyton,Waltham Forest,E05013896,E09000031
Waltham Forest,Leyton,2022-05-05,Chadha,Meera,Liberal Democrat,390,False,Leyton,Waltham Forest,E05013896,E09000031
Waltham Forest,Leyton,2022-05-05,Eglin,Rhiannon,Labour Party,1610,True,Leyton,Waltham Forest,E05013896,E09000031
Waltham Forest,Leyton,2022-05-05,Gardner,Rob,Green Party,511,False,Leyton,Waltham Forest,E05013896,E09000031
Waltham Forest,Leyton,2022-05-05,Ihenachor,Whitney,Labour Party,1478,True,Leyton,Waltham Forest,E05013896,E09000031
Waltham Forest,Leyton,2022-05-05,Karamehmet,Eliz,The Conservative Party Candidate,209,False,Leyton,Waltham Forest,E05013896,E09000031
Waltham Forest,Leyton,2022-05-05,Maske,Lauren,The Conservative Party Candidate,217,False,Leyton,Waltham Forest,E05013896,E09000031
Waltham Forest,Leyton,2022-05-05,Mohammed,Ehsanullah,The Conservative Party Candidate,170,False,Leyton,Waltham Forest,E05013896,E09000031
Waltham Forest,Leyton,2022-05-05,Reynolds,Martin,Trade Unionist and Socialist Coalition,71,False,Leyton,Waltham Forest,E05013896,E09000031
Waltham Forest,Leyton,2022-05-05,Stone,Trevor,Liberal Democrat,313,False,Leyton,Waltham Forest,E05013896,E09000031
Waltham Forest,Leyton,2022-05-05,Wheeler,Terry,Labour Party,1291,True,Leyton,Waltham Forest,E05013896,E09000031
Waltham Forest,Leytonstone,2022-05-05,Adams,Shenice,The Conservative Party Candidate,283,False,Leytonstone,Waltham Forest,E05013897,E09000031
Waltham Forest,Leytonstone,2022-05-05,Bowden,Matthew,The Conservative Party Candidate,285,False,Leytonstone,Waltham Forest,E05013897,E09000031
Waltham Forest,Leytonstone,2022-05-05,Dawes,Mark,Green Party,523,False,Leytonstone,Waltham Forest,E05013897,E09000031
Waltham Forest,Leytonstone,2022-05-05,Gray,Jenny,Labour Party,1886,True,Leytonstone,Waltham Forest,E05013897,E09000031
Waltham Forest,Leytonstone,2022-05-05,Harrison,Roger,Liberal Democrat,196,False,Leytonstone,Waltham Forest,E05013897,E09000031
Waltham Forest,Leytonstone,2022-05-05,Hockey,Len,Trade Unionist and Socialist Coalition,65,False,Leytonstone,Waltham Forest,E05013897,E09000031
Waltham Forest,Leytonstone,2022-05-05,Khan,Shahamima,The Conservative Party Candidate,252,False,Leytonstone,Waltham Forest,E05013897,E09000031
Waltham Forest,Leytonstone,2022-05-05,Lafferty,Charlotte,Green Party,557,False,Leytonstone,Waltham Forest,E05013897,E09000031
Waltham Forest,Leytonstone,2022-05-05,Loakes,Clyde,Labour Party,1881,True,Leytonstone,Waltham Forest,E05013897,E09000031
Waltham Forest,Leytonstone,2022-05-05,McCarthy,David,Liberal Democrat,196,False,Leytonstone,Waltham Forest,E05013897,E09000031
Waltham Forest,Leytonstone,2022-05-05,Mirza,Sadia,Liberal Democrat,223,False,Leytonstone,Waltham Forest,E05013897,E09000031
Waltham Forest,Leytonstone,2022-05-05,Pye,Marie,Labour Party,1778,True,Leytonstone,Waltham Forest,E05013897,E09000031
Waltham Forest,Leytonstone,2022-05-05,Talaia,Maria,Trade Unionist and Socialist Coalition,59,False,Leytonstone,Waltham Forest,E05013897,E09000031
Waltham Forest,Leytonstone,2022-05-05,Warrington,RoseMary,Green Party,482,False,Leytonstone,Waltham Forest,E05013897,E09000031
Waltham Forest,Markhouse,2022-05-05,Addenbrooke,Christina,Liberal Democrat,265,False,Markhouse,Waltham Forest,E05013898,E09000031
Waltham Forest,Markhouse,2022-05-05,Bird,Ed,Liberal Democrat,212,False,Markhouse,Waltham Forest,E05013898,E09000031
Waltham Forest,Markhouse,2022-05-05,Khan,Johar,Labour Party,1321,True,Markhouse,Waltham Forest,E05013898,E09000031
Waltham Forest,Markhouse,2022-05-05,Maqsoom,Samina,The Conservative Party Candidate,141,False,Markhouse,Waltham Forest,E05013898,E09000031
Waltham Forest,Markhouse,2022-05-05,Hasan,Faizan,The Conservative Party Candidate,152,False,Markhouse,Waltham Forest,E05013898,E09000031
Waltham Forest,Markhouse,2022-05-05,Taaffe,Linda,Trade Unionist and Socialist Coalition,129,False,Markhouse,Waltham Forest,E05013898,E09000031
Waltham Forest,Markhouse,2022-05-05,Waldron,Sharon,Labour Party,1311,True,Markhouse,Waltham Forest,E05013898,E09000031
Waltham Forest,St James,2022-05-05,Barrat,Rachel,Green Party,1132,False,St James,Waltham Forest,E05013899,E09000031
Waltham Forest,St James,2022-05-05,Deakin,Catherine,Labour and Co-operative Party,2068,True,St James,Waltham Forest,E05013899,E09000031
Waltham Forest,St James,2022-05-05,Edwards,Charlie,Trade Unionist and Socialist Coalition,307,False,St James,Waltham Forest,E05013899,E09000031
Waltham Forest,St James,2022-05-05,Khiljee,Noshaab,The Conservative Party Candidate,185,False,St James,Waltham Forest,E05013899,E09000031
Waltham Forest,St James,2022-05-05,Lewendon,Mike,Liberal Democrat,348,False,St James,Waltham Forest,E05013899,E09000031
Waltham Forest,St James,2022-05-05,Maqsoom,Zara,The Conservative Party Candidate,184,False,St James,Waltham Forest,E05013899,E09000031
Waltham Forest,St James,2022-05-05,Martlew,Nicholas,Liberal Democrat,276,False,St James,Waltham Forest,E05013899,E09000031
Waltham Forest,St James,2022-05-05,Mehmood,Faisal,The Conservative Party Candidate,145,False,St James,Waltham Forest,E05013899,E09000031
Waltham Forest,St James,2022-05-05,Salek,Sebastian,Labour and Co-operative Party,1595,True,St James,Waltham Forest,E05013899,E09000031
Waltham Forest,St James,2022-05-05,Thompson,Katy,Labour and Co-operative Party,1851,True,St James,Waltham Forest,E05013899,E09000031
Waltham Forest,Upper Walthamstow,2022-05-05,Bhuiyan,Moufazzal,The Conservative Party Candidate,348,False,Upper Walthamstow,Waltham Forest,E05013900,E09000031
Waltham Forest,Upper Walthamstow,2022-05-05,Fawad,Sameed,Independent,43,False,Upper Walthamstow,Waltham Forest,E05013900,E09000031
Waltham Forest,Upper Walthamstow,2022-05-05,Hawksbee,Lee,Trade Unionist and Socialist Coalition,70,False,Upper Walthamstow,Waltham Forest,E05013900,E09000031
Waltham Forest,Upper Walthamstow,2022-05-05,Morgan,Jane,Liberal Democrat,222,False,Upper Walthamstow,Waltham Forest,E05013900,E09000031
Waltham Forest,Upper Walthamstow,2022-05-05,Patel,Yusuf,Labour and Co-operative Party,1145,True,Upper Walthamstow,Waltham Forest,E05013900,E09000031
Waltham Forest,Upper Walthamstow,2022-05-05,Payne,Roger,Green Party,426,False,Upper Walthamstow,Waltham Forest,E05013900,E09000031
Waltham Forest,Upper Walthamstow,2022-05-05,Quin,Caramel,Labour and Co-operative Party,1294,True,Upper Walthamstow,Waltham Forest,E05013900,E09000031
Waltham Forest,Upper Walthamstow,2022-05-05,Samuel-Leport,Molly,The Conservative Party Candidate,415,False,Upper Walthamstow,Waltham Forest,E05013900,E09000031
Waltham Forest,Valley,2022-05-05,Akram,Afzal,The Conservative Party Candidate,1812,True,Valley,Waltham Forest,E05013901,E09000031
Waltham Forest,Valley,2022-05-05,Baptiste,Elizabeth,Labour Party,1755,True,Valley,Waltham Forest,E05013901,E09000031
Waltham Forest,Valley,2022-05-05,Chaney,Sarah,Labour Party,1673,False,Valley,Waltham Forest,E05013901,E09000031
Waltham Forest,Valley,2022-05-05,Heinze,Eric,Liberal Democrat,172,False,Valley,Waltham Forest,E05013901,E09000031
Waltham Forest,Valley,2022-05-05,Hemsted,Jemma,The Conservative Party Candidate,1788,True,Valley,Waltham Forest,E05013901,E09000031
Waltham Forest,Valley,2022-05-05,Loxton,Joanna,Liberal Democrat,203,False,Valley,Waltham Forest,E05013901,E09000031
Waltham Forest,Valley,2022-05-05,Ozerim,Ipek,Liberal Democrat,163,False,Valley,Waltham Forest,E05013901,E09000031
Waltham Forest,Valley,2022-05-05,Tonner,Kimberley,The Conservative Party Candidate,1746,False,Valley,Waltham Forest,E05013901,E09000031
Waltham Forest,Valley,2022-05-05,Weeks,Neil,Labour Party,1515,False,Valley,Waltham Forest,E05013901,E09000031
Waltham Forest,William Morris,2022-05-05,Ali,Hamza,The Conservative Party Candidate,327,False,William Morris,Waltham Forest,E05013902,E09000031
Waltham Forest,William Morris,2022-05-05,Gardiner,Kizzy,Labour and Co-operative Party,2654,True,William Morris,Waltham Forest,E05013902,E09000031
Waltham Forest,William Morris,2022-05-05,Greenwood,Henry,Green Party,1126,False,William Morris,Waltham Forest,E05013902,E09000031
Waltham Forest,William Morris,2022-05-05,Khan,Shaeb,The Conservative Party Candidate,279,False,William Morris,Waltham Forest,E05013902,E09000031
Waltham Forest,William Morris,2022-05-05,Mitchell,Paula,Trade Unionist and Socialist Coalition,295,False,William Morris,Waltham Forest,E05013902,E09000031
Waltham Forest,William Morris,2022-05-05,Phipps,Jack,Labour and Co-operative Party,2073,True,William Morris,Waltham Forest,E05013902,E09000031
Waltham Forest,William Morris,2022-05-05,Seher,Anmol,The Conservative Party Candidate,266,False,William Morris,Waltham Forest,E05013902,E09000031
Waltham Forest,William Morris,2022-05-05,Williams,Grace,Labour and Co-operative Party,2563,True,William Morris,Waltham Forest,E05013902,E09000031
Waltham Forest,Wood Street,2022-05-05,Addenbrooke,Tom,Liberal Democrat,313,False,Wood Street,Waltham Forest,E05013903,E09000031
Waltham Forest,Wood Street,2022-05-05,Ashworth,Vicky,Labour and Co-operative Party,1782,True,Wood Street,Waltham Forest,E05013903,E09000031
Waltham Forest,Wood Street,2022-05-05,Dougall,Rupert,The Conservative Party Candidate,202,False,Wood Street,Waltham Forest,E05013903,E09000031
Waltham Forest,Wood Street,2022-05-05,Finch,Mary,Trade Unionist and Socialist Coalition,181,False,Wood Street,Waltham Forest,E05013903,E09000031
Waltham Forest,Wood Street,2022-05-05,Naqvi,Seyyed,The Conservative Party Candidate,169,False,Wood Street,Waltham Forest,E05013903,E09000031
Waltham Forest,Wood Street,2022-05-05,Sweden,Richard,Labour and Co-operative Party,1499,True,Wood Street,Waltham Forest,E05013903,E09000031
Wandsworth,Balham,2022-05-05,Burt,Ben,Green Party,528,False,Balham,Wandsworth,E05014009,E09000032
Wandsworth,Balham,2022-05-05,Casoojee,Raaid,Liberal Democrats,294,False,Balham,Wandsworth,E05014009,E09000032
Wandsworth,Balham,2022-05-05,Casoojee,Shanaz,Liberal Democrats,353,False,Balham,Wandsworth,E05014009,E09000032
Wandsworth,Balham,2022-05-05,Chaudhry,Azhar,Local Conservatives,2188,False,Balham,Wandsworth,E05014009,E09000032
Wandsworth,Balham,2022-05-05,Crow,Alexa,Green Party,659,False,Balham,Wandsworth,E05014009,E09000032
Wandsworth,Balham,2022-05-05,Hamilton,Daniel,Local Conservatives,2250,True,Balham,Wandsworth,E05014009,E09000032
Wandsworth,Balham,2022-05-05,Hedges,Lynsey,Local Conservatives,2284,True,Balham,Wandsworth,E05014009,E09000032
Wandsworth,Balham,2022-05-05,Low,John,Green Party,514,False,Balham,Wandsworth,E05014009,E09000032
Wandsworth,Balham,2022-05-05,Maydew,Sabrina-Provence,Liberal Democrats,405,False,Balham,Wandsworth,E05014009,E09000032
Wandsworth,Balham,2022-05-05,Oddy,Douglas,Labour Party,1963,False,Balham,Wandsworth,E05014009,E09000032
Wandsworth,Balham,2022-05-05,Rigby,Jo,Labour Party,2214,True,Balham,Wandsworth,E05014009,E09000032
Wandsworth,Balham,2022-05-05,Taylor,Richard,Labour Party,1913,False,Balham,Wandsworth,E05014009,E09000032
Wandsworth,Battersea Park,2022-05-05,Abouzahra,Sami,Local Conservatives,1355,False,Battersea Park,Wandsworth,E05014010,E09000032
Wandsworth,Battersea Park,2022-05-05,Annan,Juliana,Labour Party,1991,True,Battersea Park,Wandsworth,E05014010,E09000032
Wandsworth,Battersea Park,2022-05-05,Belton,Tony,Labour Party,1975,True,Battersea Park,Wandsworth,E05014010,E09000032
Wandsworth,Battersea Park,2022-05-05,Buckley,Emma,Green Party,557,False,Battersea Park,Wandsworth,E05014010,E09000032
Wandsworth,Battersea Park,2022-05-05,Losada,Isabel,Green Party,689,False,Battersea Park,Wandsworth,E05014010,E09000032
Wandsworth,Battersea Park,2022-05-05,Manley,Rory,Local Conservatives,1404,False,Battersea Park,Wandsworth,E05014010,E09000032
Wandsworth,Battersea Park,2022-05-05,McLeod,Maurice,Labour Party,1760,True,Battersea Park,Wandsworth,E05014010,E09000032
Wandsworth,Battersea Park,2022-05-05,Miemietz,Marietta,Local Conservatives,1280,False,Battersea Park,Wandsworth,E05014010,E09000032
Wandsworth,Battersea Park,2022-05-05,Norman,Teresa,Liberal Democrats,396,False,Battersea Park,Wandsworth,E05014010,E09000032
Wandsworth,Battersea Park,2022-05-05,O`Mara,Shaun,Independent,106,False,Battersea Park,Wandsworth,E05014010,E09000032
Wandsworth,Battersea Park,2022-05-05,Vitiello,Petri,Liberal Democrats,240,False,Battersea Park,Wandsworth,E05014010,E09000032
Wandsworth,East Putney,2022-05-05,Ayres,Finna,Labour Party,2147,True,East Putney,Wandsworth,E05014011,E09000032
Wandsworth,East Putney,2022-05-05,Cooper,Graham,Green Party,702,False,East Putney,Wandsworth,E05014011,E09000032
Wandsworth,East Putney,2022-05-05,Crivelli,George,Local Conservatives,2144,True,East Putney,Wandsworth,E05014011,E09000032
Wandsworth,East Putney,2022-05-05,Doody,Eleanor,Liberal Democrats,672,False,East Putney,Wandsworth,E05014011,E09000032
Wandsworth,East Putney,2022-05-05,Flanagan,Eileen,Labour Party,1907,False,East Putney,Wandsworth,E05014011,E09000032
Wandsworth,East Putney,2022-05-05,Govindia,Ravi,Local Conservatives,2179,True,East Putney,Wandsworth,E05014011,E09000032
Wandsworth,East Putney,2022-05-05,Lejman,Mark,Liberal Democrats,391,False,East Putney,Wandsworth,E05014011,E09000032
Wandsworth,East Putney,2022-05-05,Olech,Susan,Labour Party,1727,False,East Putney,Wandsworth,E05014011,E09000032
Wandsworth,East Putney,2022-05-05,Price,Clive,Green Party,440,False,East Putney,Wandsworth,E05014011,E09000032
Wandsworth,East Putney,2022-05-05,Stephens,Michael,Local Conservatives,2047,False,East Putney,Wandsworth,E05014011,E09000032
Wandsworth,East Putney,2022-05-05,Williams,John,Liberal Democrats,396,False,East Putney,Wandsworth,E05014011,E09000032
Wandsworth,Falconbrook,2022-05-05,Hendry,Kim,Trade Unionist and Socialist Coalition,120,False,Falconbrook,Wandsworth,E05014012,E09000032
Wandsworth,Falconbrook,2022-05-05,Hogg,Simon,Labour Party,1603,True,Falconbrook,Wandsworth,E05014012,E09000032
Wandsworth,Falconbrook,2022-05-05,Mitchell,Andrew,Local Conservatives,607,False,Falconbrook,Wandsworth,E05014012,E09000032
Wandsworth,Falconbrook,2022-05-05,Rahman,Jasmine,Local Conservatives,557,False,Falconbrook,Wandsworth,E05014012,E09000032
Wandsworth,Falconbrook,2022-05-05,Stock,Kate,Labour Party,1607,True,Falconbrook,Wandsworth,E05014012,E09000032
Wandsworth,Furzedown,2022-05-05,Bracken,Andrew,Liberal Democrats,322,False,Furzedown,Wandsworth,E05014013,E09000032
Wandsworth,Furzedown,2022-05-05,Broadhurst,Robert,Local Conservatives,973,False,Furzedown,Wandsworth,E05014013,E09000032
Wandsworth,Furzedown,2022-05-05,Collins,Shaun,Green Party,936,False,Furzedown,Wandsworth,E05014013,E09000032
Wandsworth,Furzedown,2022-05-05,Cooper,Leonie,Labour Party,3232,True,Furzedown,Wandsworth,E05014013,E09000032
Wandsworth,Furzedown,2022-05-05,Ffrench,Katrina,Labour Party,2939,True,Furzedown,Wandsworth,E05014013,E09000032
Wandsworth,Furzedown,2022-05-05,Gasser [Gasser],Judi,Labour Party,2893,True,Furzedown,Wandsworth,E05014013,E09000032
Wandsworth,Furzedown,2022-05-05,Iliff,Jonathan,Local Conservatives,936,False,Furzedown,Wandsworth,E05014013,E09000032
Wandsworth,Furzedown,2022-05-05,Mathers,Thomas,Local Conservatives,935,False,Furzedown,Wandsworth,E05014013,E09000032
Wandsworth,Furzedown,2022-05-05,Murray,Clare,Liberal Democrats,288,False,Furzedown,Wandsworth,E05014013,E09000032
Wandsworth,Furzedown,2022-05-05,Pigott [Pigott],Sudi,Liberal Democrats,177,False,Furzedown,Wandsworth,E05014013,E09000032
Wandsworth,Lavender,2022-05-05,Cook,Jonathan,Local Conservatives,1495,True,Lavender,Wandsworth,E05014014,E09000032
Wandsworth,Lavender,2022-05-05,Linton,Martin,Labour Party,1298,False,Lavender,Wandsworth,E05014014,E09000032
Wandsworth,Lavender,2022-05-05,Pridham,Tom,Local Conservatives,1391,True,Lavender,Wandsworth,E05014014,E09000032
Wandsworth,Lavender,2022-05-05,Radcliffe,Mike,Liberal Democrats,268,False,Lavender,Wandsworth,E05014014,E09000032
Wandsworth,Lavender,2022-05-05,Richert,Cyril,Green Party,445,False,Lavender,Wandsworth,E05014014,E09000032
Wandsworth,Lavender,2022-05-05,Tate,Rebecca,Labour Party,1206,False,Lavender,Wandsworth,E05014014,E09000032
Wandsworth,Lavender,2022-05-05,Voyce,Jenny,Liberal Democrats,294,False,Lavender,Wandsworth,E05014014,E09000032
Wandsworth,Nine Elms,2022-05-05,Christian,Alexander,Labour Party,261,False,Nine Elms,Wandsworth,E05014015,E09000032
Wandsworth,Nine Elms,2022-05-05,Corner,Matthew,Local Conservatives,352,True,Nine Elms,Wandsworth,E05014015,E09000032
Wandsworth,Nine Elms,2022-05-05,Gitsham,Mark,Liberal Democrats,239,False,Nine Elms,Wandsworth,E05014015,E09000032
Wandsworth,Nine Elms,2022-05-05,Justin,Mark,Local Conservatives,328,True,Nine Elms,Wandsworth,E05014015,E09000032
Wandsworth,Nine Elms,2022-05-05,Macmillan,Andrew,Green Party,34,False,Nine Elms,Wandsworth,E05014015,E09000032
Wandsworth,Nine Elms,2022-05-05,Wixley,Sue,Liberal Democrats,212,False,Nine Elms,Wandsworth,E05014015,E09000032
Wandsworth,Nine Elms,2022-05-05,Younes,Maha,Labour Party,250,False,Nine Elms,Wandsworth,E05014015,E09000032
Wandsworth,Nine Elms,2022-05-05,Zeenny,Joanna,Green Party,41,False,Nine Elms,Wandsworth,E05014015,E09000032
Wandsworth,Northcote,2022-05-05,Morris,Ben,Liberal Democrats,544,False,Northcote,Wandsworth,E05014016,E09000032
Wandsworth,Northcote,2022-05-05,Owens,Emmeline,Local Conservatives,2244,True,Northcote,Wandsworth,E05014016,E09000032
Wandsworth,Northcote,2022-05-05,Richards-Jones,Aled,Local Conservatives,2168,True,Northcote,Wandsworth,E05014016,E09000032
Wandsworth,Northcote,2022-05-05,Taylor,Joe,Green Party,754,False,Northcote,Wandsworth,E05014016,E09000032
Wandsworth,Northcote,2022-05-05,Toone,James,Labour Party,1094,False,Northcote,Wandsworth,E05014016,E09000032
Wandsworth,Northcote,2022-05-05,Wintle,Emily,Labour Party,1377,False,Northcote,Wandsworth,E05014016,E09000032
Wandsworth,Roehampton,2022-05-05,Brown,Terence,Green Party,357,False,Roehampton,Wandsworth,E05014017,E09000032
Wandsworth,Roehampton,2022-05-05,Chapman,Ray,Local Conservatives,1183,False,Roehampton,Wandsworth,E05014017,E09000032
Wandsworth,Roehampton,2022-05-05,Compson,Henry,Liberal Democrats,351,False,Roehampton,Wandsworth,E05014017,E09000032
Wandsworth,Roehampton,2022-05-05,Cooper,Jane,Local Conservatives,1247,False,Roehampton,Wandsworth,E05014017,E09000032
Wandsworth,Roehampton,2022-05-05,Henderson,Graeme,Labour Party,1855,True,Roehampton,Wandsworth,E05014017,E09000032
Wandsworth,Roehampton,2022-05-05,Olayinka,Deji,Trade Unionist and Socialist Coalition,98,False,Roehampton,Wandsworth,E05014017,E09000032
Wandsworth,Roehampton,2022-05-05,Ossman,Deen,Local Conservatives,1154,False,Roehampton,Wandsworth,E05014017,E09000032
Wandsworth,Roehampton,2022-05-05,Palmer,Matthew,Green Party,307,False,Roehampton,Wandsworth,E05014017,E09000032
Wandsworth,Roehampton,2022-05-05,Speedy,Ben,Liberal Democrats,312,False,Roehampton,Wandsworth,E05014017,E09000032
Wandsworth,Roehampton,2022-05-05,Tiller,Matthew,Labour Party,1865,True,Roehampton,Wandsworth,E05014017,E09000032
Wandsworth,Roehampton,2022-05-05,Yates,Jenny,Labour Party,1909,True,Roehampton,Wandsworth,E05014017,E09000032
Wandsworth,Shaftesbury & Queenstown,2022-05-05,Clamp,Jonathan,Local Conservatives,1077,False,Shaftesbury & Queenstown,Wandsworth,E05014019,E09000032
Wandsworth,Shaftesbury & Queenstown,2022-05-05,Dikerdem,Aydin,Labour Party,1879,True,Shaftesbury & Queenstown,Wandsworth,E05014019,E09000032
Wandsworth,Shaftesbury & Queenstown,2022-05-05,Ellis,Max,Green Party,668,False,Shaftesbury & Queenstown,Wandsworth,E05014019,E09000032
Wandsworth,Shaftesbury & Queenstown,2022-05-05,Hanson,Marie,Local Conservatives,1090,False,Shaftesbury & Queenstown,Wandsworth,E05014019,E09000032
Wandsworth,Shaftesbury & Queenstown,2022-05-05,Kelsall,Keith,Local Conservatives,982,False,Shaftesbury & Queenstown,Wandsworth,E05014019,E09000032
Wandsworth,Shaftesbury & Queenstown,2022-05-05,Linton,Sara,Labour Party,1966,True,Shaftesbury & Queenstown,Wandsworth,E05014019,E09000032
Wandsworth,Shaftesbury & Queenstown,2022-05-05,Munro,James,Liberal Democrats,421,False,Shaftesbury & Queenstown,Wandsworth,E05014019,E09000032
Wandsworth,Shaftesbury & Queenstown,2022-05-05,Worrall,Stephen,Labour Party,1563,True,Shaftesbury & Queenstown,Wandsworth,E05014019,E09000032
Wandsworth,South Balham,2022-05-05,Fennelly,Arminel,Liberal Democrats,230,False,South Balham,Wandsworth,E05014020,E09000032
Wandsworth,South Balham,2022-05-05,Fraser,Clare,Labour Party,1850,True,South Balham,Wandsworth,E05014020,E09000032
Wandsworth,South Balham,2022-05-05,Lane,David,Liberal Democrats,175,False,South Balham,Wandsworth,E05014020,E09000032
Wandsworth,South Balham,2022-05-05,Marshall,Norman,Labour Party,1518,True,South Balham,Wandsworth,E05014020,E09000032
Wandsworth,South Balham,2022-05-05,Mytton,Tom,Local Conservatives,1425,False,South Balham,Wandsworth,E05014020,E09000032
Wandsworth,South Balham,2022-05-05,Toktas,Nabi,Local Conservatives,1271,False,South Balham,Wandsworth,E05014020,E09000032
Wandsworth,South Balham,2022-05-05,Vickery,Roy,Green Party,451,False,South Balham,Wandsworth,E05014020,E09000032
Wandsworth,Southfields,2022-05-05,Caddy,Kim,Local Conservatives,1853,True,Southfields,Wandsworth,E05014021,E09000032
Wandsworth,Southfields,2022-05-05,Durai-Bates,Pat,Liberal Democrats,375,False,Southfields,Wandsworth,E05014021,E09000032
Wandsworth,Southfields,2022-05-05,Fennell,Lee,Labour Party,1702,False,Southfields,Wandsworth,E05014021,E09000032
Wandsworth,Southfields,2022-05-05,Humphries,Guy,Local Conservatives,1763,True,Southfields,Wandsworth,E05014021,E09000032
Wandsworth,Southfields,2022-05-05,John,Pablo,Labour Party,1607,False,Southfields,Wandsworth,E05014021,E09000032
Wandsworth,Southfields,2022-05-05,McEntee,Fergal,Green Party,323,False,Southfields,Wandsworth,E05014021,E09000032
Wandsworth,Southfields,2022-05-05,Quaradeghini,Fabio,Liberal Democrats,261,False,Southfields,Wandsworth,E05014021,E09000032
Wandsworth,Southfields,2022-05-05,Redcliffe,Ingrid,Green Party,385,False,Southfields,Wandsworth,E05014021,E09000032
Wandsworth,St Mary's,2022-05-05,Brown,Byron,Green Party,465,False,St Mary's,Wandsworth,E05014018,E09000032
Wandsworth,St Mary's,2022-05-05,Colclough,Jamie,Labour Party,1880,True,St Mary's,Wandsworth,E05014018,E09000032
Wandsworth,St Mary's,2022-05-05,Curtis,Lu,Green Party,438,False,St Mary's,Wandsworth,E05014018,E09000032
Wandsworth,St Mary's,2022-05-05,De La Soujeole,Caroline,Local Conservatives,1700,True,St Mary's,Wandsworth,E05014018,E09000032
Wandsworth,St Mary's,2022-05-05,Evans,Zachary,Local Conservatives,1693,False,St Mary's,Wandsworth,E05014018,E09000032
Wandsworth,St Mary's,2022-05-05,Lee,Jessica,Labour Party,1914,True,St Mary's,Wandsworth,E05014018,E09000032
Wandsworth,St Mary's,2022-05-05,Morgan,Rhodri,Local Conservatives,1659,False,St Mary's,Wandsworth,E05014018,E09000032
Wandsworth,St Mary's,2022-05-05,Nicholls,Tudor,Liberal Democrats,348,False,St Mary's,Wandsworth,E05014018,E09000032
Wandsworth,St Mary's,2022-05-05,Stone,Michael,Labour Party,1690,False,St Mary's,Wandsworth,E05014018,E09000032
Wandsworth,Thamesfield,2022-05-05,Barton-Singer,Gabriel,Liberal Democrats,701,False,Thamesfield,Wandsworth,E05014022,E09000032
Wandsworth,Thamesfield,2022-05-05,Benton,Paul,Liberal Democrats,744,False,Thamesfield,Wandsworth,E05014022,E09000032
Wandsworth,Thamesfield,2022-05-05,Brooks,Ethan,Local Conservatives,2292,True,Thamesfield,Wandsworth,E05014022,E09000032
Wandsworth,Thamesfield,2022-05-05,Gibbons,Stephen,Labour Party,1762,False,Thamesfield,Wandsworth,E05014022,E09000032
Wandsworth,Thamesfield,2022-05-05,Grubb,Becky,Liberal Democrats,733,False,Thamesfield,Wandsworth,E05014022,E09000032
Wandsworth,Thamesfield,2022-05-05,Jeffreys,James,Local Conservatives,2221,True,Thamesfield,Wandsworth,E05014022,E09000032
Wandsworth,Thamesfield,2022-05-05,Killick,Emma,Green Party,556,False,Thamesfield,Wandsworth,E05014022,E09000032
Wandsworth,Thamesfield,2022-05-05,Locke,Chris,Labour Party,1768,False,Thamesfield,Wandsworth,E05014022,E09000032
Wandsworth,Thamesfield,2022-05-05,Locker,John,Local Conservatives,2212,True,Thamesfield,Wandsworth,E05014022,E09000032
Wandsworth,Thamesfield,2022-05-05,McCann,Diana,Green Party,526,False,Thamesfield,Wandsworth,E05014022,E09000032
Wandsworth,Thamesfield,2022-05-05,Robinson,Amanda,Labour Party,1763,False,Thamesfield,Wandsworth,E05014022,E09000032
Wandsworth,Thamesfield,2022-05-05,Staniaszek,Penny,Green Party,377,False,Thamesfield,Wandsworth,E05014022,E09000032
Wandsworth,Tooting Bec,2022-05-05,Boswell,Sheila,Labour Party,2787,True,Tooting Bec,Wandsworth,E05014023,E09000032
Wandsworth,Tooting Bec,2022-05-05,Critchard,Annamarie,Labour Party,2759,True,Tooting Bec,Wandsworth,E05014023,E09000032
Wandsworth,Tooting Bec,2022-05-05,Elliott,David,Liberal Democrats,268,False,Tooting Bec,Wandsworth,E05014023,E09000032
Wandsworth,Tooting Bec,2022-05-05,Fiorani,Lara,Liberal Democrats,400,False,Tooting Bec,Wandsworth,E05014023,E09000032
Wandsworth,Tooting Bec,2022-05-05,Jones,Steve,Green Party,536,False,Tooting Bec,Wandsworth,E05014023,E09000032
Wandsworth,Tooting Bec,2022-05-05,Megyesi,Mozes,Local Conservatives,1041,False,Tooting Bec,Wandsworth,E05014023,E09000032
Wandsworth,Tooting Bec,2022-05-05,Osborne,Lisa,Green Party,695,False,Tooting Bec,Wandsworth,E05014023,E09000032
Wandsworth,Tooting Bec,2022-05-05,Pautsch,Mike,Local Conservatives,1061,False,Tooting Bec,Wandsworth,E05014023,E09000032
Wandsworth,Tooting Bec,2022-05-05,Pindar,Maltby,Liberal Democrats,189,False,Tooting Bec,Wandsworth,E05014023,E09000032
Wandsworth,Tooting Bec,2022-05-05,Styles,Jonathan,Local Conservatives,1073,False,Tooting Bec,Wandsworth,E05014023,E09000032
Wandsworth,Tooting Bec,2022-05-05,White,Paul,Labour Party,2258,True,Tooting Bec,Wandsworth,E05014023,E09000032
Wandsworth,Tooting Broadway,2022-05-05,Akinola,Kemi,Labour Party,2762,True,Tooting Broadway,Wandsworth,E05014024,E09000032
Wandsworth,Tooting Broadway,2022-05-05,Bieniek,Stephen,Liberal Democrats,272,False,Tooting Broadway,Wandsworth,E05014024,E09000032
Wandsworth,Tooting Broadway,2022-05-05,Brent,Gerald,Local Conservatives,849,False,Tooting Broadway,Wandsworth,E05014024,E09000032
Wandsworth,Tooting Broadway,2022-05-05,Caddy,Neil,Local Conservatives,768,False,Tooting Broadway,Wandsworth,E05014024,E09000032
Wandsworth,Tooting Broadway,2022-05-05,Fitzhardinge Gueterbock,Tom,Green Party,680,False,Tooting Broadway,Wandsworth,E05014024,E09000032
Wandsworth,Tooting Broadway,2022-05-05,Forbes,Kate,Labour Party,2773,True,Tooting Broadway,Wandsworth,E05014024,E09000032
Wandsworth,Tooting Broadway,2022-05-05,Gibbons,Andy,Labour Party,2339,True,Tooting Broadway,Wandsworth,E05014024,E09000032
Wandsworth,Tooting Broadway,2022-05-05,McLoughlin,James,Local Conservatives,754,False,Tooting Broadway,Wandsworth,E05014024,E09000032
Wandsworth,Tooting Broadway,2022-05-05,Sharich,Simon,Liberal Democrats,195,False,Tooting Broadway,Wandsworth,E05014024,E09000032
Wandsworth,Tooting Broadway,2022-05-05,Tuttle,Catie,Liberal Democrats,277,False,Tooting Broadway,Wandsworth,E05014024,E09000032
Wandsworth,Trinity,2022-05-05,Anderson,Crawford,Local Conservatives,1672,False,Trinity,Wandsworth,E05014025,E09000032
Wandsworth,Trinity,2022-05-05,Botting,Kirsten,Local Conservatives,1680,False,Trinity,Wandsworth,E05014025,E09000032
Wandsworth,Trinity,2022-05-05,Dobres,Lizzy,Labour Party,2074,True,Trinity,Wandsworth,E05014025,E09000032
Wandsworth,Trinity,2022-05-05,Irwin,Jon,Liberal Democrats,387,False,Trinity,Wandsworth,E05014025,E09000032
Wandsworth,Trinity,2022-05-05,Mayorcas,Jack,Labour Party,1827,True,Trinity,Wandsworth,E05014025,E09000032
Wandsworth,Trinity,2022-05-05,Pasola,Ann,Green Party,407,False,Trinity,Wandsworth,E05014025,E09000032
Wandsworth,Trinity,2022-05-05,Tibbles,Paul,Liberal Democrats,369,False,Trinity,Wandsworth,E05014025,E09000032
Wandsworth,Wandle,2022-05-05,Almeida Goodwin,Márcia,Green Party,311,False,Wandle,Wandsworth,E05014026,E09000032
Wandsworth,Wandle,2022-05-05,Davies,Siôn,Local Conservatives,1456,False,Wandle,Wandsworth,E05014026,E09000032
Wandsworth,Wandle,2022-05-05,Flook,Adrian,Local Conservatives,1435,False,Wandle,Wandsworth,E05014026,E09000032
Wandsworth,Wandle,2022-05-05,Lyons,Duncan,Liberal Democrats,215,False,Wandle,Wandsworth,E05014026,E09000032
Wandsworth,Wandle,2022-05-05,Midlane,Stephen,Green Party,172,False,Wandle,Wandsworth,E05014026,E09000032
Wandsworth,Wandle,2022-05-05,Paul,Denise,Labour Party,1750,True,Wandle,Wandsworth,E05014026,E09000032
Wandsworth,Wandle,2022-05-05,Varatharaj,Sarmila,Labour Party,1668,True,Wandle,Wandsworth,E05014026,E09000032
Wandsworth,Wandsworth Common,2022-05-05,Arms,Eileen,Liberal Democrats,323,False,Wandsworth Common,Wandsworth,E05014027,E09000032
Wandsworth,Wandsworth Common,2022-05-05,Birchall,Rosemary,Local Conservatives,2560,True,Wandsworth Common,Wandsworth,E05014027,E09000032
Wandsworth,Wandsworth Common,2022-05-05,Goodwin,Glyn,Green Party,740,False,Wandsworth Common,Wandsworth,E05014027,E09000032
Wandsworth,Wandsworth Common,2022-05-05,Graham,Angela,Local Conservatives,2699,True,Wandsworth Common,Wandsworth,E05014027,E09000032
Wandsworth,Wandsworth Common,2022-05-05,Graham,Peter,Local Conservatives,2448,True,Wandsworth Common,Wandsworth,E05014027,E09000032
Wandsworth,Wandsworth Common,2022-05-05,Hogan,Daniel,Labour Party,1664,False,Wandsworth Common,Wandsworth,E05014027,E09000032
Wandsworth,Wandsworth Common,2022-05-05,Ogden,Caroline,Liberal Democrats,277,False,Wandsworth Common,Wandsworth,E05014027,E09000032
Wandsworth,Wandsworth Common,2022-05-05,Pollard,Thomas,Labour Party,1580,False,Wandsworth Common,Wandsworth,E05014027,E09000032
Wandsworth,Wandsworth Common,2022-05-05,Sharpe,Pat,Green Party,503,False,Wandsworth Common,Wandsworth,E05014027,E09000032
Wandsworth,Wandsworth Common,2022-05-05,Strathearn,Daniel,Green Party,543,False,Wandsworth Common,Wandsworth,E05014027,E09000032
Wandsworth,Wandsworth Common,2022-05-05,Thillainathan,Haren,Liberal Democrats,174,False,Wandsworth Common,Wandsworth,E05014027,E09000032
Wandsworth,Wandsworth Common,2022-05-05,Wilson,Rebecca,Labour Party,1766,False,Wandsworth Common,Wandsworth,E05014027,E09000032
Wandsworth,Wandsworth Town,2022-05-05,Couper,James,Green Party,623,False,Wandsworth Town,Wandsworth,E05014028,E09000032
Wandsworth,Wandsworth Town,2022-05-05,Davies,Sarah,Labour and Co-operative Party,2835,True,Wandsworth Town,Wandsworth,E05014028,E09000032
Wandsworth,Wandsworth Town,2022-05-05,Goenka,Rishi,Local Conservatives,2445,False,Wandsworth Town,Wandsworth,E05014028,E09000032
Wandsworth,Wandsworth Town,2022-05-05,Jafri,Sana,Labour and Co-operative Party,2618,True,Wandsworth Town,Wandsworth,E05014028,E09000032
Wandsworth,Wandsworth Town,2022-05-05,McCausland,Piers,Local Conservatives,2415,False,Wandsworth Town,Wandsworth,E05014028,E09000032
Wandsworth,Wandsworth Town,2022-05-05,Moreau,Penelope,Green Party,543,False,Wandsworth Town,Wandsworth,E05014028,E09000032
Wandsworth,Wandsworth Town,2022-05-05,Nicholas,Sam,Labour and Co-operative Party,2439,False,Wandsworth Town,Wandsworth,E05014028,E09000032
Wandsworth,Wandsworth Town,2022-05-05,Sweet,William,Local Conservatives,2472,True,Wandsworth Town,Wandsworth,E05014028,E09000032
Wandsworth,Wandsworth Town,2022-05-05,Warren,Patrick,Liberal Democrats,476,False,Wandsworth Town,Wandsworth,E05014028,E09000032
Wandsworth,West Hill,2022-05-05,Brown,Hugh,Liberal Democrats,305,False,West Hill,Wandsworth,E05014029,E09000032
Wandsworth,West Hill,2022-05-05,Downie,Douglas,Liberal Democrats,296,False,West Hill,Wandsworth,E05014029,E09000032
Wandsworth,West Hill,2022-05-05,Ghossain,Daniel,Local Conservatives,1621,True,West Hill,Wandsworth,E05014029,E09000032
Wandsworth,West Hill,2022-05-05,Grimston,Malcolm,Independent,3689,True,West Hill,Wandsworth,E05014029,E09000032
Wandsworth,West Hill,2022-05-05,Hinton,Andrew,Liberal Democrats,177,False,West Hill,Wandsworth,E05014029,E09000032
Wandsworth,West Hill,2022-05-05,Ireland,Angela,Labour Party,2221,True,West Hill,Wandsworth,E05014029,E09000032
Wandsworth,West Hill,2022-05-05,Murtas,Salvatore,Local Conservatives,1620,False,West Hill,Wandsworth,E05014029,E09000032
Wandsworth,West Hill,2022-05-05,Ravara,Flavio,Labour Party,1529,False,West Hill,Wandsworth,E05014029,E09000032
Wandsworth,West Hill,2022-05-05,Shearer,Daniel,Labour Party,1557,False,West Hill,Wandsworth,E05014029,E09000032
Wandsworth,West Hill,2022-05-05,Walsh [Walsh],Terry,Local Conservatives,1096,False,West Hill,Wandsworth,E05014029,E09000032
Wandsworth,West Hill,2022-05-05,Whiffin,Jason,Green Party,644,False,West Hill,Wandsworth,E05014029,E09000032
Wandsworth,West Putney,2022-05-05,Ambache,Jeremy,Labour Party,2676,True,West Putney,Wandsworth,E05014030,E09000032
Wandsworth,West Putney,2022-05-05,Amini,Tahira,Green Party,524,False,West Putney,Wandsworth,E05014030,E09000032
Wandsworth,West Putney,2022-05-05,Chidgey,Joanna,Liberal Democrats,515,False,West Putney,Wandsworth,E05014030,E09000032
Wandsworth,West Putney,2022-05-05,Estelle,Julie,Green Party,473,False,West Putney,Wandsworth,E05014030,E09000032
Wandsworth,West Putney,2022-05-05,Gilbert,Claire,Labour Party,2605,True,West Putney,Wandsworth,E05014030,E09000032
Wandsworth,West Putney,2022-05-05,Hart Dyke,Cait,Liberal Democrats,342,False,West Putney,Wandsworth,E05014030,E09000032
Wandsworth,West Putney,2022-05-05,Lewer,Ian,Local Conservatives,2409,False,West Putney,Wandsworth,E05014030,E09000032
Wandsworth,West Putney,2022-05-05,Loveland,Graham,Labour Party,2239,False,West Putney,Wandsworth,E05014030,E09000032
Wandsworth,West Putney,2022-05-05,Reid,Paddy,Local Conservatives,2519,False,West Putney,Wandsworth,E05014030,E09000032
Wandsworth,West Putney,2022-05-05,Sutters,Steffi,Local Conservatives,2534,True,West Putney,Wandsworth,E05014030,E09000032
Westminster,Abbey Road,2022-05-05,Dinu,Cristian,Green Party,311,False,Abbey Road,Westminster,E05013792,E09000033
Westminster,Abbey Road,2022-05-05,Evans,James,Labour Party,770,False,Abbey Road,Westminster,E05013792,E09000033
Westminster,Abbey Road,2022-05-05,Griffiths,Trish,Liberal Democrats,367,False,Abbey Road,Westminster,E05013792,E09000033
Westminster,Abbey Road,2022-05-05,Gunness,Christopher,Liberal Democrats,231,False,Abbey Road,Westminster,E05013792,E09000033
Westminster,Abbey Road,2022-05-05,Hanson,Sarah,Labour Party,803,False,Abbey Road,Westminster,E05013792,E09000033
Westminster,Abbey Road,2022-05-05,Langford,Amanda,Conservative Party,1241,True,Abbey Road,Westminster,E05013792,E09000033
Westminster,Abbey Road,2022-05-05,Mendoza,Alan,Conservative Party,1193,True,Abbey Road,Westminster,E05013792,E09000033
Westminster,Abbey Road,2022-05-05,Monshizadeh-Azar,Sheyda,Labour Party,702,False,Abbey Road,Westminster,E05013792,E09000033
Westminster,Abbey Road,2022-05-05,Sargent,Caroline,Conservative Party,1199,True,Abbey Road,Westminster,E05013792,E09000033
Westminster,Abbey Road,2022-05-05,Weisz,Seth,Liberal Democrats,204,False,Abbey Road,Westminster,E05013792,E09000033
Westminster,Bayswater,2022-05-05,Askew,Anna,Conservative Party,910,False,Bayswater,Westminster,E05013793,E09000033
Westminster,Bayswater,2022-05-05,Bott,Iain,Conservative Party,875,False,Bayswater,Westminster,E05013793,E09000033
Westminster,Bayswater,2022-05-05,Caizley,Scott,Liberal Democrats,276,False,Bayswater,Westminster,E05013793,E09000033
Westminster,Bayswater,2022-05-05,Carman,Maggie,Labour Party,1618,True,Bayswater,Westminster,E05013793,E09000033
Westminster,Bayswater,2022-05-05,Shelford,Henry,Conservative Party,792,False,Bayswater,Westminster,E05013793,E09000033
Westminster,Bayswater,2022-05-05,Small-Edwards,James,Labour Party,1476,True,Bayswater,Westminster,E05013793,E09000033
Westminster,Bayswater,2022-05-05,Smithard,Jane,Liberal Democrats,266,False,Bayswater,Westminster,E05013793,E09000033
Westminster,Bayswater,2022-05-05,Sullivan,Max,Labour Party,1481,True,Bayswater,Westminster,E05013793,E09000033
Westminster,Bayswater,2022-05-05,Ubilava,Nathalie,Liberal Democrats,219,False,Bayswater,Westminster,E05013793,E09000033
Westminster,Church Street,2022-05-05,Dunbar,William,Liberal Democrats,143,False,Church Street,Westminster,E05013794,E09000033
Westminster,Church Street,2022-05-05,Jagger,Rachael,Liberal Democrats,142,False,Church Street,Westminster,E05013794,E09000033
Westminster,Church Street,2022-05-05,Johal,Amarjeet,Conservative Party,318,False,Church Street,Westminster,E05013794,E09000033
Westminster,Church Street,2022-05-05,Kaseke,Blessings,Conservative Party,347,False,Church Street,Westminster,E05013794,E09000033
Westminster,Church Street,2022-05-05,Law,Jaime,Conservative Party,308,False,Church Street,Westminster,E05013794,E09000033
Westminster,Church Street,2022-05-05,Less,Aicha,Labour Party,1303,True,Church Street,Westminster,E05013794,E09000033
Westminster,Church Street,2022-05-05,Noble,Matt,Labour Party,1249,True,Church Street,Westminster,E05013794,E09000033
Westminster,Church Street,2022-05-05,Ryan,Patrick,Liberal Democrats,139,False,Church Street,Westminster,E05013794,E09000033
Westminster,Church Street,2022-05-05,Toki,Abdul,Labour Party,1219,True,Church Street,Westminster,E05013794,E09000033
Westminster,Harrow Road,2022-05-05,Albert,Concia,Labour Party,1492,True,Harrow Road,Westminster,E05013795,E09000033
Westminster,Harrow Road,2022-05-05,Baynes,Will,Liberal Democrats,219,False,Harrow Road,Westminster,E05013795,E09000033
Westminster,Harrow Road,2022-05-05,Bush,Ruth,Labour Party,1524,True,Harrow Road,Westminster,E05013795,E09000033
Westminster,Harrow Road,2022-05-05,Haynes,Tom,Conservative Party,362,False,Harrow Road,Westminster,E05013795,E09000033
Westminster,Harrow Road,2022-05-05,Lambert,Helen,Conservative Party,381,False,Harrow Road,Westminster,E05013795,E09000033
Westminster,Harrow Road,2022-05-05,Parr,Sam,Conservative Party,328,False,Harrow Road,Westminster,E05013795,E09000033
Westminster,Harrow Road,2022-05-05,Roca,Tim,Labour Party,1444,True,Harrow Road,Westminster,E05013795,E09000033
Westminster,Harrow Road,2022-05-05,Tabari,Sharan,Liberal Democrats,179,False,Harrow Road,Westminster,E05013795,E09000033
Westminster,Hyde Park,2022-05-05,Acton,Heather,Conservative Party,758,False,Hyde Park,Westminster,E05013796,E09000033
Westminster,Hyde Park,2022-05-05,Byrne,Andrew,Liberal Democrats,240,False,Hyde Park,Westminster,E05013796,E09000033
Westminster,Hyde Park,2022-05-05,Chowdhury,Md Shamsed,Labour Party,804,True,Hyde Park,Westminster,E05013796,E09000033
Westminster,Hyde Park,2022-05-05,Cox,Antonia,Conservative Party,709,False,Hyde Park,Westminster,E05013796,E09000033
Westminster,Hyde Park,2022-05-05,Dimoldenberg,Paul,Labour Party,780,True,Hyde Park,Westminster,E05013796,E09000033
Westminster,Hyde Park,2022-05-05,Nizar,Zaheed,Conservative Party,659,False,Hyde Park,Westminster,E05013796,E09000033
Westminster,Hyde Park,2022-05-05,Ryan,Sarah,Liberal Democrats,249,False,Hyde Park,Westminster,E05013796,E09000033
Westminster,Hyde Park,2022-05-05,Southern,Judith,Labour Party,774,True,Hyde Park,Westminster,E05013796,E09000033
Westminster,Hyde Park,2022-05-05,Yaghi,Raked,Liberal Democrats,165,False,Hyde Park,Westminster,E05013796,E09000033
Westminster,Knightsbridge & Belgravia,2022-05-05,Devenish,Tony,Conservative Party,1243,True,Knightsbridge & Belgravia,Westminster,E05013797,E09000033
Westminster,Knightsbridge & Belgravia,2022-05-05,Durnford-Slater,Rosamund,Liberal Democrats,349,False,Knightsbridge & Belgravia,Westminster,E05013797,E09000033
Westminster,Knightsbridge & Belgravia,2022-05-05,Hitchock,Elizabeth,Conservative Party,1263,True,Knightsbridge & Belgravia,Westminster,E05013797,E09000033
Westminster,Knightsbridge & Belgravia,2022-05-05,Horbury,Simon,Labour Party,486,False,Knightsbridge & Belgravia,Westminster,E05013797,E09000033
Westminster,Knightsbridge & Belgravia,2022-05-05,Mckie,Guthrie,Labour Party,430,False,Knightsbridge & Belgravia,Westminster,E05013797,E09000033
Westminster,Knightsbridge & Belgravia,2022-05-05,Pyatt,Richard,Liberal Democrats,280,False,Knightsbridge & Belgravia,Westminster,E05013797,E09000033
Westminster,Knightsbridge & Belgravia,2022-05-05,Robathan,Rachael,Conservative Party,1244,True,Knightsbridge & Belgravia,Westminster,E05013797,E09000033
Westminster,Knightsbridge & Belgravia,2022-05-05,Silverman,Andrew,Labour Party,438,False,Knightsbridge & Belgravia,Westminster,E05013797,E09000033
Westminster,Lancaster Gate,2022-05-05,Baring,Susan,Liberal Democrats,319,False,Lancaster Gate,Westminster,E05013798,E09000033
Westminster,Lancaster Gate,2022-05-05,Bright,Margot,Conservative Party,1051,False,Lancaster Gate,Westminster,E05013798,E09000033
Westminster,Lancaster Gate,2022-05-05,Dupuy,Laila,Conservative Party,1110,True,Lancaster Gate,Westminster,E05013798,E09000033
Westminster,Lancaster Gate,2022-05-05,Goodwin,Dario,Labour Party,1031,False,Lancaster Gate,Westminster,E05013798,E09000033
Westminster,Lancaster Gate,2022-05-05,Hughes,Kathy,Green Party,303,False,Lancaster Gate,Westminster,E05013798,E09000033
Westminster,Lancaster Gate,2022-05-05,Hurdis,Benjamin,Liberal Democrats,182,False,Lancaster Gate,Westminster,E05013798,E09000033
Westminster,Lancaster Gate,2022-05-05,Jude,Ryan,Labour Party,1053,True,Lancaster Gate,Westminster,E05013798,E09000033
Westminster,Lancaster Gate,2022-05-05,Ormsby,Ellie,Labour Party,1057,True,Lancaster Gate,Westminster,E05013798,E09000033
Westminster,Lancaster Gate,2022-05-05,Serero,Thierry,Liberal Democrats,159,False,Lancaster Gate,Westminster,E05013798,E09000033
Westminster,Lancaster Gate,2022-05-05,Stephenson-Oliver,Philip,Conservative Party,980,False,Lancaster Gate,Westminster,E05013798,E09000033
Westminster,Little Venice,2022-05-05,Alimoradian,Bahram,Liberal Democrats,161,False,Little Venice,Westminster,E05013799,E09000033
Westminster,Little Venice,2022-05-05,Caplan,Melvyn,Conservative Party,1136,True,Little Venice,Westminster,E05013799,E09000033
Westminster,Little Venice,2022-05-05,Dean,Lorraine,Conservative Party,1140,True,Little Venice,Westminster,E05013799,E09000033
Westminster,Little Venice,2022-05-05,Green,Matthew,Conservative Party,1088,False,Little Venice,Westminster,E05013799,E09000033
Westminster,Little Venice,2022-05-05,Hassan,Sara,Labour Party,1104,True,Little Venice,Westminster,E05013799,E09000033
Westminster,Little Venice,2022-05-05,Magnin,Marianne,Liberal Democrats,231,False,Little Venice,Westminster,E05013799,E09000033
Westminster,Little Venice,2022-05-05,Qureshi,Murad,Labour Party,1053,False,Little Venice,Westminster,E05013799,E09000033
Westminster,Little Venice,2022-05-05,Stokes,Timothy,Liberal Democrats,196,False,Little Venice,Westminster,E05013799,E09000033
Westminster,Little Venice,2022-05-05,Wrighting,Rosie,Labour Party,1071,False,Little Venice,Westminster,E05013799,E09000033
Westminster,Maida Vale,2022-05-05,Barraclough,Geoffrey,Labour Party,1590,True,Maida Vale,Westminster,E05013800,E09000033
Westminster,Maida Vale,2022-05-05,Butler-Thalassis,Nafsika,Labour Party,1531,True,Maida Vale,Westminster,E05013800,E09000033
Westminster,Maida Vale,2022-05-05,Janal,Mohammed,Conservative Party,719,False,Maida Vale,Westminster,E05013800,E09000033
Westminster,Maida Vale,2022-05-05,Less,Iman,Labour Party,1411,True,Maida Vale,Westminster,E05013800,E09000033
Westminster,Maida Vale,2022-05-05,Nisbet,James,Liberal Democrats,168,False,Maida Vale,Westminster,E05013800,E09000033
Westminster,Maida Vale,2022-05-05,Oteh,Iheoma,Conservative Party,689,False,Maida Vale,Westminster,E05013800,E09000033
Westminster,Maida Vale,2022-05-05,Prendergast,Jan,Conservative Party,833,False,Maida Vale,Westminster,E05013800,E09000033
Westminster,Maida Vale,2022-05-05,Sergaent,Harriet,Liberal Democrats,247,False,Maida Vale,Westminster,E05013800,E09000033
Westminster,Maida Vale,2022-05-05,Toeman,Peter,Liberal Democrats,139,False,Maida Vale,Westminster,E05013800,E09000033
Westminster,Marylebone,2022-05-05,Arzymanow,Barbara,Conservative Party,1154,True,Marylebone,Westminster,E05013801,E09000033
Westminster,Marylebone,2022-05-05,Barr,Alistair,Liberal Democrats,866,False,Marylebone,Westminster,E05013801,E09000033
Westminster,Marylebone,2022-05-05,Botsford,Elizabeth,Liberal Democrats,785,False,Marylebone,Westminster,E05013801,E09000033
Westminster,Marylebone,2022-05-05,Broadey,Jo,Labour Party,581,False,Marylebone,Westminster,E05013801,E09000033
Westminster,Marylebone,2022-05-05,Johnston,Barbara,Labour Party,583,False,Marylebone,Westminster,E05013801,E09000033
Westminster,Marylebone,2022-05-05,Lord,Michael,Labour Party,546,False,Marylebone,Westminster,E05013801,E09000033
Westminster,Marylebone,2022-05-05,Poser,Freddie,Liberal Democrats,645,False,Marylebone,Westminster,E05013801,E09000033
Westminster,Marylebone,2022-05-05,Rowley,Ian,Conservative Party,1186,True,Marylebone,Westminster,E05013801,E09000033
Westminster,Marylebone,2022-05-05,Scarborough,Karen,Conservative Party,1146,True,Marylebone,Westminster,E05013801,E09000033
Westminster,Pimlico North,2022-05-05,Coleman,Tony,Liberal Democrats,478,False,Pimlico North,Westminster,E05013802,E09000033
Westminster,Pimlico North,2022-05-05,Glen,Jim,Conservative Party Candidate,1327,True,Pimlico North,Westminster,E05013802,E09000033
Westminster,Pimlico North,2022-05-05,Heap,Sir Peter,Labour Party,1021,False,Pimlico North,Westminster,E05013802,E09000033
Westminster,Pimlico North,2022-05-05,Heasman,Paul,Labour Party,1024,False,Pimlico North,Westminster,E05013802,E09000033
Westminster,Pimlico North,2022-05-05,Pitt Ford,Ed,Conservative Party Candidate,1263,True,Pimlico North,Westminster,E05013802,E09000033
Westminster,Pimlico North,2022-05-05,Robinson,Eric,Labour Party,881,False,Pimlico North,Westminster,E05013802,E09000033
Westminster,Pimlico North,2022-05-05,Service,Sophie,Liberal Democrats,382,False,Pimlico North,Westminster,E05013802,E09000033
Westminster,Pimlico North,2022-05-05,Wilkinson,Jacqui,Conservative Party Candidate,1366,True,Pimlico North,Westminster,E05013802,E09000033
Westminster,Pimlico South,2022-05-05,Aggarwal,Vikas,Liberal Democrats,207,False,Pimlico South,Westminster,E05013803,E09000033
Westminster,Pimlico South,2022-05-05,Begum,Liza,Labour Party,1516,True,Pimlico South,Westminster,E05013803,E09000033
Westminster,Pimlico South,2022-05-05,Conary,Greg,Conservative Party,1252,False,Pimlico South,Westminster,E05013803,E09000033
Westminster,Pimlico South,2022-05-05,Eagleton,Robert,Labour Party,1426,True,Pimlico South,Westminster,E05013803,E09000033
Westminster,Pimlico South,2022-05-05,Gassanly,Murad,Conservative Party,1268,False,Pimlico South,Westminster,E05013803,E09000033
Westminster,Pimlico South,2022-05-05,Hegazi,Omar,Liberal Democrats,216,False,Pimlico South,Westminster,E05013803,E09000033
Westminster,Pimlico South,2022-05-05,Poole,Daniel,Liberal Democrats,252,False,Pimlico South,Westminster,E05013803,E09000033
Westminster,Pimlico South,2022-05-05,Spencer,James,Conservative Party,1271,False,Pimlico South,Westminster,E05013803,E09000033
Westminster,Pimlico South,2022-05-05,Williams,Jason,Labour Party,1350,True,Pimlico South,Westminster,E05013803,E09000033
Westminster,Queen's Park,2022-05-05,Dykstra-McCarthy,Jack,Liberal Democrats,143,False,Queen's Park,Westminster,E05013804,E09000033
Westminster,Queen's Park,2022-05-05,Galley,Hannah,Conservative Party Candidate,380,False,Queen's Park,Westminster,E05013804,E09000033
Westminster,Queen's Park,2022-05-05,Hopkinson,Bota,Conservative Party Candidate,315,False,Queen's Park,Westminster,E05013804,E09000033
Westminster,Queen's Park,2022-05-05,McAllister,Patricia,Labour Party,1691,True,Queen's Park,Westminster,E05013804,E09000033
Westminster,Queen's Park,2022-05-05,Ralph Sergaent,Emma,Conservative Party Candidate,334,False,Queen's Park,Westminster,E05013804,E09000033
Westminster,Queen's Park,2022-05-05,Sanquest,Cara,Labour Party,1568,True,Queen's Park,Westminster,E05013804,E09000033
Westminster,Queen's Park,2022-05-05,Taouzzale,Hamza,Labour Party,1523,True,Queen's Park,Westminster,E05013804,E09000033
Westminster,Queen's Park,2022-05-05,Toeman,Helen,Liberal Democrats,189,False,Queen's Park,Westminster,E05013804,E09000033
Westminster,Queen's Park,2022-05-05,Tschawow,Kati,Liberal Democrats,113,False,Queen's Park,Westminster,E05013804,E09000033
Westminster,Regent's Park,2022-05-05,Haque,Md Azizul,Labour Party,696,False,Regent's Park,Westminster,E05013805,E09000033
Westminster,Regent's Park,2022-05-05,Kerle,Kathryn,Liberal Democrats,308,False,Regent's Park,Westminster,E05013805,E09000033
Westminster,Regent's Park,2022-05-05,Lichtenstein,Viven,Green Party,316,False,Regent's Park,Westminster,E05013805,E09000033
Westminster,Regent's Park,2022-05-05,Oteh-Osoka,Ralu,Conservative Party,1059,True,Regent's Park,Westminster,E05013805,E09000033
Westminster,Regent's Park,2022-05-05,Richardson,Kian,Labour Party,685,False,Regent's Park,Westminster,E05013805,E09000033
Westminster,Regent's Park,2022-05-05,Rigby,Robert,Conservative Party,1140,True,Regent's Park,Westminster,E05013805,E09000033
Westminster,Regent's Park,2022-05-05,Rowe,Martin,Liberal Democrats,204,False,Regent's Park,Westminster,E05013805,E09000033
Westminster,Regent's Park,2022-05-05,Sims,Julian,Liberal Democrats,179,False,Regent's Park,Westminster,E05013805,E09000033
Westminster,Regent's Park,2022-05-05,Swaddle,Paul,Conservative Party,1097,True,Regent's Park,Westminster,E05013805,E09000033
Westminster,Regent's Park,2022-05-05,Whittam,Connor,Labour Party,653,False,Regent's Park,Westminster,E05013805,E09000033
Westminster,St James's,2022-05-05,Ahearne,Michael,Liberal Democrats,295,False,St James's,Westminster,E05013806,E09000033
Westminster,St James's,2022-05-05,Darbin,Karina,Labour Party,789,False,St James's,Westminster,E05013806,E09000033
Westminster,St James's,2022-05-05,Diggory,Paul,Liberal Democrats,281,False,St James's,Westminster,E05013806,E09000033
Westminster,St James's,2022-05-05,Hyams,Louise,Conservative Party,979,True,St James's,Westminster,E05013806,E09000033
Westminster,St James's,2022-05-05,Medforth,Nigel,Labour Party,700,False,St James's,Westminster,E05013806,E09000033
Westminster,St James's,2022-05-05,Mitchell,Tim,Conservative Party,965,True,St James's,Westminster,E05013806,E09000033
Westminster,St James's,2022-05-05,Shearer,Mark,Conservative Party,954,True,St James's,Westminster,E05013806,E09000033
Westminster,St James's,2022-05-05,Spence,Paul,Labour Party,701,False,St James's,Westminster,E05013806,E09000033
Westminster,St James's,2022-05-05,Wells,Alice,Liberal Democrats,249,False,St James's,Westminster,E05013806,E09000033
Westminster,Vincent Square,2022-05-05,Arrindell,Gillian,Labour Party,1324,True,Vincent Square,Westminster,E05013807,E09000033
Westminster,Vincent Square,2022-05-05,Gonshaw,Francesca,Liberal Democrats,371,False,Vincent Square,Westminster,E05013807,E09000033
Westminster,Vincent Square,2022-05-05,Harvey,David,Conservative Party,1377,True,Vincent Square,Westminster,E05013807,E09000033
Westminster,Vincent Square,2022-05-05,Hayes,Martin,Conservative Party,1297,False,Vincent Square,Westminster,E05013807,E09000033
Westminster,Vincent Square,2022-05-05,Kerle,Phillip,Liberal Democrats,271,False,Vincent Square,Westminster,E05013807,E09000033
Westminster,Vincent Square,2022-05-05,Parton,David,Labour Party,1232,False,Vincent Square,Westminster,E05013807,E09000033
Westminster,Vincent Square,2022-05-05,Paskaralingam,Ananthi,Labour Party,1155,False,Vincent Square,Westminster,E05013807,E09000033
Westminster,Vincent Square,2022-05-05,Short,Selina,Conservative Party,1305,True,Vincent Square,Westminster,E05013807,E09000033
Westminster,Vincent Square,2022-05-05,Wood,Richard,Liberal Democrats,269,False,Vincent Square,Westminster,E05013807,E09000033
Westminster,West End,2022-05-05,Barnes,Tim,Conservative Party,961,False,West End,Westminster,E05013808,E09000033
Westminster,West End,2022-05-05,Coelho,George,Liberal Democrats,207,False,West End,Westminster,E05013808,E09000033
Westminster,West End,2022-05-05,Fisher,Paul,Labour Party,1158,True,West End,Westminster,E05013808,E09000033
Westminster,West End,2022-05-05,Lilley,Patrick,Labour Party,1111,True,West End,Westminster,E05013808,E09000033
Westminster,West End,2022-05-05,Murphy,Eoghain,Conservative Party,913,False,West End,Westminster,E05013808,E09000033
Westminster,West End,2022-05-05,Redmond,Julie,Conservative Party,923,False,West End,Westminster,E05013808,E09000033
Westminster,West End,2022-05-05,Taylor,Sophie,Liberal Democrats,264,False,West End,Westminster,E05013808,E09000033
Westminster,West End,2022-05-05,Toale,Jessica,Labour Party,1111,True,West End,Westminster,E05013808,E09000033
Westminster,West End,2022-05-05,Weisz,Jonah,Liberal Democrats,158,False,West End,Westminster,E05013808,E09000033
Westminster,Westbourne,2022-05-05,Berry,Jack,Conservative Party,341,False,Westbourne,Westminster,E05013809,E09000033
Westminster,Westbourne,2022-05-05,Boothroyd,David,Labour Party,1277,True,Westbourne,Westminster,E05013809,E09000033
Westminster,Westbourne,2022-05-05,Coomes,Alastair,Liberal Democrats,118,False,Westbourne,Westminster,E05013809,E09000033
Westminster,Westbourne,2022-05-05,Davies,Thomas,Conservative Party,300,False,Westbourne,Westminster,E05013809,E09000033
Westminster,Westbourne,2022-05-05,Dharamsey,Abby-Jan,Independent,124,False,Westbourne,Westminster,E05013809,E09000033
Westminster,Westbourne,2022-05-05,Hug,Adam,Labour Party,1193,True,Westbourne,Westminster,E05013809,E09000033
Westminster,Westbourne,2022-05-05,Milles,Selina,Liberal Democrats,149,False,Westbourne,Westminster,E05013809,E09000033
Westminster,Westbourne,2022-05-05,Parry,Louise,Conservative Party,318,False,Westbourne,Westminster,E05013809,E09000033
Westminster,Westbourne,2022-05-05,Piddock,Angela,Labour Party,1206,True,Westbourne,Westminster,E05013809,E09000033
Westminster,Westbourne,2022-05-05,Wright,Joe,Liberal Democrats,84,False,Westbourne,Westminster,E05013809,E09000033
Kensington & Chelsea,Abingdon,2022-05-05,ADDENBROOKE,Sarah Ann Louise,Conservative,1019,True,Abingdon,Kensington & Chelsea,E05009388,E09000020
Kensington & Chelsea,Abingdon,2022-05-05,CYRON,Anne Barbara,Conservative,964,True,Abingdon,Kensington & Chelsea,E05009388,E09000020
Kensington & Chelsea,Abingdon,2022-05-05,GOOD,Jeremy,Liberal Democrats,335,False,Abingdon,Kensington & Chelsea,E05009388,E09000020
Kensington & Chelsea,Abingdon,2022-05-05,GREGORY,Manju,Labour,374,False,Abingdon,Kensington & Chelsea,E05009388,E09000020
Kensington & Chelsea,Abingdon,2022-05-05,HUSBAND,James Alexander,Conservative,915,True,Abingdon,Kensington & Chelsea,E05009388,E09000020
Kensington & Chelsea,Abingdon,2022-05-05,KOSTA,Peter,Liberal Democrats,279,False,Abingdon,Kensington & Chelsea,E05009388,E09000020
Kensington & Chelsea,Abingdon,2022-05-05,LARI,Nasrin,Labour,342,False,Abingdon,Kensington & Chelsea,E05009388,E09000020
Kensington & Chelsea,Abingdon,2022-05-05,OWEN,Jonathan Robert,Liberal Democrats,330,False,Abingdon,Kensington & Chelsea,E05009388,E09000020
Kensington & Chelsea,Abingdon,2022-05-05,RISTIC,Bora,Labour,335,False,Abingdon,Kensington & Chelsea,E05009388,E09000020
Kensington & Chelsea,Brompton and Hans Town,2022-05-05,CAMERON,Ewen Angus,Liberal Democrats,261,False,Brompton & Hans Town,Kensington & Chelsea,E05009389,E09000020
Kensington & Chelsea,Brompton and Hans Town,2022-05-05,CAMPOLO,Maurizio,Liberal Democrats,266,False,Brompton & Hans Town,Kensington & Chelsea,E05009389,E09000020
Kensington & Chelsea,Brompton and Hans Town,2022-05-05,CHERON,Karl-Eric,Labour,266,False,Brompton & Hans Town,Kensington & Chelsea,E05009389,E09000020
Kensington & Chelsea,Brompton and Hans Town,2022-05-05,IDRIS,Walaa,Conservative,1044,True,Brompton & Hans Town,Kensington & Chelsea,E05009389,E09000020
Kensington & Chelsea,Brompton and Hans Town,2022-05-05,KEARNEY,Marian Patricia,Labour,279,False,Brompton & Hans Town,Kensington & Chelsea,E05009389,E09000020
Kensington & Chelsea,Brompton and Hans Town,2022-05-05,MCVEIGH,Sof,Conservative,1040,True,Brompton & Hans Town,Kensington & Chelsea,E05009389,E09000020
Kensington & Chelsea,Brompton and Hans Town,2022-05-05,PRESTON,Monica,Labour,267,False,Brompton & Hans Town,Kensington & Chelsea,E05009389,E09000020
Kensington & Chelsea,Brompton and Hans Town,2022-05-05,WEALE,Mary Caroline,Conservative,1032,True,Brompton & Hans Town,Kensington & Chelsea,E05009389,E09000020
Kensington & Chelsea,Brompton and Hans Town,2022-05-05,BROWNE,"Robert, WOODTHORPE",Liberal Democrats,225,False,Brompton & Hans Town,Kensington & Chelsea,E05009389,E09000020
Kensington & Chelsea,Campden,2022-05-05,CARRIZOSA,Juan Francisco,Liberal Democrats,343,False,Campden,Kensington & Chelsea,E05009390,E09000020
Kensington & Chelsea,Campden,2022-05-05,COPLANS,Christopher Michael,Liberal Democrats,292,False,Campden,Kensington & Chelsea,E05009390,E09000020
Kensington & Chelsea,Campden,2022-05-05,DOUGLAS-HOME,Luke Cospatrick,Green,294,False,Campden,Kensington & Chelsea,E05009390,E09000020
Kensington & Chelsea,Campden,2022-05-05,FAULKS,Catherine Francis,Conservative,1122,True,Campden,Kensington & Chelsea,E05009390,E09000020
Kensington & Chelsea,Campden,2022-05-05,HUDD,"Preety Manhar, Pancholi",Conservative,1026,True,Campden,Kensington & Chelsea,E05009390,E09000020
Kensington & Chelsea,Campden,2022-05-05,MCDONALD,Margaret,Labour,417,False,Campden,Kensington & Chelsea,E05009390,E09000020
Kensington & Chelsea,Campden,2022-05-05,NORTH,Lloyd Lewis,Conservative,995,True,Campden,Kensington & Chelsea,E05009390,E09000020
Kensington & Chelsea,Campden,2022-05-05,RUTHVEN,Heathcote,Labour,365,False,Campden,Kensington & Chelsea,E05009390,E09000020
Kensington & Chelsea,Campden,2022-05-05,VAUGHAN,Tabatha Batra,Labour,333,False,Campden,Kensington & Chelsea,E05009390,E09000020
Kensington & Chelsea,Campden,2022-05-05,WADE,Elizabeth,Liberal Democrats,341,False,Campden,Kensington & Chelsea,E05009390,E09000020
Kensington & Chelsea,Chelsea Riverside,2022-05-05,BURNS,Laura Suzanne,Conservative,1007,True,Chelsea Riverside,Kensington & Chelsea,E05009391,E09000020
Kensington & Chelsea,Chelsea Riverside,2022-05-05,CHERON,Cihan,Labour,722,False,Chelsea Riverside,Kensington & Chelsea,E05009391,E09000020
Kensington & Chelsea,Chelsea Riverside,2022-05-05,COELHO,Mike,Labour,805,False,Chelsea Riverside,Kensington & Chelsea,E05009391,E09000020
Kensington & Chelsea,Chelsea Riverside,2022-05-05,HARGREAVES,Gerard Neil,Conservative,941,True,Chelsea Riverside,Kensington & Chelsea,E05009391,E09000020
Kensington & Chelsea,Chelsea Riverside,2022-05-05,SCHWARTZ,Margo Ellen,Liberal Democrats,643,False,Chelsea Riverside,Kensington & Chelsea,E05009391,E09000020
Kensington & Chelsea,Chelsea Riverside,2022-05-05,THOMAS,Jake Oakley,Labour,779,False,Chelsea Riverside,Kensington & Chelsea,E05009391,E09000020
Kensington & Chelsea,Chelsea Riverside,2022-05-05,ZVEDENIUK,Sonia Elizabeth,Conservative,923,True,Chelsea Riverside,Kensington & Chelsea,E05009391,E09000020
Kensington & Chelsea,Colville,2022-05-05,BAKHTIAR,Mohammed,Labour,1091,True,Colville,Kensington & Chelsea,E05009392,E09000020
Kensington & Chelsea,Colville,2022-05-05,BENTON,Toby James,Labour,1108,True,Colville,Kensington & Chelsea,E05009392,E09000020
Kensington & Chelsea,Colville,2022-05-05,GREENFIELD,Roni,Conservative,453,False,Colville,Kensington & Chelsea,E05009392,E09000020
Kensington & Chelsea,Colville,2022-05-05,ISSE,Dahabo Haji,Labour,1014,True,Colville,Kensington & Chelsea,E05009392,E09000020
Kensington & Chelsea,Colville,2022-05-05,LINES,Ellie Jane,Conservative,458,False,Colville,Kensington & Chelsea,E05009392,E09000020
Kensington & Chelsea,Colville,2022-05-05,LIPTON,Jules Adrian,Liberal Democrats,257,False,Colville,Kensington & Chelsea,E05009392,E09000020
Kensington & Chelsea,Colville,2022-05-05,MAYERS,Josie,Liberal Democrats,298,False,Colville,Kensington & Chelsea,E05009392,E09000020
Kensington & Chelsea,Colville,2022-05-05,NOWAK,Alex,Liberal Democrats,226,False,Colville,Kensington & Chelsea,E05009392,E09000020
Kensington & Chelsea,Colville,2022-05-05,WALSH,Becky,Conservative,441,False,Colville,Kensington & Chelsea,E05009392,E09000020
Kensington & Chelsea,Courtfield,2022-05-05,BRILL,"Marius David, Gregory",Labour,270,False,Courtfield,Kensington & Chelsea,E05009393,E09000020
Kensington & Chelsea,Courtfield,2022-05-05,EVANS,"Janet Kanarek, Kollek",Conservative,1068,True,Courtfield,Kensington & Chelsea,E05009393,E09000020
Kensington & Chelsea,Courtfield,2022-05-05,GIMPEL,Rene Patrick,Labour,270,False,Courtfield,Kensington & Chelsea,E05009393,E09000020
Kensington & Chelsea,Courtfield,2022-05-05,GOLDFINGER,Marc Harris,Liberal Democrats,740,False,Courtfield,Kensington & Chelsea,E05009393,E09000020
Kensington & Chelsea,Courtfield,2022-05-05,HAMMOND,"Gregory Brett, Theron",Conservative,1037,True,Courtfield,Kensington & Chelsea,E05009393,E09000020
Kensington & Chelsea,Courtfield,2022-05-05,KARA,Fatima,Labour,282,False,Courtfield,Kensington & Chelsea,E05009393,E09000020
Kensington & Chelsea,Courtfield,2022-05-05,MARSHALL,Quentin Noel John,Conservative,947,True,Courtfield,Kensington & Chelsea,E05009393,E09000020
Kensington & Chelsea,Dalgarno,2022-05-05,ALI,Kasim Mohamed,Labour,867,True,Dalgarno,Kensington & Chelsea,E05009394,E09000020
Kensington & Chelsea,Dalgarno,2022-05-05,JEDUT,Eva,Labour,837,True,Dalgarno,Kensington & Chelsea,E05009394,E09000020
Kensington & Chelsea,Dalgarno,2022-05-05,KARPINSKI,"Theodore Andrew, Francis",Conservative,316,False,Dalgarno,Kensington & Chelsea,E05009394,E09000020
Kensington & Chelsea,Dalgarno,2022-05-05,PATTERSON,Delores,Independent,158,False,Dalgarno,Kensington & Chelsea,E05009394,E09000020
Kensington & Chelsea,Dalgarno,2022-05-05,TATTON-BROWN,Alexandra Mary,Liberal Democrats,159,False,Dalgarno,Kensington & Chelsea,E05009394,E09000020
Kensington & Chelsea,Dalgarno,2022-05-05,VATISH,Anjulika,Conservative,276,False,Dalgarno,Kensington & Chelsea,E05009394,E09000020
Kensington & Chelsea,Dalgarno,2022-05-05,WILLIAMS,Philip Arundell,Independent,155,False,Dalgarno,Kensington & Chelsea,E05009394,E09000020
Kensington & Chelsea,Earl's Court,2022-05-05,ADOURIAN,Hamish,Conservative,705,True,Earl's Court,Kensington & Chelsea,E05009395,E09000020
Kensington & Chelsea,Earl's Court,2022-05-05,CHAUHAN,Max,Conservative,608,False,Earl's Court,Kensington & Chelsea,E05009395,E09000020
Kensington & Chelsea,Earl's Court,2022-05-05,DIANTANTOU,Bruno,Labour,415,False,Earl's Court,Kensington & Chelsea,E05009395,E09000020
Kensington & Chelsea,Earl's Court,2022-05-05,NOBLET,"Christophe Richard, Guy",Liberal Democrats,699,False,Earl's Court,Kensington & Chelsea,E05009395,E09000020
Kensington & Chelsea,Earl's Court,2022-05-05,PETIT,Stéphanie Claire,Conservative,674,False,Earl's Court,Kensington & Chelsea,E05009395,E09000020
Kensington & Chelsea,Earl's Court,2022-05-05,ROZENA,Sharda,Labour,398,False,Earl's Court,Kensington & Chelsea,E05009395,E09000020
Kensington & Chelsea,Earl's Court,2022-05-05,SCHAEFER,Erwin,Green,209,False,Earl's Court,Kensington & Chelsea,E05009395,E09000020
Kensington & Chelsea,Earl's Court,2022-05-05,VERBOVEN,Tim,Liberal Democrats,757,True,Earl's Court,Kensington & Chelsea,E05009395,E09000020
Kensington & Chelsea,Earl's Court,2022-05-05,WADE,Linda Anne,Liberal Democrats,1048,True,Earl's Court,Kensington & Chelsea,E05009395,E09000020
Kensington & Chelsea,Earl's Court,2022-05-05,WINTER,John,Labour,386,False,Earl's Court,Kensington & Chelsea,E05009395,E09000020
Kensington & Chelsea,Golborne,2022-05-05,ACKA,"Elizabeth Meralle, Helen",Conservative,297,False,Golborne,Kensington & Chelsea,E05009396,E09000020
Kensington & Chelsea,Golborne,2022-05-05,ADAM,Mona Abdulla Ishag,Labour,1036,True,Golborne,Kensington & Chelsea,E05009396,E09000020
Kensington & Chelsea,Golborne,2022-05-05,LARI,Sina,Labour,1005,True,Golborne,Kensington & Chelsea,E05009396,E09000020
Kensington & Chelsea,Golborne,2022-05-05,MCGUIRK,Sheila,Liberal Democrats,160,False,Golborne,Kensington & Chelsea,E05009396,E09000020
Kensington & Chelsea,Golborne,2022-05-05,NUR,Abdullahi,Labour,950,True,Golborne,Kensington & Chelsea,E05009396,E09000020
Kensington & Chelsea,Golborne,2022-05-05,PARKER,Margaret Louise,Conservative,278,False,Golborne,Kensington & Chelsea,E05009396,E09000020
Kensington & Chelsea,Golborne,2022-05-05,SOMERS,William Anthony,Liberal Democrats,133,False,Golborne,Kensington & Chelsea,E05009396,E09000020
Kensington & Chelsea,Golborne,2022-05-05,WALSH,"Gabriel Alexander, Michael",Conservative,259,False,Golborne,Kensington & Chelsea,E05009396,E09000020
Kensington & Chelsea,Holland,2022-05-05,ARETI,Aarien Uday Om,Conservative,993,True,Holland,Kensington & Chelsea,E05009397,E09000020
Kensington & Chelsea,Holland,2022-05-05,BATRA,Samantha,Labour,731,False,Holland,Kensington & Chelsea,E05009397,E09000020
Kensington & Chelsea,Holland,2022-05-05,KNIGHT,Lucy,Conservative,1049,True,Holland,Kensington & Chelsea,E05009397,E09000020
Kensington & Chelsea,Holland,2022-05-05,LALOR,Hugh Robin Erlend,Liberal Democrats,241,False,Holland,Kensington & Chelsea,E05009397,E09000020
Kensington & Chelsea,Holland,2022-05-05,LANDIN,Axel John,Labour,650,False,Holland,Kensington & Chelsea,E05009397,E09000020
Kensington & Chelsea,Holland,2022-05-05,MCBRIDE,"Nathaniel John, William",Labour,654,False,Holland,Kensington & Chelsea,E05009397,E09000020
Kensington & Chelsea,Holland,2022-05-05,MCNAMARA,"Noel William, Anthony",Liberal Democrats,241,False,Holland,Kensington & Chelsea,E05009397,E09000020
Kensington & Chelsea,Holland,2022-05-05,RUPF,Leopold Felix,Liberal Democrats,189,False,Holland,Kensington & Chelsea,E05009397,E09000020
Kensington & Chelsea,Holland,2022-05-05,THALASSITES,Johnny,Conservative,1019,True,Holland,Kensington & Chelsea,E05009397,E09000020
Kensington & Chelsea,Norland,2022-05-05,FOX,Tom,Liberal Democrats,162,False,Norland,Kensington & Chelsea,E05009398,E09000020
Kensington & Chelsea,Norland,2022-05-05,FRENZEL,Fabian,Green,338,False,Norland,Kensington & Chelsea,E05009398,E09000020
Kensington & Chelsea,Norland,2022-05-05,GEORGIEVSKI,Angela Victoria,Green,299,False,Norland,Kensington & Chelsea,E05009398,E09000020
Kensington & Chelsea,Norland,2022-05-05,GIROUARD,Blanche,Liberal Democrats,157,False,Norland,Kensington & Chelsea,E05009398,E09000020
Kensington & Chelsea,Norland,2022-05-05,GRAHAM,Stuart Charles,Conservative,738,True,Norland,Kensington & Chelsea,E05009398,E09000020
Kensington & Chelsea,Norland,2022-05-05,LINDSAY,David Charles,Conservative,787,True,Norland,Kensington & Chelsea,E05009398,E09000020
Kensington & Chelsea,Norland,2022-05-05,PARNELL,Sylvia,Labour,355,False,Norland,Kensington & Chelsea,E05009398,E09000020
Kensington & Chelsea,Norland,2022-05-05,SHAW,Bernard,Labour,289,False,Norland,Kensington & Chelsea,E05009398,E09000020
Kensington & Chelsea,Notting Dale,2022-05-05,AHMED,Mona Kamal,Labour,1180,True,Notting Dale,Kensington & Chelsea,E05009399,E09000020
Kensington & Chelsea,Notting Dale,2022-05-05,CHENERY,Philip Oliver Lucian,Liberal Democrats,191,False,Notting Dale,Kensington & Chelsea,E05009399,E09000020
Kensington & Chelsea,Notting Dale,2022-05-05,ELNAGHI,Marwan,Labour,1162,True,Notting Dale,Kensington & Chelsea,E05009399,E09000020
Kensington & Chelsea,Notting Dale,2022-05-05,KAMALADASAN,Sasi Kumar,Conservative,300,False,Notting Dale,Kensington & Chelsea,E05009399,E09000020
Kensington & Chelsea,Notting Dale,2022-05-05,KANAVALAU,Yury,Liberal Democrats,125,False,Notting Dale,Kensington & Chelsea,E05009399,E09000020
Kensington & Chelsea,Notting Dale,2022-05-05,MALIK,Mehreen,Conservative,314,False,Notting Dale,Kensington & Chelsea,E05009399,E09000020
Kensington & Chelsea,Notting Dale,2022-05-05,SALAMONE,Filippo,Conservative,319,False,Notting Dale,Kensington & Chelsea,E05009399,E09000020
Kensington & Chelsea,Notting Dale,2022-05-05,SIMMONS,Claire Louise,Labour,1200,True,Notting Dale,Kensington & Chelsea,E05009399,E09000020
Kensington & Chelsea,Notting Dale,2022-05-05,SOMERS,Rosemary,Liberal Democrats,197,False,Notting Dale,Kensington & Chelsea,E05009399,E09000020
Kensington & Chelsea,Pembridge,2022-05-05,DANIELS,Jonathan Richard,Labour,386,False,Pembridge,Kensington & Chelsea,E05009400,E09000020
Kensington & Chelsea,Pembridge,2022-05-05,DODGSHON,Sam,Liberal Democrats,448,False,Pembridge,Kensington & Chelsea,E05009400,E09000020
Kensington & Chelsea,Pembridge,2022-05-05,GARDNER,Joanna Mary,Conservative,609,True,Pembridge,Kensington & Chelsea,E05009400,E09000020
Kensington & Chelsea,Pembridge,2022-05-05,KELLY,Lorna Annie,Labour,393,False,Pembridge,Kensington & Chelsea,E05009400,E09000020
Kensington & Chelsea,Pembridge,2022-05-05,SCHMETTERLING,Dori Alexander,Conservative,560,True,Pembridge,Kensington & Chelsea,E05009400,E09000020
Kensington & Chelsea,Queen's Gate,2022-05-05,BAQUICHE,"Blaise Maxime, Pascal",Liberal Democrats,548,False,Queen's Gate,Kensington & Chelsea,E05009401,E09000020
Kensington & Chelsea,Queen's Gate,2022-05-05,LANE,Will,Conservative,955,True,Queen's Gate,Kensington & Chelsea,E05009401,E09000020
Kensington & Chelsea,Queen's Gate,2022-05-05,MACKOVER,Sam,Conservative,942,True,Queen's Gate,Kensington & Chelsea,E05009401,E09000020
Kensington & Chelsea,Queen's Gate,2022-05-05,MUHAMUD,Hassan,Labour,252,False,Queen's Gate,Kensington & Chelsea,E05009401,E09000020
Kensington & Chelsea,Queen's Gate,2022-05-05,ROBINSON,Lenore Yvonne,Labour,331,False,Queen's Gate,Kensington & Chelsea,E05009401,E09000020
Kensington & Chelsea,Queen's Gate,2022-05-05,THOMAS,Tim Glyn,Labour,260,False,Queen's Gate,Kensington & Chelsea,E05009401,E09000020
Kensington & Chelsea,Queen's Gate,2022-05-05,WEEDEN-SANZ,Roberto,Conservative,966,True,Queen's Gate,Kensington & Chelsea,E05009401,E09000020
Kensington & Chelsea,Redcliffe,2022-05-05,BARROW,"Otto Paul Felix, Freyberg",Labour,407,False,Redcliffe,Kensington & Chelsea,E05009402,E09000020
Kensington & Chelsea,Redcliffe,2022-05-05,BENNETT,Tom,Conservative,1038,True,Redcliffe,Kensington & Chelsea,E05009402,E09000020
Kensington & Chelsea,Redcliffe,2022-05-05,BURFORD,J-F,Liberal Democrats,634,False,Redcliffe,Kensington & Chelsea,E05009402,E09000020
Kensington & Chelsea,Redcliffe,2022-05-05,CORBETT,Anne,Labour,494,False,Redcliffe,Kensington & Chelsea,E05009402,E09000020
Kensington & Chelsea,Redcliffe,2022-05-05,GEE,Alfie,Labour,364,False,Redcliffe,Kensington & Chelsea,E05009402,E09000020
Kensington & Chelsea,Redcliffe,2022-05-05,ROSSI,Marie-Therese Anne,Conservative,973,True,Redcliffe,Kensington & Chelsea,E05009402,E09000020
Kensington & Chelsea,Redcliffe,2022-05-05,YANKSON,Sidney,Conservative,883,True,Redcliffe,Kensington & Chelsea,E05009402,E09000020
Kensington & Chelsea,Royal Hospital,2022-05-05,CAMPBELL,Elizabeth Jennifer,Conservative,1387,True,Royal Hospital,Kensington & Chelsea,E05009403,E09000020
Kensington & Chelsea,Royal Hospital,2022-05-05,WILL,Emma Wingfield,Conservative,1309,True,Royal Hospital,Kensington & Chelsea,E05009403,E09000020
Kensington & Chelsea,Royal Hospital,2022-05-05,KEMAHLI,Cem Campbell,Conservative,1261,True,Royal Hospital,Kensington & Chelsea,E05009403,E09000020
Kensington & Chelsea,Royal Hospital,2022-05-05,GOODLIFFE,Jean Findlay,Liberal Democrats,326,False,Royal Hospital,Kensington & Chelsea,E05009403,E09000020
Kensington & Chelsea,Royal Hospital,2022-05-05,POCOCK,Penny,Liberal Democrats,315,False,Royal Hospital,Kensington & Chelsea,E05009403,E09000020
Kensington & Chelsea,Royal Hospital,2022-05-05,KEAR,David,Labour,307,False,Royal Hospital,Kensington & Chelsea,E05009403,E09000020
Kensington & Chelsea,Royal Hospital,2022-05-05,MASON,Pat,Labour,283,False,Royal Hospital,Kensington & Chelsea,E05009403,E09000020
Kensington & Chelsea,Royal Hospital,2022-05-05,SAMADI,Soushian,Labour,281,False,Royal Hospital,Kensington & Chelsea,E05009403,E09000020
Kensington & Chelsea,Royal Hospital,2022-05-05,GOODLIFFE,"Theodore James, Maitland",Liberal Democrats,265,False,Royal Hospital,Kensington & Chelsea,E05009403,E09000020
Kensington & Chelsea,St Helen's,2022-05-05,DENT COAD,Emma,Labour & Co-op,811,True,St Helen's,Kensington & Chelsea,E05009404,E09000020
Kensington & Chelsea,St Helen's,2022-05-05,THAXTER,Portia Aretha,Labour & Co-op,739,True,St Helen's,Kensington & Chelsea,E05009404,E09000020
Kensington & Chelsea,St Helen's,2022-05-05,BOUHADDOU,Miloud,Conservative,522,False,St Helen's,Kensington & Chelsea,E05009404,E09000020
Kensington & Chelsea,St Helen's,2022-05-05,WOODGER,Maxwell Louis,Conservative,521,False,St Helen's,Kensington & Chelsea,E05009404,E09000020
Kensington & Chelsea,St Helen's,2022-05-05,MCLOUGHLIN,Carmel Bridget,Liberal Democrats,167,False,St Helen's,Kensington & Chelsea,E05009404,E09000020
Kensington & Chelsea,St Helen's,2022-05-05,AL-NABAHANI,Jibril Leite,Liberal Democrats,118,False,St Helen's,Kensington & Chelsea,E05009404,E09000020
Kensington & Chelsea,St Helen's,2022-05-05,ALLISON,Eve,Independent,77,False,St Helen's,Kensington & Chelsea,E05009404,E09000020
Kensington & Chelsea,Stanley,2022-05-05,TAYLOR-SMITH,Kim David Spencer,Conservative,1031,True,Stanley,Kensington & Chelsea,E05009405,E09000020
Kensington & Chelsea,Stanley,2022-05-05,RENDALL,Josh,Conservative,1027,True,Stanley,Kensington & Chelsea,E05009405,E09000020
Kensington & Chelsea,Stanley,2022-05-05,PASCALL,William Blaise,Conservative,1005,True,Stanley,Kensington & Chelsea,E05009405,E09000020
Kensington & Chelsea,Stanley,2022-05-05,GARNER,Leon,Labour,465,False,Stanley,Kensington & Chelsea,E05009405,E09000020
Kensington & Chelsea,Stanley,2022-05-05,MARCONELL,Helena,Liberal Democrats,402,False,Stanley,Kensington & Chelsea,E05009405,E09000020
Kensington & Chelsea,Stanley,2022-05-05,BUKHARI,"Peerzada Syed Ilyas, Ahmed",Labour,391,False,Stanley,Kensington & Chelsea,E05009405,E09000020
Kensington & Chelsea,Stanley,2022-05-05,MALIN,Abdulmajid,Labour,373,False,Stanley,Kensington & Chelsea,E05009405,E09000020
Kensington & Chelsea,Stanley,2022-05-05,BUERA,Jose,Liberal Democrats,312,False,Stanley,Kensington & Chelsea,E05009405,E09000020
Kensington & Chelsea,Stanley,2022-05-05,MICHEL,Carl Heinrich,Liberal Democrats,307,False,Stanley,Kensington & Chelsea,E05009405,E09000020
