Council,Ward Name,Councillor Name,Next Election,Party Name,Electoral Commission Party Code
Barking and Dagenham,Abbey,Manzoor Hussain,2030-05-02,Labour Party,PP53
Barking and Dagenham,Abbey,Regina Rahman,2030-05-02,Labour Party,PP53
Barking and Dagenham,Alibon,Dorothy Akwaboah,2030-05-02,Labour Party,PP53
Barking and Dagenham,Alibon,Muazzam Sandhu,2030-05-02,Labour Party,PP53
Barking and Dagenham,Barking Riverside,Josie Channer,2030-05-02,Labour Party,PP53
Barking and Dagenham,Barking Riverside,Cameron Geddes,2030-05-02,Labour Party,PP53
Barking and Dagenham,Barking Riverside,Marion Hull,2030-05-02,Labour Party,PP53
Barking and Dagenham,Beam,Muhib Chowdhury,2030-05-02,Labour Party,PP53
Barking and Dagenham,Beam,Donna Lumsden,2030-05-02,Labour Party,PP53
Barking and Dagenham,Beam,Glen Spoor,2030-05-02,Labour Party,PP53
Barking and Dagenham,Becontree,Edna Fergus,2030-05-02,Labour Party,PP53
Barking and Dagenham,Becontree,Muhammad Saleem,2030-05-02,Labour Party,PP53
Barking and Dagenham,Chadwell Heath,Sade Bright,2030-05-02,Labour Party,PP53
Barking and Dagenham,Chadwell Heath,Simon Perry,2030-05-02,Labour Party,PP53
Barking and Dagenham,Chadwell Heath,Michel Pongo,2030-05-02,Labour Party,PP53
Barking and Dagenham,Eastbrook & Rush Green,Ron Emin,2030-05-02,Reform UK,PP7931
Barking and Dagenham,Eastbrook & Rush Green,Ben Suter,2030-05-02,Reform UK,PP7931
Barking and Dagenham,Eastbury,Mohammed Khan,2030-05-02,Labour Party,PP53
Barking and Dagenham,Eastbury,Dominic Twomey,2030-05-02,Labour Party,PP53
Barking and Dagenham,Eastbury,Maureen Worby,2030-05-02,Labour Party,PP53
Barking and Dagenham,Gascoigne,Moin Quadri,2030-05-02,Green Party (E&W),PP63
Barking and Dagenham,Gascoigne,Nazrul Kazi,2030-05-02,Green Party (E&W),PP63
Barking and Dagenham,Gascoigne,Alison Cormack,2030-05-02,Labour Party,PP53
Barking and Dagenham,Goresbrook,George Miller,2030-05-02,Reform UK,PP7931
Barking and Dagenham,Goresbrook,Caleb Van Ryneveld,2030-05-02,Reform UK,PP7931
Barking and Dagenham,Goresbrook,Manjeet Nandra,2030-05-02,Reform UK,PP7931
Barking and Dagenham,Heath,Ingrid Robinson,2030-05-02,Labour Party,PP53
Barking and Dagenham,Heath,Harriet Spoor,2030-05-02,Labour Party,PP53
Barking and Dagenham,Longbridge,Faruk Choudhury,2030-05-02,Green Party (E&W),PP63
Barking and Dagenham,Longbridge,Rocky Gill,2030-05-02,Labour Party,PP53
Barking and Dagenham,Longbridge,Mashkura Mazid,2030-05-02,Green Party (E&W),PP63
Barking and Dagenham,Mayesbrook,Shamsul Azam,2030-05-02,Labour Party,PP53
Barking and Dagenham,Mayesbrook,Kashif Haroon,2030-05-02,Labour Party,PP53
Barking and Dagenham,Mayesbrook,Faiza Noreen,2030-05-02,Labour Party,PP53
Barking and Dagenham,Northbury,Saima Ashraf,2030-05-02,Labour Party,PP53
Barking and Dagenham,Northbury,Giasuddin Miah,2030-05-02,Labour Party,PP53
Barking and Dagenham,Northbury,Summya Sohaib,2030-05-02,Labour Party,PP53
Barking and Dagenham,Parsloes,Billy Edmunds,2030-05-02,Reform UK,PP7931
Barking and Dagenham,Parsloes,Alexandra Arnautu,2030-05-02,Reform UK,PP7931
Barking and Dagenham,Parsloes,Ripon Sheikh,2030-05-02,Reform UK,PP7931
Barking and Dagenham,Thames View,Sabbir Zamee,2030-05-02,Labour Party,PP53
Barking and Dagenham,Thames View,Lucy Lee,2030-05-02,Labour Party,PP53
Barking and Dagenham,Valence,Syed Ghani,2030-05-02,Labour Party,PP53
Barking and Dagenham,Valence,Jane Jones,2030-05-02,Labour Party,PP53
Barking and Dagenham,Valence,Kim Barti,2030-05-02,Reform UK,PP7931
Barking and Dagenham,Village,Ajanta Roy,2030-05-02,Labour Party,PP53
Barking and Dagenham,Village,Phil Waker,2030-05-02,Labour Party,PP53
Barking and Dagenham,Village,Julia Williams,2030-05-02,Labour Party,PP53
Barking and Dagenham,Whalebone,Rubina Siddiqui,2030-05-02,Labour Party,PP53
Barking and Dagenham,Whalebone,Andrew Achilleos,2030-05-02,Labour Party,PP53
Barking and Dagenham,Whalebone,Mukhtar Yusuf,2030-05-02,Labour Party,PP53
Barnet,Barnet Vale,Sue Baker,2030-05-02,Labour Party,PP53
Barnet,Barnet Vale,David Longstaff,2030-05-02,Conservative and Unionist,PP52
Barnet,Barnet Vale,Richard Barnes,2030-05-02,Labour Party,PP53
Barnet,Brunswick Park,Lewis Preston-Kyrionymou,2030-05-02,Conservative and Unionist,PP52
Barnet,Brunswick Park,Paul Roberts,2030-05-02,Conservative and Unionist,PP52
Barnet,Brunswick Park,Suren Ramanakumar,2030-05-02,Conservative and Unionist,PP52
Barnet,Burnt Oak,Sara Conway,2030-05-02,Labour Party,PP53
Barnet,Burnt Oak,Charlotte Daus,2030-05-02,Labour Party,PP53
Barnet,Burnt Oak,Kamal Gurung,2030-05-02,Labour Party,PP53
Barnet,Childs Hill,Jeremy Conway,2030-05-02,Conservative and Unionist,PP52
Barnet,Childs Hill,Adam Gheasuddin,2030-05-02,Conservative and Unionist,PP52
Barnet,Childs Hill,Cory Turner,2030-05-02,Conservative and Unionist,PP52
Barnet,Colindale North,Andreas Ioannidis,2030-05-02,Labour Party,PP53
Barnet,Colindale North,Erin Sanders-McDonagh,2030-05-02,Labour Party,PP53
Barnet,Colindale South,Humayune Khalick,2030-05-02,Labour Party,PP53
Barnet,Colindale South,Gill Sargeant,2030-05-02,Labour Party,PP53
Barnet,Colindale South,Nagus Narenthira,2030-05-02,Labour Party,PP53
Barnet,Cricklewood,Anne Clarke,2030-05-02,Labour Party,PP53
Barnet,Cricklewood,Alan Schneiderman,2030-05-02,Labour Party,PP53
Barnet,East Barnet,Simon Radford,2030-05-02,Labour Party,PP53
Barnet,East Barnet,David Allen,2030-05-02,Conservative and Unionist,PP52
Barnet,East Barnet,Philip Cohen,2030-05-02,Labour Party,PP53
Barnet,East Finchley,Alison Moore,2030-05-02,Labour Party,PP53
Barnet,East Finchley,Katy Minshall,2030-05-02,Labour Party,PP53
Barnet,East Finchley,Ajith Menon,2030-05-02,Labour Party,PP53
Barnet,Edgware,Shuey Gordon,2030-05-02,Conservative and Unionist,PP52
Barnet,Edgware,Nick Mearing-Smith,2030-05-02,Conservative and Unionist,PP52
Barnet,Edgware,Lucy Wakeley,2030-05-02,Conservative and Unionist,PP52
Barnet,Edgwarebury,Benjamin Goldberg,2030-05-02,Conservative and Unionist,PP52
Barnet,Edgwarebury,Lachhya Gurung,2030-05-02,Conservative and Unionist,PP52
Barnet,Finchley Church End,Jennifer Grocock,2030-05-02,Conservative and Unionist,PP52
Barnet,Finchley Church End,Josh Mastin-Lee,2030-05-02,Conservative and Unionist,PP52
Barnet,Finchley Church End,Sachin Rajput,2030-05-02,Conservative and Unionist,PP52
Barnet,Friern Barnet,Pauline Webb,2030-05-02,Labour Party,PP53
Barnet,Friern Barnet,Beverley Kotey,2030-05-02,Labour Party,PP53
Barnet,Friern Barnet,Barry Rawlings,2030-05-02,Labour Party,PP53
Barnet,Garden Suburb,Martha Levy,2030-05-02,Conservative and Unionist,PP52
Barnet,Garden Suburb,Michael Mire,2030-05-02,Conservative and Unionist,PP52
Barnet,Golders Green,Dean Cohen,2030-05-02,Conservative and Unionist,PP52
Barnet,Golders Green,Peter Zinkin,2030-05-02,Conservative and Unionist,PP52
Barnet,Hendon,Asher Bennett,2030-05-02,Conservative and Unionist,PP52
Barnet,Hendon,Alex Prager,2030-05-02,Conservative and Unionist,PP52
Barnet,Hendon,Shimon Ryde,2030-05-02,Conservative and Unionist,PP52
Barnet,High Barnet,James Esses,2030-05-02,Conservative and Unionist,PP52
Barnet,High Barnet,Emma Whysall,2030-05-02,Labour Party,PP53
Barnet,Mill Hill,Elliot Simberg,2030-05-02,Conservative and Unionist,PP52
Barnet,Mill Hill,Nicole Ereira,2030-05-02,Conservative and Unionist,PP52
Barnet,Mill Hill,Raffy Lachter,2030-05-02,Conservative and Unionist,PP52
Barnet,Totteridge & Woodside,Alison Cornelius,2030-05-02,Conservative and Unionist,PP52
Barnet,Totteridge & Woodside,Caroline Stock,2030-05-02,Conservative and Unionist,PP52
Barnet,Totteridge & Woodside,Richard Cornelius,2030-05-02,Conservative and Unionist,PP52
Barnet,Underhill,Zahra Beg,2030-05-02,Labour Party,PP53
Barnet,Underhill,Josh Tapper,2030-05-02,Labour Party,PP53
Barnet,West Finchley,Ross Houston,2030-05-02,Labour Party,PP53
Barnet,West Finchley,Kath McGuirk,2030-05-02,Labour Party,PP53
Barnet,West Finchley,Danny Rich,2030-05-02,Labour Party,PP53
Barnet,West Hendon,Andrea Bilbow,2030-05-02,Labour Party,PP53
Barnet,West Hendon,Rishikesh Chakraborty,2030-05-02,Labour Party,PP53
Barnet,West Hendon,Carrie Reiners,2030-05-02,Labour Party,PP53
Barnet,Whetstone,Ezra Cohen,2030-05-02,Labour Party,PP53
Barnet,Whetstone,Stephen Lewis,2030-05-02,Conservative and Unionist,PP52
Barnet,Woodhouse,Charli Thompson,2030-05-02,Green Party (E&W),PP63
Barnet,Woodhouse,Anne Hutton,2030-05-02,Labour Party,PP53
Bexley,Barnehurst,Michael Gillespie,2030-05-02,Conservative and Unionist,PP52
Bexley,Barnehurst,Howard Jackson,2030-05-02,Conservative and Unionist,PP52
Bexley,Belvedere,Jeremy Fosten,2030-05-02,Labour Party,PP53
Bexley,Belvedere,Christopher Calvert,2030-05-02,Reform UK,PP7931
Bexley,Belvedere,Sally Hinkley,2030-05-02,Labour Party,PP53
Bexley,Bexleyheath,Hannah Gillespie,2030-05-02,Conservative and Unionist,PP52
Bexley,Bexleyheath,Bola Carew,2030-05-02,Conservative and Unionist,PP52
Bexley,Bexleyheath,Rags Sandhu,2030-05-02,Conservative and Unionist,PP52
Bexley,Blackfen & Lamorbey,Brian Bishop,2030-05-02,Conservative and Unionist,PP52
Bexley,Blackfen & Lamorbey,Peter Craske,2030-05-02,Conservative and Unionist,PP52
Bexley,Blackfen & Lamorbey,Frazer Brooks,2030-05-02,Conservative and Unionist,PP52
Bexley,Blendon & Penhill,David Leaf,2030-05-02,Conservative and Unionist,PP52
Bexley,Blendon & Penhill,Cafer Munur,2030-05-02,Conservative and Unionist,PP52
Bexley,Blendon & Penhill,Nick O'Hare,2030-05-02,Conservative and Unionist,PP52
Bexley,Crayford,Sandra Cerisola,2030-05-02,Reform UK,PP7931
Bexley,Crayford,Debbie Ryan,2030-05-02,Reform UK,PP7931
Bexley,Crayford,Oke Ene,2030-05-02,Reform UK,PP7931
Bexley,Crook Log,Chris Taylor,2030-05-02,Conservative and Unionist,PP52
Bexley,Crook Log,Graham D'Amiral,2030-05-02,Conservative and Unionist,PP52
Bexley,Crook Log,Janice Ward-Wilson,2030-05-02,Conservative and Unionist,PP52
Bexley,East Wickham,Steven Hall,2030-05-02,Conservative and Unionist,PP52
Bexley,East Wickham,Caroline Newton,2030-05-02,Conservative and Unionist,PP52
Bexley,East Wickham,David Li,2030-05-02,Conservative and Unionist,PP52
Bexley,Erith,Nicola Taylor,2030-05-02,Labour Party,PP53
Bexley,Erith,Chris Ball,2030-05-02,Labour Party,PP53
Bexley,Falconwood & Welling,Christine Catterall,2030-05-02,Conservative and Unionist,PP52
Bexley,Falconwood & Welling,Dave Curtois,2030-05-02,Conservative and Unionist,PP52
Bexley,Falconwood & Welling,Barry Saunders,2030-05-02,Conservative and Unionist,PP52
Bexley,Longlands,Oscar Harrison,2030-05-02,Conservative and Unionist,PP52
Bexley,Longlands,Lisa-Jane Moore,2030-05-02,Conservative and Unionist,PP52
Bexley,Northumberland Heath,Sean Brackstone,2030-05-02,Reform UK,PP7931
Bexley,Northumberland Heath,Chris Purfield,2030-05-02,Reform UK,PP7931
Bexley,Sidcup,Terry Barcock,2030-05-02,Conservative and Unionist,PP52
Bexley,Sidcup,June Slaughter,2030-05-02,Conservative and Unionist,PP52
Bexley,Sidcup,Andrew Curtois,2030-05-02,Conservative and Unionist,PP52
Bexley,Slade Green & Northend,Stefano Borella,2030-05-02,Labour Party,PP53
Bexley,Slade Green & Northend,Donna Briant,2030-05-02,Labour Party,PP53
Bexley,St Mary's & St James,Kurtis Christoforides,2030-05-02,Conservative and Unionist,PP52
Bexley,St Mary's & St James,Cameron Smith,2030-05-02,Conservative and Unionist,PP52
Bexley,Thamesmead East,Zainab Asunramu,2030-05-02,Labour Party,PP53
Bexley,Thamesmead East,Larry Ferguson,2030-05-02,Labour Party,PP53
Bexley,Thamesmead East,Abi Johnson,2030-05-02,Labour Party,PP53
Bexley,West Heath,Thomas Clapperton,2030-05-02,Conservative and Unionist,PP52
Bexley,West Heath,Eliot Smith,2030-05-02,Conservative and Unionist,PP52
Bexley,West Heath,Sue Ford,2030-05-02,Reform UK,PP7931
Brent,Alperton,Krishna Chauhan,2030-05-02,Liberal Democrats,PP90
Brent,Alperton,Anton Georgiou,2030-05-02,Liberal Democrats,PP90
Brent,Alperton,Charlie Clinton,2030-05-02,Liberal Democrats,PP90
Brent,Barnhill,Rhoda Ibrahim,2030-05-02,Labour Party,PP53
Brent,Barnhill,Robert Johnson,2030-05-02,Labour Party,PP53
Brent,Brondesbury Park,Ryan Hack,2030-05-02,Labour Party,PP53
Brent,Brondesbury Park,Tashi Thomas,2030-05-02,Labour Party,PP53
Brent,Cricklewood & Mapesbury,Tariq Dar,2030-05-02,Labour Party,PP53
Brent,Cricklewood & Mapesbury,Gwen Grahl,2030-05-02,Labour Party,PP53
Brent,Dollis Hill,Parvez Ahmed,2030-05-02,Labour Party,PP53
Brent,Dollis Hill,Liz Dixon,2030-05-02,Labour Party,PP53
Brent,Dollis Hill,Arshad Mahmood,2030-05-02,Labour Party,PP53
Brent,Harlesden & Kensal Green,Tina Amadi,2030-05-02,Labour Party,PP53
Brent,Harlesden & Kensal Green,Amandine Alexandre,2030-05-02,Green Party (E&W),PP63
Brent,Harlesden & Kensal Green,Matt Kelcher,2030-05-02,Labour Party,PP53
Brent,Kenton,Suresh Kansagra,2030-05-02,Conservative and Unionist,PP52
Brent,Kenton,Anup Patel,2030-05-02,Conservative and Unionist,PP52
Brent,Kenton,Sai Madabhushi,2030-05-02,Conservative and Unionist,PP52
Brent,Kilburn,Suzanne Gallagher,2030-05-02,Green Party (E&W),PP63
Brent,Kilburn,Stephen Malonga,2030-05-02,Green Party (E&W),PP63
Brent,Kilburn,Paul Ryan,2030-05-02,Green Party (E&W),PP63
Brent,Kingsbury,Saqib Butt,2030-05-02,Labour Party,PP53
Brent,Kingsbury,Jasbinder Bajwa,2030-05-02,Labour Party,PP53
Brent,Northwick Park,Keith Perrin,2030-05-02,Green Party (E&W),PP63
Brent,Northwick Park,Nisha Vakani,2030-05-02,Green Party (E&W),PP63
Brent,Preston,Harshadbhai Patel,2030-05-02,Conservative and Unionist,PP52
Brent,Preston,Michael Maurice,2030-05-02,Conservative and Unionist,PP52
Brent,Queens Park,Deborah Unger,2030-05-02,Liberal Democrats,PP90
Brent,Queens Park,Fiona Mulaisho,2030-05-02,Liberal Democrats,PP90
Brent,Queens Park,Barbara Want,2030-05-02,Liberal Democrats,PP90
Brent,Queensbury,Kanta Mistry,2030-05-02,Conservative and Unionist,PP52
Brent,Queensbury,Jayanti Patel,2030-05-02,Conservative and Unionist,PP52
Brent,Queensbury,Manoj Mishra,2030-05-02,Conservative and Unionist,PP52
Brent,Roundwood,Samiah Anderson,2030-05-02,Labour Party,PP53
Brent,Roundwood,Fleur Donnelly-Jackson,2030-05-02,Labour Party,PP53
Brent,Roundwood,Jake Rubin,2030-05-02,Labour Party,PP53
Brent,Stonebridge,Abdi Aden,2030-05-02,Labour Party,PP53
Brent,Stonebridge,Promise Knight,2030-05-02,Labour Party,PP53
Brent,Stonebridge,Trevor Blackman,2030-05-02,Labour Party,PP53
Brent,Sudbury,Paul Lorber,2030-05-02,Liberal Democrats,PP90
Brent,Sudbury,Nirmala Patel,2030-05-02,Liberal Democrats,PP90
Brent,Tokyngton,Muhammed Butt,2030-05-02,Labour Party,PP53
Brent,Tokyngton,Shamim Chowdhury,2030-05-02,Conservative and Unionist,PP52
Brent,Welsh Harp,Amer Agha,2030-05-02,Labour Party,PP53
Brent,Welsh Harp,Sapna Chadha,2030-05-02,Conservative and Unionist,PP52
Brent,Welsh Harp,Iftekhar Ahmed,2030-05-02,Labour Party,PP53
Brent,Wembley Central,Daniel Brown,2030-05-02,Liberal Democrats,PP90
Brent,Wembley Central,Hetal Jansali,2030-05-02,Liberal Democrats,PP90
Brent,Wembley Central,Jigar Shah,2030-05-02,Liberal Democrats,PP90
Brent,Wembley Hill,Angela De Souza,2030-05-02,Labour Party,PP53
Brent,Wembley Hill,Floyd Rosario,2030-05-02,Conservative and Unionist,PP52
Brent,Wembley Hill,Lloyd McLeish,2030-05-02,Labour Party,PP53
Brent,Wembley Park,Iman Moghaddam,2030-05-02,Green Party (E&W),PP63
Brent,Wembley Park,Najib Warsame,2030-05-02,Green Party (E&W),PP63
Brent,Willesden Green,Saqlain Choudry,2030-05-02,Labour Party,PP53
Brent,Willesden Green,Mary Mitchell,2030-05-02,Green Party (E&W),PP63
Brent,Willesden Green,George Burn,2030-05-02,Labour Party,PP53
Bromley,Beckenham Town & Copers Cope,Chloe-Jane Ross,2030-05-02,Liberal Democrats,PP90
Bromley,Beckenham Town & Copers Cope,Gita Bapat,2030-05-02,Liberal Democrats,PP90
Bromley,Beckenham Town & Copers Cope,Steven Jefferies,2030-05-02,Liberal Democrats,PP90
Bromley,Bickley & Sundridge,Mark Brock,2030-05-02,Conservative and Unionist,PP52
Bromley,Bickley & Sundridge,Kate Lymer,2030-05-02,Conservative and Unionist,PP52
Bromley,Bickley & Sundridge,Colin Smith,2030-05-02,Conservative and Unionist,PP52
Bromley,Biggin Hill,Steve James,2030-05-02,Reform UK,PP7931
Bromley,Biggin Hill,Tim Allitt,2030-05-02,Reform UK,PP7931
Bromley,Bromley Common & Holwood,Ian Payne,2030-05-02,Conservative and Unionist,PP52
Bromley,Bromley Common & Holwood,Sunil Gupta,2030-05-02,Conservative and Unionist,PP52
Bromley,Bromley Common & Holwood,Simon Innes,2030-05-02,Conservative and Unionist,PP52
Bromley,Bromley Town,Julie Ireland,2030-05-02,Liberal Democrats,PP90
Bromley,Bromley Town,Graeme Casey,2030-05-02,Liberal Democrats,PP90
Bromley,Bromley Town,Sam Webber,2030-05-02,Liberal Democrats,PP90
Bromley,Chelsfield,Mike Botting,2030-05-02,Conservative and Unionist,PP52
Bromley,Chelsfield,Sumeet Jalan,2030-05-02,Conservative and Unionist,PP52
Bromley,Chislehurst,Alison Stammers,2030-05-02,Chislehurst Matters,PP12998
Bromley,Chislehurst,Mark Smith,2030-05-02,Chislehurst Matters,PP12998
Bromley,Chislehurst,Mike Jack,2030-05-02,Chislehurst Matters,PP12998
Bromley,Clock House,Jeremy Adams,2030-05-02,Labour Party,PP53
Bromley,Clock House,Jenny Coleman,2030-05-02,Labour Party,PP53
Bromley,Clock House,Josh King,2030-05-02,Labour Party,PP53
Bromley,Crystal Palace & Anerley,Ruth McGregor,2030-05-02,Labour Party,PP53
Bromley,Crystal Palace & Anerley,Ryan Thomson,2030-05-02,Labour Party,PP53
Bromley,Darwin,Jonathan Andrews,2030-05-02,Conservative and Unionist,PP52
Bromley,Farnborough & Crofton,Angela Page,2030-05-02,Conservative and Unionist,PP52
Bromley,Farnborough & Crofton,Andy Dourmoush,2030-05-02,Conservative and Unionist,PP52
Bromley,Farnborough & Crofton,Sheri Isa,2030-05-02,Conservative and Unionist,PP52
Bromley,Hayes & Coney Hall,Josh Coldspring-White,2030-05-02,Conservative and Unionist,PP52
Bromley,Hayes & Coney Hall,Alexa Michael,2030-05-02,Conservative and Unionist,PP52
Bromley,Hayes & Coney Hall,Diane Smith,2030-05-02,Conservative and Unionist,PP52
Bromley,Kelsey & Eden Park,Mark Amis,2030-05-02,Conservative and Unionist,PP52
Bromley,Kelsey & Eden Park,Michael Doble,2030-05-02,Conservative and Unionist,PP52
Bromley,Kelsey & Eden Park,Chris Phillips,2030-05-02,Conservative and Unionist,PP52
Bromley,Mottingham,Giles Cordwell,2030-05-02,Conservative and Unionist,PP52
Bromley,Mottingham,Louise Sage,2030-05-02,Reform UK,PP7931
Bromley,Orpington,Kim Botting,2030-05-02,Conservative and Unionist,PP52
Bromley,Orpington,Pauline Tunnicliffe,2030-05-02,Conservative and Unionist,PP52
Bromley,Penge & Cator,Kathy Bance,2030-05-02,Labour Party,PP53
Bromley,Penge & Cator,Simon Jeal,2030-05-02,Labour Party,PP53
Bromley,Penge & Cator,Kevin Kennedy-Brooks,2030-05-02,Labour Party,PP53
Bromley,Petts Wood & Knoll,George Barnes,2030-05-02,Conservative and Unionist,PP52
Bromley,Petts Wood & Knoll,Simon Fawthrop,2030-05-02,Conservative and Unionist,PP52
Bromley,Petts Wood & Knoll,Tony Owen,2030-05-02,Conservative and Unionist,PP52
Bromley,Plaistow,Panos Papayannakos,2030-05-02,Conservative and Unionist,PP52
Bromley,Plaistow,Alwin Puthenpurakal,2030-05-02,Conservative and Unionist,PP52
Bromley,Shortlands & Park Langley,Adam Grant,2030-05-02,Conservative and Unionist,PP52
Bromley,Shortlands & Park Langley,Serena Gupta,2030-05-02,Conservative and Unionist,PP52
Bromley,Shortlands & Park Langley,Gemma Turrell,2030-05-02,Conservative and Unionist,PP52
Bromley,St Mary Cray,Yvonne Bear,2030-05-02,Conservative and Unionist,PP52
Bromley,St Mary Cray,Shaun Slator,2030-05-02,Conservative and Unionist,PP52
Bromley,St Mary Cray,Harry Stranger,2030-05-02,Conservative and Unionist,PP52
Bromley,St Paul's Cray,Christopher Marlow,2030-05-02,Reform UK,PP7931
Bromley,St Paul's Cray,Dean Miller,2030-05-02,Reform UK,PP7931
Bromley,St Paul's Cray,Will Rawles,2030-05-02,Reform UK,PP7931
Bromley,West Wickham,Daniel Burden,2030-05-02,Conservative and Unionist,PP52
Bromley,West Wickham,Hannah Gray,2030-05-02,Conservative and Unionist,PP52
Bromley,West Wickham,Christine Harris,2030-05-02,Conservative and Unionist,PP52
Camden,Belsize,Judy Dixey,2030-05-02,Liberal Democrats,PP90
Camden,Belsize,Tom Simon,2030-05-02,Liberal Democrats,PP90
Camden,Belsize,Matthew Kirk,2030-05-02,Liberal Democrats,PP90
Camden,Bloomsbury,Sabrina Francis,2030-05-02,Labour Party,PP53
Camden,Bloomsbury,Adam Harrison,2030-05-02,Labour Party,PP53
Camden,Bloomsbury,Lilac Carr,2030-05-02,Green Party (E&W),PP63
Camden,Camden Square,Sagal Abdi-Wali,2030-05-02,Labour Party,PP53
Camden,Camden Square,Patricia Leman,2030-05-02,Labour Party,PP53
Camden,Camden Town,Patricia Callaghan,2030-05-02,Labour Party,PP53
Camden,Camden Town,Matt Cooper,2030-05-02,Labour Party,PP53
Camden,Fortune Green,Nancy Jirira,2030-05-02,Liberal Democrats,PP90
Camden,Fortune Green,William Coles,2030-05-02,Liberal Democrats,PP90
Camden,Fortune Green,Farrell Monk,2030-05-02,Liberal Democrats,PP90
Camden,Frognal,Steve Adams,2030-05-02,Conservative and Unionist,PP52
Camden,Frognal,Juliette Graham,2030-05-02,Conservative and Unionist,PP52
Camden,Gospel Oak,Richard Atkins,2030-05-02,Green Party (E&W),PP63
Camden,Gospel Oak,Marcus Boyland,2030-05-02,Labour Party,PP53
Camden,Gospel Oak,Larraine Revah,2030-05-02,Labour Party,PP53
Camden,Hampstead Town,Linda Chung,2030-05-02,Liberal Democrats,PP90
Camden,Hampstead Town,Stephen Stark,2030-05-02,Conservative and Unionist,PP52
Camden,Haverstock,Kemi Atolagbe,2030-05-02,Labour Party,PP53
Camden,Haverstock,Rebecca Filer,2030-05-02,Labour Party,PP53
Camden,Haverstock,Nasrine Djemai,2030-05-02,Labour Party,PP53
Camden,Highgate,Lorna Russell,2030-05-02,Green Party (E&W),PP63
Camden,Highgate,Camron Aref-Adib,2030-05-02,Labour Party,PP53
Camden,Highgate,Anna Wright,2030-05-02,Labour Party,PP53
Camden,Holborn & Covent Garden,Hamza Chowdhury,2030-05-02,Green Party (E&W),PP63
Camden,Holborn & Covent Garden,Jim Monahan,2030-05-02,Green Party (E&W),PP63
Camden,Holborn & Covent Garden,James White,2030-05-02,Green Party (E&W),PP63
Camden,Kentish Town North,Sylvia McNamara,2030-05-02,Labour Party,PP53
Camden,Kentish Town North,James Slater,2030-05-02,Labour Party,PP53
Camden,Kentish Town South,Meric Apak,2030-05-02,Labour Party,PP53
Camden,Kentish Town South,Joseph Ball,2030-05-02,Labour Party,PP53
Camden,Kentish Town South,Annabelle Williams,2030-05-02,Labour Party,PP53
Camden,Kilburn,Eddie Hanson,2030-05-02,Labour Party,PP53
Camden,Kilburn,Ash Atkinson,2030-05-02,Green Party (E&W),PP63
Camden,Kilburn,Andre Lopez-Turner,2030-05-02,Green Party (E&W),PP63
Camden,King's Cross,Lotis Bautista,2030-05-02,Labour Party,PP53
Camden,King's Cross,Jonathan Simpson,2030-05-02,Labour Party,PP53
Camden,King's Cross,Liam Martin-Lane,2030-05-02,Labour Party,PP53
Camden,Primrose Hill,Dan Corby,2030-05-02,Labour Party,PP53
Camden,Primrose Hill,Lauren Keiles,2030-05-02,Labour Party,PP53
Camden,Primrose Hill,Suleiman Osman,2030-05-02,Labour Party,PP53
Camden,Regent's Park,Victoria Mery,2030-05-02,Green Party (E&W),PP63
Camden,Regent's Park,Muhammad Abu Naser,2030-05-02,Green Party (E&W),PP63
Camden,Regent's Park,Ruman Jaigirdar,2030-05-02,Green Party (E&W),PP63
Camden,South Hampstead,Izzy Lenga,2030-05-02,Labour Party,PP53
Camden,South Hampstead,Francesca Reynolds,2030-05-02,Labour Party,PP53
Camden,South Hampstead,Arun Kumar,2030-05-02,Labour Party,PP53
Camden,St Pancras & Somers Town,Samata Khatoon,2030-05-02,Labour Party,PP53
Camden,St Pancras & Somers Town,Shah Miah,2030-05-02,Labour Party,PP53
Camden,St Pancras & Somers Town,Shah Bakth,2030-05-02,Camden People's Alliance,PP18155
Camden,West Hampstead,Janet Grauberg,2030-05-02,Liberal Democrats,PP90
Camden,West Hampstead,Patrick Stillman,2030-05-02,Liberal Democrats,PP90
Camden,West Hampstead,Aarti Wadhwani,2030-05-02,Liberal Democrats,PP90
Croydon,Addiscombe East,Jeet Bains,2030-05-02,Conservative and Unionist,PP52
Croydon,Addiscombe East,Maddie Henson,2030-05-02,Labour Party,PP53
Croydon,Addiscombe West,Nick Beall,2030-05-02,Labour Party,PP53
Croydon,Addiscombe West,Patricia Hay-Justice,2030-05-02,Labour Party,PP53
Croydon,Addiscombe West,Sean Fitzsimons,2030-05-02,Labour Party,PP53
Croydon,Bensham Manor,Humayun Kabir,2030-05-02,Labour Party,PP53
Croydon,Bensham Manor,Mohana Manoharan,2030-05-02,Labour Party,PP53
Croydon,Bensham Manor,Ellie Sandover,2030-05-02,Labour Party,PP53
Croydon,Broad Green,Aba Amoah,2030-05-02,Labour Party,PP53
Croydon,Broad Green,Tom Bowell,2030-05-02,Labour Party,PP53
Croydon,Broad Green,Manju Shahul-Hameed,2030-05-02,Labour Party,PP53
Croydon,Coulsdon Town,Nikhil Thampi,2030-05-02,Conservative and Unionist,PP52
Croydon,Coulsdon Town,Ian Parker,2030-05-02,Conservative and Unionist,PP52
Croydon,Coulsdon Town,Luke Shortland,2030-05-02,Conservative and Unionist,PP52
Croydon,Crystal Palace & Upper Norwood,Claire Bonham,2030-05-02,Liberal Democrats,PP90
Croydon,Crystal Palace & Upper Norwood,Natalie Vesty,2030-05-02,Green Party (E&W),PP63
Croydon,Crystal Palace & Upper Norwood,Mark Adderley,2030-05-02,Green Party (E&W),PP63
Croydon,Fairfield,Ria Patel,2030-05-02,Green Party (E&W),PP63
Croydon,Fairfield,Esther Sutton,2030-05-02,Green Party (E&W),PP63
Croydon,Fairfield,Paul Ainscough,2030-05-02,Green Party (E&W),PP63
Croydon,Kenley,Gayle Gander,2030-05-02,Conservative and Unionist,PP52
Croydon,Kenley,Ola Kolade,2030-05-02,Conservative and Unionist,PP52
Croydon,New Addington North,Kola Agboola,2030-05-02,Labour Party,PP53
Croydon,New Addington North,Afuah Asantewaa,2030-05-02,Labour Party,PP53
Croydon,New Addington South,Scott Holman,2030-05-02,Reform UK,PP7931
Croydon,New Addington South,Adam Kellett,2030-05-02,Reform UK,PP7931
Croydon,Norbury & Pollards Hill,Leila Ben-Hassel,2030-05-02,Labour Party,PP53
Croydon,Norbury & Pollards Hill,John Wentworth,2030-05-02,Labour Party,PP53
Croydon,Norbury Park,Appu Srinivasan,2030-05-02,Labour Party,PP53
Croydon,Norbury Park,Julie Setchfield,2030-05-02,Labour Party,PP53
Croydon,Old Coulsdon,Margaret Bird,2030-05-02,Conservative and Unionist,PP52
Croydon,Old Coulsdon,Gill Hickson,2030-05-02,Liberal Democrats,PP90
Croydon,Park Hill & Whitgift,Andrew Price,2030-05-02,Conservative and Unionist,PP52
Croydon,Purley & Woodcote,Simon Brew,2030-05-02,Conservative and Unionist,PP52
Croydon,Purley & Woodcote,Samir Dwesar,2030-05-02,Conservative and Unionist,PP52
Croydon,Purley & Woodcote,James Hillam,2030-05-02,Conservative and Unionist,PP52
Croydon,Purley Oaks & Riddlesdown,Alasdair Stewart,2030-05-02,Conservative and Unionist,PP52
Croydon,Purley Oaks & Riddlesdown,Endri Llabuti,2030-05-02,Conservative and Unionist,PP52
Croydon,Sanderstead,Lynne Hale,2030-05-02,Conservative and Unionist,PP52
Croydon,Sanderstead,Yvette Hopley,2030-05-02,Conservative and Unionist,PP52
Croydon,Sanderstead,Helen Redfern,2030-05-02,Conservative and Unionist,PP52
Croydon,Selhurst,Catherine Wilson,2030-05-02,Labour Party,PP53
Croydon,Selhurst,Mohammed Islam,2030-05-02,Labour Party,PP53
Croydon,Selsdon & Addington Village,Joseph Lee,2030-05-02,Conservative and Unionist,PP52
Croydon,Selsdon & Addington Village,Robert Ward,2030-05-02,Conservative and Unionist,PP52
Croydon,Selsdon Vale & Forestdale,Jack Barwell,2030-05-02,Conservative and Unionist,PP52
Croydon,Selsdon Vale & Forestdale,Andy Stranack,2030-05-02,Conservative and Unionist,PP52
Croydon,Shirley North,Sue Bennett,2030-05-02,Conservative and Unionist,PP52
Croydon,Shirley North,Mark Johnson,2030-05-02,Conservative and Unionist,PP52
Croydon,Shirley North,Richard Chatterjee,2030-05-02,Conservative and Unionist,PP52
Croydon,Shirley South,Jason Cummings,2030-05-02,Conservative and Unionist,PP52
Croydon,Shirley South,Scott Roche,2030-05-02,Conservative and Unionist,PP52
Croydon,South Croydon,Danielle Denton,2030-05-02,Conservative and Unionist,PP52
Croydon,South Croydon,Michael Neal,2030-05-02,Conservative and Unionist,PP52
Croydon,South Croydon,Matthew Dormer,2030-05-02,Conservative and Unionist,PP52
Croydon,South Norwood,Tracey Hague,2030-05-02,Green Party (E&W),PP63
Croydon,South Norwood,Melanie Felten,2030-05-02,Labour Party,PP53
Croydon,South Norwood,Martyn Post,2030-05-02,Green Party (E&W),PP63
Croydon,Thornton Heath,Jose Fernandes,2030-05-02,Labour Party,PP53
Croydon,Thornton Heath,Vicky Newton,2030-05-02,Labour Party,PP53
Croydon,Thornton Heath,Ben Taylor,2030-05-02,Labour Party,PP53
Croydon,Waddon,Rowenna Davis,2030-05-02,Labour Party,PP53
Croydon,Waddon,Sam Attwater,2030-05-02,Labour Party,PP53
Croydon,Waddon,Ellily Ponnuthurai,2030-05-02,Labour Party,PP53
Croydon,West Thornton,Janet Campbell,2030-05-02,Labour Party,PP53
Croydon,West Thornton,Rym Daoud,2030-05-02,Labour Party,PP53
Croydon,West Thornton,Stuart King,2030-05-02,Labour Party,PP53
Croydon,Woodside,Amy Foster,2030-05-02,Labour Party,PP53
Croydon,Woodside,Brigitte Graham,2030-05-02,Labour Party,PP53
Croydon,Woodside,Laura Bradnam,2030-05-02,Green Party (E&W),PP63
Ealing,Central Greenford,Munir Abbasi,2030-05-02,Labour Party,PP53
Ealing,Central Greenford,Valery Ryan,2030-05-02,Labour Party,PP53
Ealing,Central Greenford,Sanjai Kohli,2030-05-02,Labour Party,PP53
Ealing,Dormers Wells,Kanwal Bains,2030-05-02,Labour Party,PP53
Ealing,Dormers Wells,Ranjit Dheer,2030-05-02,Labour Party,PP53
Ealing,Dormers Wells,Isabel Owen,2030-05-02,Labour Party,PP53
Ealing,Ealing Broadway,Julian Gallant,2030-05-02,Conservative and Unionist,PP52
Ealing,Ealing Broadway,Sean Hanrahan,2030-05-02,Conservative and Unionist,PP52
Ealing,Ealing Broadway,Adam Keenan,2030-05-02,Liberal Democrats,PP90
Ealing,Ealing Common,Jon Ball,2030-05-02,Liberal Democrats,PP90
Ealing,Ealing Common,Connie Hersch,2030-05-02,Liberal Democrats,PP90
Ealing,Ealing Common,Lakhbir Singh,2030-05-02,Liberal Democrats,PP90
Ealing,East Acton,Stephen Donnelly,2030-05-02,Labour Party,PP53
Ealing,East Acton,Rabia Nasimi,2030-05-02,Labour Party,PP53
Ealing,East Acton,Hitesh Tailor,2030-05-02,Labour Party,PP53
Ealing,Greenford Broadway,Stephanie Ajayi,2030-05-02,Labour Party,PP53
Ealing,Greenford Broadway,Harbhajan Dheer,2030-05-02,Labour Party,PP53
Ealing,Greenford Broadway,Anthony Kelly,2030-05-02,Labour Party,PP53
Ealing,Hanger Hill,Jonathan Oxley,2030-05-02,Liberal Democrats,PP90
Ealing,Hanger Hill,Athena Zissimos,2030-05-02,Liberal Democrats,PP90
Ealing,Hanger Hill,Mark Sanders,2030-05-02,Liberal Democrats,PP90
Ealing,Hanwell Broadway,Clare Welsby,2030-05-02,Green Party (E&W),PP63
Ealing,Hanwell Broadway,Natalia Kubica,2030-05-02,Green Party (E&W),PP63
Ealing,Hanwell Broadway,Andrew Walkley,2030-05-02,Green Party (E&W),PP63
Ealing,Lady Margaret,Praveen Anand,2030-05-02,Labour Party,PP53
Ealing,Lady Margaret,Karam Mohan,2030-05-02,Labour Party,PP53
Ealing,Lady Margaret,Monica Hamidi,2030-05-02,Labour Party,PP53
Ealing,North Acton,Blerina Hashani,2030-05-02,Labour Party,PP53
Ealing,North Acton,Simon Anthony,2030-05-02,Green Party (E&W),PP63
Ealing,North Acton,Hodan Haili,2030-05-02,Labour Party,PP53
Ealing,North Greenford,Kristian Mower,2030-05-02,Conservative and Unionist,PP52
Ealing,North Greenford,Ajay Roy,2030-05-02,Conservative and Unionist,PP52
Ealing,North Greenford,Flora MacLoughlin,2030-05-02,Conservative and Unionist,PP52
Ealing,North Hanwell,Louise Brett,2030-05-02,Labour Party,PP53
Ealing,North Hanwell,Ray Wall,2030-05-02,Labour Party,PP53
Ealing,North Hanwell,Lauren Wall,2030-05-02,Labour Party,PP53
Ealing,Northfield,Paul Driscoll,2030-05-02,Labour Party,PP53
Ealing,Northfield,Ian Kingston,2030-05-02,Labour Party,PP53
Ealing,Northfield,Sinead Whelan,2030-05-02,Labour Party,PP53
Ealing,Northolt Mandeville,Andrew Bailey,2030-05-02,Labour Party,PP53
Ealing,Northolt Mandeville,Miriam Rice,2030-05-02,Labour Party,PP53
Ealing,Northolt Mandeville,Dominic Moffitt,2030-05-02,Labour Party,PP53
Ealing,Northolt West End,Atlyn Forde,2030-05-02,Labour Party,PP53
Ealing,Northolt West End,Bassam Mahfouz,2030-05-02,Labour Party,PP53
Ealing,Northolt West End,Dee Martin,2030-05-02,Labour Party,PP53
Ealing,Norwood Green,John Martin,2030-05-02,Independent / Other,
Ealing,Norwood Green,Jags Sanghera,2030-05-02,Labour Party,PP53
Ealing,Norwood Green,Ghulam Murtaza,2030-05-02,Labour Party,PP53
Ealing,Perivale,Munir Ahmed,2030-05-02,Labour Party,PP53
Ealing,Perivale,Tariq Mahmood,2030-05-02,Labour Party,PP53
Ealing,Perivale,Charan Sharma,2030-05-02,Labour Party,PP53
Ealing,Pitshanger,Rima Baaklini,2030-05-02,Labour Party,PP53
Ealing,Pitshanger,Ben Wesson,2030-05-02,Labour Party,PP53
Ealing,Pitshanger,Shaira Karimi,2030-05-02,Labour Party,PP53
Ealing,South Acton,Katie Douglas,2030-05-02,Labour Party,PP53
Ealing,South Acton,Yvonne Johnson,2030-05-02,Labour Party,PP53
Ealing,South Acton,Husam Alharahsheh,2030-05-02,Green Party (E&W),PP63
Ealing,Southall Broadway,Shahbaz Ahmed,2030-05-02,Labour Party,PP53
Ealing,Southall Broadway,Kamaljit Nagpal,2030-05-02,Labour Party,PP53
Ealing,Southall Green,Jasbir Anand,2030-05-02,Labour Party,PP53
Ealing,Southall Green,Kamaljit Dhindsa,2030-05-02,Labour Party,PP53
Ealing,Southall Green,Peter Mason,2030-05-02,Labour Party,PP53
Ealing,Southall West,Kim Nagpal,2030-05-02,Labour Party,PP53
Ealing,Southall West,Faduma Mohamed,2030-05-02,Labour Party,PP53
Ealing,Southfield,Gary Busuttil,2030-05-02,Liberal Democrats,PP90
Ealing,Southfield,Gary Malcolm,2030-05-02,Liberal Democrats,PP90
Ealing,Southfield,Andrew Steed,2030-05-02,Liberal Democrats,PP90
Ealing,Walpole,Matt Mellor,2030-05-02,Liberal Democrats,PP90
Ealing,Walpole,Will Francis,2030-05-02,Liberal Democrats,PP90
Ealing,Walpole,Ksenia Maximova,2030-05-02,Liberal Democrats,PP90
Enfield,Arnos Grove,Paul Pratt,2030-05-02,Conservative and Unionist,PP52
Enfield,Arnos Grove,Shyam Lennon,2030-05-02,Conservative and Unionist,PP52
Enfield,Bowes,Alex Diner,2030-05-02,Labour Party,PP53
Enfield,Bowes,Dino Lemonides,2030-05-02,Conservative and Unionist,PP52
Enfield,Brimsdown,Hivran Dalkaya,2030-05-02,Labour Party,PP53
Enfield,Brimsdown,Ahmet Hasan,2030-05-02,Labour Party,PP53
Enfield,Brimsdown,Bektas Ozer,2030-05-02,Labour Party,PP53
Enfield,Bullsmoor,Destiny Karakus,2030-05-02,Labour Party,PP53
Enfield,Bullsmoor,Faye Nimoh,2030-05-02,Labour Party,PP53
Enfield,Bush Hill Park,Patricia Gregory,2030-05-02,Conservative and Unionist,PP52
Enfield,Bush Hill Park,James Hockney,2030-05-02,Conservative and Unionist,PP52
Enfield,Bush Hill Park,Peter Fallart,2030-05-02,Conservative and Unionist,PP52
Enfield,Carterhatch,Ayten Guzel,2030-05-02,Labour Party,PP53
Enfield,Carterhatch,Nawshad Ali,2030-05-02,Labour Party,PP53
Enfield,Cockfosters,Alessandro Georgiou,2030-05-02,Conservative and Unionist,PP52
Enfield,Cockfosters,Alara Ayyildiz,2030-05-02,Conservative and Unionist,PP52
Enfield,Edmonton Green,Ergin Erbil,2030-05-02,Labour Party,PP53
Enfield,Edmonton Green,Abdul Abdullahi,2030-05-02,Labour Party,PP53
Enfield,Edmonton Green,Gunes Akbulut,2030-05-02,Labour Party,PP53
Enfield,Enfield Lock,Sarah Jons,2030-05-02,Green Party (E&W),PP63
Enfield,Enfield Lock,Suna Hurman,2030-05-02,Labour Party,PP53
Enfield,Enfield Lock,Ratip Alsulaiman,2030-05-02,Green Party (E&W),PP63
Enfield,Grange Park,Chris Dey,2030-05-02,Conservative and Unionist,PP52
Enfield,Grange Park,Andy Milne,2030-05-02,Conservative and Unionist,PP52
Enfield,Haselbury,Ibrahim Cam,2030-05-02,Labour Party,PP53
Enfield,Haselbury,Mahym Bedekova,2030-05-02,Labour Party,PP53
Enfield,Haselbury,George Savva,2030-05-02,Labour Party,PP53
Enfield,Highfield,Bambos Charalambous,2030-05-02,Conservative and Unionist,PP52
Enfield,Highfield,Peter Charalambous,2030-05-02,Conservative and Unionist,PP52
Enfield,Jubilee,Ian Barnes,2030-05-02,Labour Party,PP53
Enfield,Jubilee,Alev Cazimoglu,2030-05-02,Labour Party,PP53
Enfield,Jubilee,Susan Erbil,2030-05-02,Labour Party,PP53
Enfield,Lower Edmonton,Sinan Boztas,2030-05-02,Labour Party,PP53
Enfield,Lower Edmonton,Siddo Dwyer,2030-05-02,Labour Party,PP53
Enfield,Lower Edmonton,Elif Erbil,2030-05-02,Labour Party,PP53
Enfield,New Southgate,Laura Davenport,2030-05-02,Green Party (E&W),PP63
Enfield,New Southgate,Madeline Church,2030-05-02,Green Party (E&W),PP63
Enfield,Oakwood,James Bone,2030-05-02,Conservative and Unionist,PP52
Enfield,Oakwood,Tom O'Halloran,2030-05-02,Conservative and Unionist,PP52
Enfield,Palmers Green,Chris James,2030-05-02,Labour Party,PP53
Enfield,Palmers Green,Doug Taylor,2030-05-02,Labour Party,PP53
Enfield,Ponders End,Aziz Yildiz,2030-05-02,Green Party (E&W),PP63
Enfield,Ponders End,Niamh O'Brien,2030-05-02,Labour Party,PP53
Enfield,Ridgeway,Joanne Laban,2030-05-02,Conservative and Unionist,PP52
Enfield,Ridgeway,Andrew Thorp,2030-05-02,Conservative and Unionist,PP52
Enfield,Ridgeway,Edward Smith,2030-05-02,Conservative and Unionist,PP52
Enfield,Southbury,Penny Heathwood,2030-05-02,Conservative and Unionist,PP52
Enfield,Southbury,Betty Achayo,2030-05-02,Conservative and Unionist,PP52
Enfield,Southbury,Benny Neza,2030-05-02,Conservative and Unionist,PP52
Enfield,Southgate,Stephanos Ioannou,2030-05-02,Conservative and Unionist,PP52
Enfield,Southgate,Chris Joannides,2030-05-02,Conservative and Unionist,PP52
Enfield,Southgate,Elisa Morreale,2030-05-02,Conservative and Unionist,PP52
Enfield,Town,Michael Rye,2030-05-02,Conservative and Unionist,PP52
Enfield,Town,Emma Supple,2030-05-02,Conservative and Unionist,PP52
Enfield,Town,Kiran Mistry,2030-05-02,Conservative and Unionist,PP52
Enfield,Upper Edmonton,Margaret Greer,2030-05-02,Labour Party,PP53
Enfield,Upper Edmonton,Tim Leaver,2030-05-02,Labour Party,PP53
Enfield,Upper Edmonton,Chris McCoy,2030-05-02,Labour Party,PP53
Enfield,Whitewebbs,Reece Fox,2030-05-02,Conservative and Unionist,PP52
Enfield,Whitewebbs,Maxwell Day,2030-05-02,Conservative and Unionist,PP52
Enfield,Whitewebbs,Eralda Qirjo,2030-05-02,Conservative and Unionist,PP52
Enfield,Winchmore Hill,Maria Alexandrou,2030-05-02,Conservative and Unionist,PP52
Enfield,Winchmore Hill,Lee Chamberlain,2030-05-02,Conservative and Unionist,PP52
Greenwich,Abbey Wood,Tom Creswell,2030-05-02,Labour Party,PP53
Greenwich,Abbey Wood,Jummy Dawodu,2030-05-02,Labour Party,PP53
Greenwich,Abbey Wood,Gaumaya Ranabhat,2030-05-02,Labour Party,PP53
Greenwich,Blackheath Westcombe,Mariam Lolavar,2030-05-02,Labour Party,PP53
Greenwich,Blackheath Westcombe,Leo Fletcher,2030-05-02,Labour Party,PP53
Greenwich,Blackheath Westcombe,Christine St. Matthew-Daniel,2030-05-02,Labour Party,PP53
Greenwich,Charlton Hornfair,Jessica Holland,2030-05-02,Green Party (E&W),PP63
Greenwich,Charlton Hornfair,Bren Albiston,2030-05-02,Labour Party,PP53
Greenwich,Charlton Village & Riverside,David Gardner,2030-05-02,Labour Party,PP53
Greenwich,Charlton Village & Riverside,Jo Van Den Broek,2030-05-02,Labour Party,PP53
Greenwich,East Greenwich,Jo Land,2030-05-02,Green Party (E&W),PP63
Greenwich,East Greenwich,George Edgar,2030-05-02,Green Party (E&W),PP63
Greenwich,East Greenwich,Patrick Ives,2030-05-02,Green Party (E&W),PP63
Greenwich,Eltham Page,Paul Banks,2030-05-02,Reform UK,PP7931
Greenwich,Eltham Page,Jane Dickenson,2030-05-02,Labour Party,PP53
Greenwich,Eltham Park & Progress,Jeremy Fraser,2030-05-02,Labour Party,PP53
Greenwich,Eltham Park & Progress,Gabriella Olumide,2030-05-02,Labour Party,PP53
Greenwich,Eltham Town & Avery Hill,Charlie Davis,2030-05-02,Conservative and Unionist,PP52
Greenwich,Eltham Town & Avery Hill,Patricia Greenwell,2030-05-02,Conservative and Unionist,PP52
Greenwich,Eltham Town & Avery Hill,Rob Sayers,2030-05-02,Conservative and Unionist,PP52
Greenwich,Greenwich Creekside,Tillie Muir,2030-05-02,Labour Party,PP53
Greenwich,Greenwich Creekside,Calum Mulligan,2030-05-02,Labour Party,PP53
Greenwich,Greenwich Park,Stacy Smith,2030-05-02,Green Party (E&W),PP63
Greenwich,Greenwich Park,Karin Tearle,2030-05-02,Green Party (E&W),PP63
Greenwich,Greenwich Peninsula,Austin McGrath,2030-05-02,Green Party (E&W),PP63
Greenwich,Greenwich Peninsula,Claire Selby,2030-05-02,Green Party (E&W),PP63
Greenwich,Greenwich Peninsula,Denise Scott-McDonald,2030-05-02,Labour Party,PP53
Greenwich,Kidbrooke Park,John Fahy,2030-05-02,Labour Party,PP53
Greenwich,Kidbrooke Park,Nikki Thurlow,2030-05-02,Labour Party,PP53
Greenwich,Kidbrooke Village & Sutcliffe,Sandra Bauer,2030-05-02,Labour Party,PP53
Greenwich,Kidbrooke Village & Sutcliffe,Lewis Hurst,2030-05-02,Labour Party,PP53
Greenwich,Middle Park & Horn Park,Olu Babatola,2030-05-02,Labour Party,PP53
Greenwich,Middle Park & Horn Park,Rachel Taggart-Ryan,2030-05-02,Labour Party,PP53
Greenwich,"Mottingham, Coldharbour & New Eltham",Matt Hartley,2030-05-02,Conservative and Unionist,PP52
Greenwich,"Mottingham, Coldharbour & New Eltham",Roger Tester,2030-05-02,Conservative and Unionist,PP52
Greenwich,"Mottingham, Coldharbour & New Eltham",Luke Warren,2030-05-02,Conservative and Unionist,PP52
Greenwich,Plumstead & Glyndon,Tammy Aghedo,2030-05-02,Labour Party,PP53
Greenwich,Plumstead & Glyndon,Jit Ranabhat,2030-05-02,Labour Party,PP53
Greenwich,Plumstead & Glyndon,Adel Khaireh,2030-05-02,Labour Party,PP53
Greenwich,Plumstead Common,Leonie Barron,2030-05-02,Green Party (E&W),PP63
Greenwich,Plumstead Common,Stewart Christie,2030-05-02,Green Party (E&W),PP63
Greenwich,Plumstead Common,David Monteith,2030-05-02,Green Party (E&W),PP63
Greenwich,Shooters Hill,Tamasin Rhymes,2030-05-02,Green Party (E&W),PP63
Greenwich,Shooters Hill,Max Green,2030-05-02,Green Party (E&W),PP63
Greenwich,Thamesmead Moorings,Femi Solola,2030-05-02,Labour Party,PP53
Greenwich,Thamesmead Moorings,Averil Lekau,2030-05-02,Labour Party,PP53
Greenwich,West Thamesmead,Nathan Baffour-Awuah,2030-05-02,Labour Party,PP53
Greenwich,West Thamesmead,Jahdia Spencer,2030-05-02,Labour Party,PP53
Greenwich,Woolwich Arsenal,Joshua Ayodele,2030-05-02,Labour Party,PP53
Greenwich,Woolwich Arsenal,Sam Littlewood,2030-05-02,Labour Party,PP53
Greenwich,Woolwich Arsenal,Jackie Smith,2030-05-02,Labour Party,PP53
Greenwich,Woolwich Common,Elizabeth Ige,2030-05-02,Labour Party,PP53
Greenwich,Woolwich Common,Anthony Okereke,2030-05-02,Labour Party,PP53
Greenwich,Woolwich Dockyard,Asli Mohammed,2030-05-02,Labour Party,PP53
Greenwich,Woolwich Dockyard,Raja Zeeshan,2030-05-02,Labour Party,PP53
Hackney,Hoxton East & Shoreditch,Kam Adams,2030-05-02,Labour Party,PP53
Hackney,Dalston,Zoe Garbett,2030-05-02,Green Party (E&W),PP63
Hackney,Brownswood,Soraya Adejare,2030-05-02,Green Party (E&W),PP63
Hackney,London Fields,Brenda Puech,2030-05-02,Green Party (E&W),PP63
Hackney,Victoria,Rolf Dekker,2030-05-02,Green Party (E&W),PP63
Hackney,Haggerston,Siobhan MacMahon,2030-05-02,Green Party (E&W),PP63
Hackney,De Beauvoir,Gemma Per-Bo,2030-05-02,Green Party (E&W),PP63
Hackney,Woodberry Down,Sarah Young,2030-05-02,Labour Party,PP53
Hackney,Clissold,Sam Mathys,2030-05-02,Green Party (E&W),PP63
Hackney,Homerton,Zoe Holman,2030-05-02,Green Party (E&W),PP63
Hackney,Stoke Newington,Jacob Cable,2030-05-02,Green Party (E&W),PP63
Hackney,Hackney Central,Izzy Castello-Cortes,2030-05-02,Green Party (E&W),PP63
Hackney,Hoxton East & Shoreditch,Janet Lee,2030-05-02,Green Party (E&W),PP63
Hackney,Hackney Downs,Alastair Binnie-Lubbock,2030-05-02,Green Party (E&W),PP63
Hackney,Hoxton East & Shoreditch,Mihai Chereji,2030-05-02,Green Party (E&W),PP63
Hackney,Clissold,George Sheldon Grün,2030-05-02,Green Party (E&W),PP63
Hackney,Stoke Newington,Ifhat Shaheen,2030-05-02,Green Party (E&W),PP63
Hackney,Lea Bridge,Antoinette Fernandez,2030-05-02,Green Party (E&W),PP63
Hackney,Shacklewell,Ülgen Semerci,2030-05-02,Green Party (E&W),PP63
Hackney,Victoria,Joanna Sumner,2030-05-02,Labour Party,PP53
Hackney,Hackney Central,Pascale Frazer-Carroll,2030-05-02,Green Party (E&W),PP63
Hackney,Clissold,Rachel Maguire,2030-05-02,Labour Party,PP53
Hackney,Hackney Wick,Aaron Briddon,2030-05-02,Green Party (E&W),PP63
Hackney,Shacklewell,Cathy Troupp,2030-05-02,Green Party (E&W),PP63
Hackney,Hoxton West,Nicholas Blincoe,2030-05-02,Green Party (E&W),PP63
Hackney,Hoxton West,Ben Lucas,2030-05-02,Labour Party,PP53
Hackney,Haggerston,Charlene Concepcion,2030-05-02,Green Party (E&W),PP63
Hackney,Hackney Downs,Laura-Louise Fairley,2030-05-02,Green Party (E&W),PP63
Hackney,Stoke Newington,Reiner Tegtmeyer,2030-05-02,Green Party (E&W),PP63
Hackney,Homerton,Anna Lynch,2030-05-02,Labour Party,PP53
Hackney,Haggerston,Nisa Sharif,2030-05-02,Green Party (E&W),PP63
Hackney,Homerton,Robert Chapman,2030-05-02,Labour Party,PP53
Hackney,Lea Bridge,Bettina Maidment,2030-05-02,Green Party (E&W),PP63
Hackney,London Fields,Anntoinette Bramble,2030-05-02,Labour Party,PP53
Hackney,King's Park,Abi Kingston,2030-05-02,Green Party (E&W),PP63
Hackney,De Beauvoir,Paul Anderson,2030-05-02,Green Party (E&W),PP63
Hackney,London Fields,Kwame Otiende,2030-05-02,Green Party (E&W),PP63
Hackney,Brownswood,Florence Schechter,2030-05-02,Green Party (E&W),PP63
Hackney,King's Park,Jasmine O’Connor,2030-05-02,Green Party (E&W),PP63
Hackney,Lea Bridge,Sally Zlotowitz,2030-05-02,Green Party (E&W),PP63
Hackney,King's Park,Emmanuel Onapa,2030-05-02,Green Party (E&W),PP63
Hackney,Hackney Downs,Dylan Law,2030-05-02,Green Party (E&W),PP63
Hackney,Stamford Hill West,Benzion Papier,2030-05-02,Conservative and Unionist,PP52
Hackney,Woodberry Down,Florence Davies,2030-05-02,Green Party (E&W),PP63
Hackney,Hackney Wick,Tyrone Scott,2030-05-02,Green Party (E&W),PP63
Hackney,Dalston,Rachel Nkiessu-Guifo,2030-05-02,Green Party (E&W),PP63
Hackney,Hackney Central,James Tilden,2030-05-02,Green Party (E&W),PP63
Hackney,Victoria,Daniel Rea,2030-05-02,Labour Party,PP53
Hackney,Hackney Wick,Jam Anker,2030-05-02,Green Party (E&W),PP63
Hackney,Hoxton West,Jas Crowe,2030-05-02,Green Party (E&W),PP63
Hackney,Springfield,Simche Steinberger,2030-05-02,Conservative and Unionist,PP52
Hackney,Springfield,Michael Levy,2030-05-02,Conservative and Unionist,PP52
Hackney,Stamford Hill West,Hershy Lisser,2030-05-02,Conservative and Unionist,PP52
Hackney,Springfield,Shau Krautwirt,2030-05-02,Conservative and Unionist,PP52
Hackney,Cazenove,Charie Lawrie,2030-05-02,Green Party (E&W),PP63
Hackney,Cazenove,Ian Sharer,2030-05-02,Conservative and Unionist,PP52
Hackney,Cazenove,Emma Neath,2030-05-02,Green Party (E&W),PP63
Hammersmith and Fulham,Addison,Jacolyn Daly,2030-05-02,Labour Party,PP53
Hammersmith and Fulham,Addison,Ross Melton,2030-05-02,Labour Party,PP53
Hammersmith and Fulham,Avonmore,Joe Eaton,2030-05-02,Labour Party,PP53
Hammersmith and Fulham,Avonmore,Laura Janes,2030-05-02,Labour Party,PP53
Hammersmith and Fulham,Brook Green,Stala Antoniades,2030-05-02,Labour Party,PP53
Hammersmith and Fulham,Brook Green,Florent Sherifi,2030-05-02,Labour Party,PP53
Hammersmith and Fulham,College Park & Old Oak,Wesley Harcourt,2030-05-02,Labour Party,PP53
Hammersmith and Fulham,College Park & Old Oak,Bora Kwon,2030-05-02,Labour Party,PP53
Hammersmith and Fulham,College Park & Old Oak,Alex Sanderson,2030-05-02,Labour Party,PP53
Hammersmith and Fulham,Coningham,Lisa Homan,2030-05-02,Labour Party,PP53
Hammersmith and Fulham,Coningham,Rowan Ree,2030-05-02,Labour Party,PP53
Hammersmith and Fulham,Coningham,Rory Vaughan,2030-05-02,Labour Party,PP53
Hammersmith and Fulham,Fulham Reach,David Campbell,2030-05-02,Labour Party,PP53
Hammersmith and Fulham,Fulham Reach,Anna Magryta-Urban,2030-05-02,Labour Party,PP53
Hammersmith and Fulham,Fulham Reach,Nikos Souslous,2030-05-02,Labour Party,PP53
Hammersmith and Fulham,Fulham Town,Victoria Brocklebank-Fowler,2030-05-02,Conservative and Unionist,PP52
Hammersmith and Fulham,Fulham Town,Liam Downer-Sanderson,2030-05-02,Conservative and Unionist,PP52
Hammersmith and Fulham,Grove,Hannah Bulmer,2030-05-02,Labour Party,PP53
Hammersmith and Fulham,Grove,Stephen Cowan,2030-05-02,Labour Party,PP53
Hammersmith and Fulham,Hammersmith Broadway,Molly Mantle,2030-05-02,Labour Party,PP53
Hammersmith and Fulham,Hammersmith Broadway,Callum Nimmo,2030-05-02,Labour Party,PP53
Hammersmith and Fulham,Lillie,Sharon Holder,2030-05-02,Labour Party,PP53
Hammersmith and Fulham,Lillie,Lydia Paynter,2030-05-02,Labour Party,PP53
Hammersmith and Fulham,Munster,Adronie Alford,2030-05-02,Conservative and Unionist,PP52
Hammersmith and Fulham,Munster,Dominic Stanton,2030-05-02,Conservative and Unionist,PP52
Hammersmith and Fulham,Munster,Stewart Waine,2030-05-02,Conservative and Unionist,PP52
Hammersmith and Fulham,Palace & Hurlingham,Aliya Afzal-Khan,2030-05-02,Conservative and Unionist,PP52
Hammersmith and Fulham,Palace & Hurlingham,Amanda Lloyd-Harris,2030-05-02,Conservative and Unionist,PP52
Hammersmith and Fulham,Palace & Hurlingham,Jeremy Maddocks,2030-05-02,Conservative and Unionist,PP52
Hammersmith and Fulham,Parsons Green & Sandford,Jose Afonso,2030-05-02,Conservative and Unionist,PP52
Hammersmith and Fulham,Parsons Green & Sandford,Adrian Pascu-Tulbure,2030-05-02,Conservative and Unionist,PP52
Hammersmith and Fulham,Ravenscourt,Harry Brackley,2030-05-02,Labour Party,PP53
Hammersmith and Fulham,Ravenscourt,Natalie Lindsay,2030-05-02,Labour Party,PP53
Hammersmith and Fulham,Sands End,Rob Harris,2030-05-02,Conservative and Unionist,PP52
Hammersmith and Fulham,Sands End,Roseanne Meacher,2030-05-02,Labour Party,PP53
Hammersmith and Fulham,Sands End,Libby Hart,2030-05-02,Conservative and Unionist,PP52
Hammersmith and Fulham,Shepherd's Bush Green,Zarar Qayyum,2030-05-02,Labour Party,PP53
Hammersmith and Fulham,Shepherd's Bush Green,Mercy Umeh,2030-05-02,Labour Party,PP53
Hammersmith and Fulham,Walham Green,Sam Kelly,2030-05-02,Labour Party,PP53
Hammersmith and Fulham,Walham Green,Genevieve Nwaogbe,2030-05-02,Labour Party,PP53
Hammersmith and Fulham,Wendell Park,Rebecca Harvey,2030-05-02,Labour Party,PP53
Hammersmith and Fulham,Wendell Park,Asif Siddique,2030-05-02,Labour Party,PP53
Hammersmith and Fulham,West Kensington,Victoria Brignell,2030-05-02,Labour Party,PP53
Hammersmith and Fulham,West Kensington,Daryl Brown,2030-05-02,Labour Party,PP53
Hammersmith and Fulham,West Kensington,Florian Chevoppe-Verdier,2030-05-02,Labour Party,PP53
Hammersmith and Fulham,White City,Andrew Jones,2030-05-02,Labour Party,PP53
Hammersmith and Fulham,White City,Natalia Perez,2030-05-02,Labour Party,PP53
Hammersmith and Fulham,White City,Frances Umeh,2030-05-02,Labour Party,PP53
Hammersmith and Fulham,Wormholt,Max Schmid,2030-05-02,Labour Party,PP53
Hammersmith and Fulham,Wormholt,Nicole Trehy,2030-05-02,Labour Party,PP53
Haringey,Alexandra Park,Melanie Gingell,2030-05-02,Labour Party,PP53
Haringey,Alexandra Park,Aj Egemonye,2030-05-02,Labour Party,PP53
Haringey,Bounds Green,Emily Arkell,2030-05-02,Labour Party,PP53
Haringey,Bounds Green,Andrea Hodgson,2030-05-02,Labour Party,PP53
Haringey,Bruce Castle,Ibrahim Ali,2030-05-02,Labour Party,PP53
Haringey,Bruce Castle,Dan Johnson,2030-05-02,Green Party (E&W),PP63
Haringey,Bruce Castle,Sue Jameson,2030-05-02,Labour Party,PP53
Haringey,Crouch End,Luke Cawley-Harrison,2030-05-02,Liberal Democrats,PP90
Haringey,Crouch End,Fiona Orford-Williams,2030-05-02,Liberal Democrats,PP90
Haringey,Crouch End,Imad Ahmed,2030-05-02,Liberal Democrats,PP90
Haringey,Fortis Green,Dawn Barnes,2030-05-02,Liberal Democrats,PP90
Haringey,Fortis Green,Michael Brookes,2030-05-02,Labour Party,PP53
Haringey,Fortis Green,Daniela Parry,2030-05-02,Labour Party,PP53
Haringey,Harringay,Jo Kuper,2030-05-02,Green Party (E&W),PP63
Haringey,Harringay,Rosie Latchford,2030-05-02,Green Party (E&W),PP63
Haringey,Harringay,Marc Jenner,2030-05-02,Green Party (E&W),PP63
Haringey,Hermitage & Gardens,Ata Aksit,2030-05-02,Green Party (E&W),PP63
Haringey,Hermitage & Gardens,Fin Fitzgerald,2030-05-02,Green Party (E&W),PP63
Haringey,Highgate,Scott Emery,2030-05-02,Liberal Democrats,PP90
Haringey,Highgate,Nick Da Costa,2030-05-02,Liberal Democrats,PP90
Haringey,Highgate,Eva Bell,2030-05-02,Green Party (E&W),PP63
Haringey,Hornsey,Dana Carlin,2030-05-02,Labour Party,PP53
Haringey,Hornsey,Adam Small,2030-05-02,Labour Party,PP53
Haringey,Hornsey,Elin Weston,2030-05-02,Labour Party,PP53
Haringey,Muswell Hill,Karolina Braun,2030-05-02,Liberal Democrats,PP90
Haringey,Muswell Hill,Tony Powell,2030-05-02,Liberal Democrats,PP90
Haringey,Noel Park,Johann Beckford,2030-05-02,Green Party (E&W),PP63
Haringey,Noel Park,Simon Clark,2030-05-02,Green Party (E&W),PP63
Haringey,Noel Park,Erin Wolson,2030-05-02,Green Party (E&W),PP63
Haringey,Northumberland Park,Kaushika Amin,2030-05-02,Labour Party,PP53
Haringey,Northumberland Park,John Bevan,2030-05-02,Labour Party,PP53
Haringey,Northumberland Park,Jayon Henriques,2030-05-02,Green Party (E&W),PP63
Haringey,Seven Sisters,Ash Ahmed,2030-05-02,Green Party (E&W),PP63
Haringey,Seven Sisters,Luisa Brands,2030-05-02,Green Party (E&W),PP63
Haringey,South Tottenham,Mark Grosskopf,2030-05-02,Labour Party,PP53
Haringey,South Tottenham,Makbule Gunes,2030-05-02,Labour Party,PP53
Haringey,South Tottenham,Anna Lawton,2030-05-02,Labour Party,PP53
Haringey,St Ann's,Ruairidh Paton,2030-05-02,Green Party (E&W),PP63
Haringey,St Ann's,Georgia Twigg,2030-05-02,Green Party (E&W),PP63
Haringey,Stroud Green,Bethany Anderson,2030-05-02,Green Party (E&W),PP63
Haringey,Stroud Green,Gio Iozzi,2030-05-02,Green Party (E&W),PP63
Haringey,Stroud Green,Edward Thacker,2030-05-02,Green Party (E&W),PP63
Haringey,Tottenham Central,Mark Blake,2030-05-02,Green Party (E&W),PP63
Haringey,Tottenham Central,Dixie-Ann Joseph,2030-05-02,Green Party (E&W),PP63
Haringey,Tottenham Central,Andrew Reid,2030-05-02,Green Party (E&W),PP63
Haringey,Tottenham Hale,Tehseen Khan,2030-05-02,Green Party (E&W),PP63
Haringey,Tottenham Hale,Hannah Ward,2030-05-02,Green Party (E&W),PP63
Haringey,Tottenham Hale,Nelly Tackie,2030-05-02,Green Party (E&W),PP63
Haringey,West Green,Anne Gray,2030-05-02,Green Party (E&W),PP63
Haringey,West Green,Seema Chandwani,2030-05-02,Labour Party,PP53
Haringey,West Green,Sarah Williams,2030-05-02,Labour Party,PP53
Haringey,White Hart Lane,Mike Hodges,2030-05-02,Green Party (E&W),PP63
Haringey,White Hart Lane,Marie Kristensen,2030-05-02,Green Party (E&W),PP63
Haringey,White Hart Lane,Beverley Berrick,2030-05-02,Labour Party,PP53
Haringey,Woodside,Lucia Neves,2030-05-02,Labour Party,PP53
Haringey,Woodside,Tammy Hymas,2030-05-02,Green Party (E&W),PP63
Haringey,Woodside,Hasret Bozdogan,2030-05-02,Labour Party,PP53
Harrow,Belmont,Anjana Patel,2030-05-02,Conservative and Unionist,PP52
Harrow,Belmont,Mina Parmar,2030-05-02,Conservative and Unionist,PP52
Harrow,Canons,Ameet Jogia,2030-05-02,Conservative and Unionist,PP52
Harrow,Canons,Amir Moshenson,2030-05-02,Conservative and Unionist,PP52
Harrow,Centenary,Govind Bharadia,2030-05-02,Conservative and Unionist,PP52
Harrow,Centenary,David Ashton,2030-05-02,Conservative and Unionist,PP52
Harrow,Centenary,Salim Chowdhury,2030-05-02,Conservative and Unionist,PP52
Harrow,Edgware,Nicola Blackman,2030-05-02,Conservative and Unionist,PP52
Harrow,Edgware,Paresh Chudasama,2030-05-02,Conservative and Unionist,PP52
Harrow,Edgware,Yogesh Teli,2030-05-02,Conservative and Unionist,PP52
Harrow,Greenhill,Rhys Benjamin,2030-05-02,Conservative and Unionist,PP52
Harrow,Greenhill,Alpeshkumar Patel,2030-05-02,Conservative and Unionist,PP52
Harrow,Greenhill,Gabriele Montone,2030-05-02,Conservative and Unionist,PP52
Harrow,Harrow on the Hill,Ellé Goodwin-Freeman,2030-05-02,Conservative and Unionist,PP52
Harrow,Harrow on the Hill,Caroline Ojo,2030-05-02,Conservative and Unionist,PP52
Harrow,Harrow Weald,Pritesh Patel,2030-05-02,Conservative and Unionist,PP52
Harrow,Harrow Weald,Stephen Greek,2030-05-02,Conservative and Unionist,PP52
Harrow,Harrow Weald,Michael Raven,2030-05-02,Conservative and Unionist,PP52
Harrow,Hatch End,Matthew Goodwin-Freeman,2030-05-02,Conservative and Unionist,PP52
Harrow,Hatch End,Susan Hall,2030-05-02,Conservative and Unionist,PP52
Harrow,Headstone,Raymond Grant,2030-05-02,Conservative and Unionist,PP52
Harrow,Headstone,Arunasalam Raj,2030-05-02,Conservative and Unionist,PP52
Harrow,Headstone,Meera Vadher,2030-05-02,Conservative and Unionist,PP52
Harrow,Kenton East,Nitesh Hirani,2030-05-02,Conservative and Unionist,PP52
Harrow,Kenton East,Chetna Halai,2030-05-02,Conservative and Unionist,PP52
Harrow,Kenton East,Samir Sumaria,2030-05-02,Conservative and Unionist,PP52
Harrow,Kenton West,Kanti Rabadia,2030-05-02,Conservative and Unionist,PP52
Harrow,Kenton West,Ashish Halai,2030-05-02,Conservative and Unionist,PP52
Harrow,Marlborough,David Perry,2030-05-02,Labour Party,PP53
Harrow,Marlborough,Pamela Fitzpatrick,2030-05-02,Arise,PP18049
Harrow,Marlborough,Varsha Parmar,2030-05-02,Labour Party,PP53
Harrow,North Harrow,Anola Savjani,2030-05-02,Conservative and Unionist,PP52
Harrow,North Harrow,Will Jackson,2030-05-02,Conservative and Unionist,PP52
Harrow,Pinner,Paul Osborn,2030-05-02,Conservative and Unionist,PP52
Harrow,Pinner,Kuha Kumaran,2030-05-02,Conservative and Unionist,PP52
Harrow,Pinner,Norman Stevenson,2030-05-02,Conservative and Unionist,PP52
Harrow,Pinner South,Christopher Baxter,2030-05-02,Conservative and Unionist,PP52
Harrow,Pinner South,Hitesh Karia,2030-05-02,Conservative and Unionist,PP52
Harrow,Pinner South,Janet Mote,2030-05-02,Conservative and Unionist,PP52
Harrow,Rayners Lane,Thaya Idaikkadar,2030-05-02,Conservative and Unionist,PP52
Harrow,Rayners Lane,Krishna Suresh,2030-05-02,Labour Party,PP53
Harrow,Roxbourne,Graham Henson,2030-05-02,Labour Party,PP53
Harrow,Roxbourne,Maxine Henson,2030-05-02,Labour Party,PP53
Harrow,Roxeth,Peymana Assad,2030-05-02,Labour Party,PP53
Harrow,Roxeth,Rashmi Kalu,2030-05-02,Labour Party,PP53
Harrow,Roxeth,John Baxter,2030-05-02,Conservative and Unionist,PP52
Harrow,Stanmore,Marilyn Ashton,2030-05-02,Conservative and Unionist,PP52
Harrow,Stanmore,Philip Benjamin,2030-05-02,Conservative and Unionist,PP52
Harrow,Stanmore,Zak Wagman,2030-05-02,Conservative and Unionist,PP52
Harrow,Wealdstone North,Shahania Choudhury,2030-05-02,Labour Party,PP53
Harrow,Wealdstone North,Ajay Agrawal,2030-05-02,Conservative and Unionist,PP52
Harrow,Wealdstone South,Angella Murphy-Strachan,2030-05-02,Labour Party,PP53
Harrow,Wealdstone South,Yusuf Yusuf,2030-05-02,Labour Party,PP53
Harrow,West Harrow,Sarah Butterworth,2030-05-02,Labour Party,PP53
Harrow,West Harrow,Mike Williams,2030-05-02,Labour Party,PP53
Havering,Beam Park,Trevor McKeever,2030-05-02,Labour Party,PP53
Havering,Beam Park,Matthew Stanton,2030-05-02,Labour Party,PP53
Havering,Cranham,Gillian Ford,2030-05-02,Upminster and Cranham Residents Association,PP30
Havering,Cranham,John Tyler,2030-05-02,Upminster and Cranham Residents Association,PP30
Havering,Cranham,Lesley Tyler,2030-05-02,Upminster and Cranham Residents Association,PP30
Havering,Elm Park,Kimberley Gould,2030-05-02,Hornchurch Residents Association,PP207
Havering,Elm Park,Barry Mugglestone,2030-05-02,Hornchurch Residents Association,PP207
Havering,Elm Park,Stephanie Nunn,2030-05-02,Hornchurch Residents Association,PP207
Havering,Emerson Park,David Johnson,2030-05-02,Reform UK,PP7931
Havering,Emerson Park,Alex Sibley,2030-05-02,Reform UK,PP7931
Havering,Gooshays,Keith Prince,2030-05-02,Reform UK,PP7931
Havering,Gooshays,Liz Tyler,2030-05-02,Reform UK,PP7931
Havering,Gooshays,Robert Whitton,2030-05-02,Reform UK,PP7931
Havering,Hacton,Julie Wilkes,2030-05-02,Hornchurch Residents Association,PP207
Havering,Hacton,Geoff Burgess,2030-05-02,Reform UK,PP7931
Havering,Harold Wood,Brian Eagling,2030-05-02,Harold Wood Hill Park Residents Association,PP784
Havering,Harold Wood,Martin Goode,2030-05-02,Harold Wood Hill Park Residents Association,PP784
Havering,Harold Wood,Darren Wise,2030-05-02,Harold Wood Hill Park Residents Association,PP784
Havering,Havering-atte-Bower,Graham Edwards,2030-05-02,Reform UK,PP7931
Havering,Havering-atte-Bower,Della Morton,2030-05-02,Reform UK,PP7931
Havering,Havering-atte-Bower,Paul Sullivan,2030-05-02,Reform UK,PP7931
Havering,Heaton,Khuram Amin,2030-05-02,Reform UK,PP7931
Havering,Heaton,Kevin Ayres,2030-05-02,Reform UK,PP7931
Havering,Heaton,Iurie Bivol,2030-05-02,Reform UK,PP7931
Havering,Hylands & Harrow Lodge,Kevin Gill,2030-05-02,Reform UK,PP7931
Havering,Hylands & Harrow Lodge,Sean McMahon,2030-05-02,Reform UK,PP7931
Havering,Hylands & Harrow Lodge,Maggie Themistocli,2030-05-02,Reform UK,PP7931
Havering,Marshalls & Rise Park,Robert Benham,2030-05-02,Reform UK,PP7931
Havering,Marshalls & Rise Park,Bailey Nash-Gardner,2030-05-02,Reform UK,PP7931
Havering,Marshalls & Rise Park,Gary Payne,2030-05-02,Reform UK,PP7931
Havering,Mawneys,Sue Benjamins,2030-05-02,Reform UK,PP7931
Havering,Mawneys,Graham Day,2030-05-02,Reform UK,PP7931
Havering,Mawneys,Geoff Starns,2030-05-02,Reform UK,PP7931
Havering,Rainham & Wennington,George Harwin,2030-05-02,Reform UK,PP7931
Havering,Rainham & Wennington,Joe Lock,2030-05-02,Reform UK,PP7931
Havering,Rainham & Wennington,Sue Ospreay,2030-05-02,Rainham Resident's Association,PP238
Havering,Rush Green & Crowlands,Petru Dinsorean,2030-05-02,Reform UK,PP7931
Havering,Rush Green & Crowlands,Alex Donald,2030-05-02,Reform UK,PP7931
Havering,Rush Green & Crowlands,Henry Williams,2030-05-02,Reform UK,PP7931
Havering,South Hornchurch,Luke Barry,2030-05-02,Reform UK,PP7931
Havering,South Hornchurch,Angelica Ola,2030-05-02,Reform UK,PP7931
Havering,Squirrels Heath,Martynas Cekavicius,2030-05-02,Reform UK,PP7931
Havering,Squirrels Heath,Christine Vickery,2030-05-02,Reform UK,PP7931
Havering,Squirrels Heath,Tom Vickery,2030-05-02,Reform UK,PP7931
Havering,St Alban's,Diane Smith,2030-05-02,Reform UK,PP7931
Havering,St Alban's,Russell Smith,2030-05-02,Reform UK,PP7931
Havering,St Andrew's,Robert Attree,2030-05-02,Reform UK,PP7931
Havering,St Andrew's,Malvin Brown,2030-05-02,Reform UK,PP7931
Havering,St Andrew's,Duncan Cowie,2030-05-02,Reform UK,PP7931
Havering,St Edward's,Terry Brown,2030-05-02,Reform UK,PP7931
Havering,St Edward's,Martin Lardner,2030-05-02,Reform UK,PP7931
Havering,St Edward's,Sathya Maddasani,2030-05-02,Reform UK,PP7931
Havering,Upminster,Michael Fisher,2030-05-02,Upminster and Cranham Residents Association,PP30
Havering,Upminster,Oscar Ford,2030-05-02,Upminster and Cranham Residents Association,PP30
Havering,Upminster,Christopher Wilkins,2030-05-02,Upminster and Cranham Residents Association,PP30
Hillingdon,Belmore,Amanpreet Kaur,2030-05-02,Labour Party,PP53
Hillingdon,Belmore,Jagjit Singh,2030-05-02,Labour Party,PP53
Hillingdon,Belmore,Sital Punja,2030-05-02,Labour Party,PP53
Hillingdon,Charville,Darran Davies,2030-05-02,Conservative and Unionist,PP52
Hillingdon,Charville,Archan Raval,2030-05-02,Conservative and Unionist,PP52
Hillingdon,Colham & Cowley,James Bourke,2030-05-02,Conservative and Unionist,PP52
Hillingdon,Colham & Cowley,Shehryar Ahmad-Wallana,2030-05-02,Conservative and Unionist,PP52
Hillingdon,Colham & Cowley,Adam Huddle,2030-05-02,Conservative and Unionist,PP52
Hillingdon,Eastcote,Nick Denys,2030-05-02,Conservative and Unionist,PP52
Hillingdon,Eastcote,Ian Edwards,2030-05-02,Conservative and Unionist,PP52
Hillingdon,Eastcote,Daniel Singham,2030-05-02,Conservative and Unionist,PP52
Hillingdon,Harefield Village,Tommy Balaam,2030-05-02,Conservative and Unionist,PP52
Hillingdon,Hayes Town,Navnit Dhesi,2030-05-02,Labour Party,PP53
Hillingdon,Hayes Town,Raju Sansarpuri,2030-05-02,Labour Party,PP53
Hillingdon,Hayes Town,Stuart Mathers,2030-05-02,Labour Party,PP53
Hillingdon,Heathrow Villages,Narinder Garg,2030-05-02,Labour Party,PP53
Hillingdon,Heathrow Villages,Matthew Elder,2030-05-02,Reform UK,PP7931
Hillingdon,Hillingdon East,Wayne Bridges,2030-05-02,Conservative and Unionist,PP52
Hillingdon,Hillingdon East,Kelly Martin,2030-05-02,Conservative and Unionist,PP52
Hillingdon,Hillingdon East,Colleen Sullivan,2030-05-02,Conservative and Unionist,PP52
Hillingdon,Hillingdon West,Vacant,2030-05-02,Vacant,
Hillingdon,Hillingdon West,Vacant,2030-05-02,Vacant,
Hillingdon,Ickenham & South Harefield,Jane Palmer,2030-05-02,Conservative and Unionist,PP52
Hillingdon,Ickenham & South Harefield,Eddie Lavery,2030-05-02,Conservative and Unionist,PP52
Hillingdon,Ickenham & South Harefield,Kaushik Banerjee,2030-05-02,Conservative and Unionist,PP52
Hillingdon,Northwood,Henry Higgins,2030-05-02,Conservative and Unionist,PP52
Hillingdon,Northwood,Ekta Gohil,2030-05-02,Conservative and Unionist,PP52
Hillingdon,Northwood Hills,Jonathan Bianco,2030-05-02,Conservative and Unionist,PP52
Hillingdon,Northwood Hills,Ranjeet Rathore,2030-05-02,Conservative and Unionist,PP52
Hillingdon,Pinkwell,Tony Gill,2030-05-02,Labour Party,PP53
Hillingdon,Pinkwell,Tony Eginton,2030-05-02,Labour Party,PP53
Hillingdon,Pinkwell,Kuldeep Lakhmana,2030-05-02,Labour Party,PP53
Hillingdon,Ruislip,Philip Corthorne,2030-05-02,Conservative and Unionist,PP52
Hillingdon,Ruislip,Peter Smallwood,2030-05-02,Conservative and Unionist,PP52
Hillingdon,Ruislip,John Riley,2030-05-02,Conservative and Unionist,PP52
Hillingdon,Ruislip Manor,Douglas Mills,2030-05-02,Conservative and Unionist,PP52
Hillingdon,Ruislip Manor,Susan O'Brien,2030-05-02,Conservative and Unionist,PP52
Hillingdon,South Ruislip,Steve Tuckwell,2030-05-02,Conservative and Unionist,PP52
Hillingdon,South Ruislip,Richard Mills,2030-05-02,Conservative and Unionist,PP52
Hillingdon,South Ruislip,John Garner,2030-05-02,Conservative and Unionist,PP52
Hillingdon,Uxbridge,Terence Murray,2030-05-02,Conservative and Unionist,PP52
Hillingdon,Uxbridge,Riley Russell,2030-05-02,Conservative and Unionist,PP52
Hillingdon,Uxbridge,Anil Taneja,2030-05-02,Conservative and Unionist,PP52
Hillingdon,West Drayton,Paul Capps,2030-05-02,Reform UK,PP7931
Hillingdon,West Drayton,Sarah Hassoun,2030-05-02,Green Party (E&W),PP63
Hillingdon,West Drayton,Jan Sweeting,2030-05-02,Labour Party,PP53
Hillingdon,Wood End,Elizabeth Dumergue,2030-05-02,Labour Party,PP53
Hillingdon,Wood End,Kamal Kaur,2030-05-02,Labour Party,PP53
Hillingdon,Wood End,Gursharan Mand,2030-05-02,Labour Party,PP53
Hillingdon,Yeading,Hedson Farinha De Castro,2030-05-02,Labour Party,PP53
Hillingdon,Yeading,Ella Garelick,2030-05-02,Labour Party,PP53
Hillingdon,Yiewsley,Sophie Dror,2030-05-02,Reform UK,PP7931
Hillingdon,Yiewsley,Stacey Lucas,2030-05-02,Reform UK,PP7931
Hounslow,Bedfont,Russell Haynes,2030-05-02,Reform UK,PP7931
Hounslow,Bedfont,Gerry Lieberman,2030-05-02,Reform UK,PP7931
Hounslow,Bedfont,Adesh Farmahan,2030-05-02,Labour Party,PP53
Hounslow,Brentford East,Marcela Benedetti,2030-05-02,Labour Party,PP53
Hounslow,Brentford East,Max Mosley,2030-05-02,Labour Party,PP53
Hounslow,Brentford West,Guy Lambert,2030-05-02,Green Party (E&W),PP63
Hounslow,Brentford West,Craig Owen,2030-05-02,Labour Party,PP53
Hounslow,Chiswick Gunnersbury,Joanna Biddolph,2030-05-02,Conservative and Unionist,PP52
Hounslow,Chiswick Gunnersbury,Ron Mushiso,2030-05-02,Conservative and Unionist,PP52
Hounslow,Chiswick Gunnersbury,Vickram Grewal,2030-05-02,Conservative and Unionist,PP52
Hounslow,Chiswick Homefields,Jack Emsley,2030-05-02,Conservative and Unionist,PP52
Hounslow,Chiswick Homefields,Michael Denniss,2030-05-02,Conservative and Unionist,PP52
Hounslow,Chiswick Homefields,Linden Grigg,2030-05-02,Conservative and Unionist,PP52
Hounslow,Chiswick Riverside,Amy Croft,2030-05-02,Labour Party,PP53
Hounslow,Chiswick Riverside,Gabriella Giles,2030-05-02,Conservative and Unionist,PP52
Hounslow,Chiswick Riverside,Rick Rowe,2030-05-02,Green Party (E&W),PP63
Hounslow,Cranford,Vilber Decosta,2030-05-02,Conservative and Unionist,PP52
Hounslow,Cranford,Gurpreet Sidhu,2030-05-02,Conservative and Unionist,PP52
Hounslow,Cranford,Hira Dhillon,2030-05-02,Labour Party,PP53
Hounslow,Feltham North,Muhammad Akram,2030-05-02,Labour Party,PP53
Hounslow,Feltham North,David Kerr,2030-05-02,Reform UK,PP7931
Hounslow,Feltham North,Adam Parkins,2030-05-02,Reform UK,PP7931
Hounslow,Feltham West,Madeeha Asim,2030-05-02,Labour Party,PP53
Hounslow,Feltham West,Tony Brown,2030-05-02,Reform UK,PP7931
Hounslow,Feltham West,Alan Mitchell,2030-05-02,Labour Party,PP53
Hounslow,Hanworth Park,Johan Lindsten,2030-05-02,Reform UK,PP7931
Hounslow,Hanworth Park,Adrian Page,2030-05-02,Reform UK,PP7931
Hounslow,Hanworth Village,Conrad Brown,2030-05-02,Reform UK,PP7931
Hounslow,Hanworth Village,Aysha Tariq,2030-05-02,Labour Party,PP53
Hounslow,Hanworth Village,Tariq Mehmood,2030-05-02,Labour Party,PP53
Hounslow,Heston Central,Parinoor Kaur,2030-05-02,Conservative and Unionist,PP52
Hounslow,Heston Central,Salvador Pereira,2030-05-02,Conservative and Unionist,PP52
Hounslow,Heston Central,Sampath Mudaliar,2030-05-02,Conservative and Unionist,PP52
Hounslow,Heston East,Jasmine Deol,2030-05-02,Green Party (E&W),PP63
Hounslow,Heston East,Fiza Ahmed,2030-05-02,Labour Party,PP53
Hounslow,Heston East,Gurbachan Athwal,2030-05-02,Labour Party,PP53
Hounslow,Heston West,Lily Bath,2030-05-02,Labour Party,PP53
Hounslow,Heston West,Satwant Kaur,2030-05-02,Conservative and Unionist,PP52
Hounslow,Heston West,Shantanu Rajawat,2030-05-02,Labour Party,PP53
Hounslow,Hounslow Central,Pamila Rodrigues,2030-05-02,Labour Party,PP53
Hounslow,Hounslow Central,Ajmer Grewal,2030-05-02,Labour Party,PP53
Hounslow,Hounslow Central,Pritam Grewal,2030-05-02,Labour Party,PP53
Hounslow,Hounslow East,Paul Baker,2030-05-02,Labour Party,PP53
Hounslow,Hounslow East,Daanish Saeed,2030-05-02,Labour Party,PP53
Hounslow,Hounslow Heath,Samia Chaudhary,2030-05-02,Labour Party,PP53
Hounslow,Hounslow Heath,Sahibaa Hussain,2030-05-02,Labour Party,PP53
Hounslow,Hounslow Heath,Darshan Nagi,2030-05-02,Conservative and Unionist,PP52
Hounslow,Hounslow South,Tom Bruce,2030-05-02,Labour Party,PP53
Hounslow,Hounslow South,Karen Smith,2030-05-02,Labour Party,PP53
Hounslow,Hounslow South,Scott Hill,2030-05-02,Labour Party,PP53
Hounslow,Hounslow West,Allister De Sa,2030-05-02,Conservative and Unionist,PP52
Hounslow,Hounslow West,Vivek Ganachari,2030-05-02,Conservative and Unionist,PP52
Hounslow,Hounslow West,Charmi Parmar,2030-05-02,Conservative and Unionist,PP52
Hounslow,Isleworth,Sue Sampson,2030-05-02,Labour Party,PP53
Hounslow,Isleworth,Salman Shaheen,2030-05-02,Labour Party,PP53
Hounslow,Isleworth,Roger Crouch,2030-05-02,Liberal Democrats,PP90
Hounslow,Osterley & Spring Grove,Tony Louki,2030-05-02,Labour Party,PP53
Hounslow,Osterley & Spring Grove,Unsa Chaudri,2030-05-02,Labour Party,PP53
Hounslow,Osterley & Spring Grove,Ranjit Gill,2030-05-02,Labour Party,PP53
Hounslow,Syon & Brentford Lock,Dan Bowring,2030-05-02,Labour Party,PP53
Hounslow,Syon & Brentford Lock,Katherine Dunne,2030-05-02,Labour Party,PP53
Hounslow,Syon & Brentford Lock,Theo Dennison,2030-05-02,"Brentford, Isleworth, Heston & Hounslow Independents",PP18239
Islington,Arsenal,Fin Craig,2030-05-02,Labour Party,PP53
Islington,Arsenal,Patrick Brighty,2030-05-02,Green Party (E&W),PP63
Islington,Arsenal,Nafisah Brown,2030-05-02,Green Party (E&W),PP63
Islington,Barnsbury,Rowena Champion,2030-05-02,Labour Party,PP53
Islington,Barnsbury,Jilani Chowdhury,2030-05-02,Labour Party,PP53
Islington,Barnsbury,Kane Emerson,2030-05-02,Labour Party,PP53
Islington,Bunhill,Valerie Bossman-Quarshie,2030-05-02,Labour Party,PP53
Islington,Bunhill,Troy Gallagher,2030-05-02,Labour Party,PP53
Islington,Bunhill,Kiran Prasad,2030-05-02,Labour Party,PP53
Islington,Caledonian,Paul Convery,2030-05-02,Labour Party,PP53
Islington,Caledonian,Una O'Halloran,2030-05-02,Labour Party,PP53
Islington,Caledonian,Oliur Rahman,2030-05-02,Labour Party,PP53
Islington,Canonbury,Clare Jeapes,2030-05-02,Labour Party,PP53
Islington,Canonbury,Nick Wayne,2030-05-02,Labour Party,PP53
Islington,Canonbury,Hayden Banks,2030-05-02,Green Party (E&W),PP63
Islington,Clerkenwell,Jara Falkenburg,2030-05-02,Green Party (E&W),PP63
Islington,Clerkenwell,Ruth Hayes,2030-05-02,Labour Party,PP53
Islington,Clerkenwell,Giulio Ferrini,2030-05-02,Green Party (E&W),PP63
Islington,Finsbury Park,Caroline Allen,2030-05-02,Green Party (E&W),PP63
Islington,Finsbury Park,Syreen Hassan,2030-05-02,Green Party (E&W),PP63
Islington,Finsbury Park,Michael O'Sullivan,2030-05-02,Labour Party,PP53
Islington,Highbury,Benali Hamdache,2030-05-02,Green Party (E&W),PP63
Islington,Highbury,Talia Hussain,2030-05-02,Green Party (E&W),PP63
Islington,Highbury,Jon Nott,2030-05-02,Green Party (E&W),PP63
Islington,Hillrise,Shreya Nanda,2030-05-02,Labour Party,PP53
Islington,Hillrise,Michelline Safi-Ngongo,2030-05-02,Labour Party,PP53
Islington,Hillrise,Marian Spall,2030-05-02,Labour Party,PP53
Islington,Holloway,Jason Jackson,2030-05-02,Labour Party,PP53
Islington,Holloway,Claire Zammit,2030-05-02,Labour Party,PP53
Islington,Holloway,Joe Peck,2030-05-02,Labour Party,PP53
Islington,Junction,Sheila Chapman,2030-05-02,Labour Party,PP53
Islington,Junction,James Potts,2030-05-02,Labour Party,PP53
Islington,Junction,Benjamin Gregg,2030-05-02,Labour Party,PP53
Islington,Laycock,Maia Hamilton,2030-05-02,Labour Party,PP53
Islington,Laycock,Heather Staff,2030-05-02,Labour Party,PP53
Islington,Laycock,Nurullah Turan,2030-05-02,Labour Party,PP53
Islington,Mildmay,Sophia Brown,2030-05-02,Green Party (E&W),PP63
Islington,Mildmay,Jackson Caines,2030-05-02,Green Party (E&W),PP63
Islington,Mildmay,Carlos Valero,2030-05-02,Green Party (E&W),PP63
Islington,St Mary's & St James',Hannah McHugh,2030-05-02,Labour Party,PP53
Islington,St Mary's & St James',Joseph Croft,2030-05-02,Labour Party,PP53
Islington,St Mary's & St James',Saiqa Pandor,2030-05-02,Labour Party,PP53
Islington,St Peter's & Canalside,Martin Klute,2030-05-02,Labour Party,PP53
Islington,St Peter's & Canalside,Toby North,2030-05-02,Labour Party,PP53
Islington,St Peter's & Canalside,Rosaline Ogunro,2030-05-02,Labour Party,PP53
Islington,Tollington,Elmedina Baptista-Mendes,2030-05-02,Green Party (E&W),PP63
Islington,Tollington,Jonathan Ward,2030-05-02,Green Party (E&W),PP63
Islington,Tollington,Alex Nettle,2030-05-02,Green Party (E&W),PP63
Islington,Tufnell Park,Sophia Andersson-Gylden,2030-05-02,Green Party (E&W),PP63
Islington,Tufnell Park,Devon Osborne,2030-05-02,Green Party (E&W),PP63
Islington,Tufnell Park,Sheridan Kates,2030-05-02,Green Party (E&W),PP63
Kensington and Chelsea,Abingdon,Sarah Addenbrooke,2030-05-02,Conservative and Unionist,PP52
Kensington and Chelsea,Campden,Catherine Faulks,2030-05-02,Conservative and Unionist,PP52
Kensington and Chelsea,St. Helen's,Billy Beckett,2030-05-02,Labour Party,PP53
Kensington and Chelsea,Earl's Court,Linda Wade,2030-05-02,Liberal Democrats,PP90
Kensington and Chelsea,Notting Dale,Kasim Ali,2030-05-02,Labour Party,PP53
Kensington and Chelsea,St. Helen's,Lucy Shaw,2030-05-02,Labour Party,PP53
Kensington and Chelsea,Chelsea Riverside,Laura Burns,2030-05-02,Conservative and Unionist,PP52
Kensington and Chelsea,Notting Dale,Claire Simmons,2030-05-02,Labour Party,PP53
Kensington and Chelsea,Pembridge,Georgia Hardisty,2030-05-02,Conservative and Unionist,PP52
Kensington and Chelsea,Royal Hospital,Elizabeth Campbell,2030-05-02,Conservative and Unionist,PP52
Kensington and Chelsea,Pembridge,Natacha Ritchie,2030-05-02,Conservative and Unionist,PP52
Kensington and Chelsea,Courtfield,Janet Evans,2030-05-02,Conservative and Unionist,PP52
Kensington and Chelsea,Brompton & Hans Town,Walaa Idris,2030-05-02,Conservative and Unionist,PP52
Kensington and Chelsea,Holland,Lucy Knight,2030-05-02,Conservative and Unionist,PP52
Kensington and Chelsea,Chelsea Riverside,Heena Bellara,2030-05-02,Conservative and Unionist,PP52
Kensington and Chelsea,Abingdon,Anne Cyron,2030-05-02,Conservative and Unionist,PP52
Kensington and Chelsea,Golborne,Nadia Nail,2030-05-02,Labour Party,PP53
Kensington and Chelsea,Campden,Preety Hudd,2030-05-02,Conservative and Unionist,PP52
Kensington and Chelsea,Holland,Johnny Thalassites,2030-05-02,Conservative and Unionist,PP52
Kensington and Chelsea,Campden,Lloyd North,2030-05-02,Conservative and Unionist,PP52
Kensington and Chelsea,Chelsea Riverside,Max Chauhan,2030-05-02,Conservative and Unionist,PP52
Kensington and Chelsea,Dalgarno,Abdullahi Nur,2030-05-02,Labour Party,PP53
Kensington and Chelsea,Abingdon,James Husband,2030-05-02,Conservative and Unionist,PP52
Kensington and Chelsea,Notting Dale,Portia Thaxter,2030-05-02,Labour Party,PP53
Kensington and Chelsea,Holland,Aarien Areti,2030-05-02,Conservative and Unionist,PP52
Kensington and Chelsea,Norland,Marc Goldfinger,2030-05-02,Conservative and Unionist,PP52
Kensington and Chelsea,Colville,Monica Press,2030-05-02,Labour Party,PP53
Kensington and Chelsea,Colville,Cihan Cheron,2030-05-02,Labour Party,PP53
Kensington and Chelsea,Queen's Gate,Sam Mackover,2030-05-02,Conservative and Unionist,PP52
Kensington and Chelsea,Courtfield,Gregory Hammond,2030-05-02,Conservative and Unionist,PP52
Kensington and Chelsea,Golborne,Sina Lari,2030-05-02,Labour Party,PP53
Kensington and Chelsea,Norland,Stéphanie Petit,2030-05-02,Conservative and Unionist,PP52
Kensington and Chelsea,Queen's Gate,Max Dodd-Noble,2030-05-02,Conservative and Unionist,PP52
Kensington and Chelsea,Redcliffe,Tom Bennett,2030-05-02,Conservative and Unionist,PP52
Kensington and Chelsea,Brompton & Hans Town,Sof McVeigh,2030-05-02,Conservative and Unionist,PP52
Kensington and Chelsea,Queen's Gate,Ned Whitley,2030-05-02,Conservative and Unionist,PP52
Kensington and Chelsea,Stanley,Will Pascall,2030-05-02,Conservative and Unionist,PP52
Kensington and Chelsea,Golborne,Peter Marshall,2030-05-02,Labour Party,PP53
Kensington and Chelsea,Colville,Jack Reason,2030-05-02,Labour Party,PP53
Kensington and Chelsea,Royal Hospital,Emma Will,2030-05-02,Conservative and Unionist,PP52
Kensington and Chelsea,Redcliffe,Marie-Therese Rossi,2030-05-02,Conservative and Unionist,PP52
Kensington and Chelsea,Courtfield,Quentin Marshall,2030-05-02,Conservative and Unionist,PP52
Kensington and Chelsea,Earl's Court,James Ortiz,2030-05-02,Liberal Democrats,PP90
Kensington and Chelsea,Stanley,Josh Rendall,2030-05-02,Conservative and Unionist,PP52
Kensington and Chelsea,Dalgarno,Alex Porter,2030-05-02,Labour Party,PP53
Kensington and Chelsea,Earl's Court,Sofia Gurrola,2030-05-02,Liberal Democrats,PP90
Kensington and Chelsea,Stanley,Kim Taylor-Smith,2030-05-02,Conservative and Unionist,PP52
Kensington and Chelsea,Brompton & Hans Town,Mary Weale,2030-05-02,Conservative and Unionist,PP52
Kensington and Chelsea,Royal Hospital,Cem Kemahli,2030-05-02,Conservative and Unionist,PP52
Kensington and Chelsea,Redcliffe,Sidney Yankson,2030-05-02,Conservative and Unionist,PP52
Kingston upon Thames,Alexandra,Ian Manders,2030-05-02,Liberal Democrats,PP90
Kingston upon Thames,Alexandra,Amir Khan,2030-05-02,Liberal Democrats,PP90
Kingston upon Thames,Berrylands,Anita Schaper,2030-05-02,Liberal Democrats,PP90
Kingston upon Thames,Berrylands,Rizwana Malik,2030-05-02,Liberal Democrats,PP90
Kingston upon Thames,Canbury Gardens,Peter Higgins,2030-05-02,Liberal Democrats,PP90
Kingston upon Thames,Canbury Gardens,Nicolai Due-Gundersen,2030-05-02,Liberal Democrats,PP90
Kingston upon Thames,Chessington South & Malden Rushett,Andreas Kirsch,2030-05-02,Liberal Democrats,PP90
Kingston upon Thames,Chessington South & Malden Rushett,Griseldis Kirsch,2030-05-02,Liberal Democrats,PP90
Kingston upon Thames,Chessington South & Malden Rushett,Sharukh Mirza,2030-05-02,Liberal Democrats,PP90
Kingston upon Thames,Coombe Hill,Rowena Bass,2030-05-02,Conservative and Unionist,PP52
Kingston upon Thames,Coombe Hill,Ian George,2030-05-02,Conservative and Unionist,PP52
Kingston upon Thames,Coombe Vale,Kim Bailey,2030-05-02,Liberal Democrats,PP90
Kingston upon Thames,Coombe Vale,Brian Austen,2030-05-02,Liberal Democrats,PP90
Kingston upon Thames,Coombe Vale,Andrew Sillett,2030-05-02,Liberal Democrats,PP90
Kingston upon Thames,Green Lane & St James,James Giles,2030-05-02,Kingston Independent Residents Group,PP6302
Kingston upon Thames,Green Lane & St James,Yvonne Tracey,2030-05-02,Kingston Independent Residents Group,PP6302
Kingston upon Thames,Hook & Chessington North,Joanne Barker,2030-05-02,Liberal Democrats,PP90
Kingston upon Thames,Hook & Chessington North,Sue Ansari,2030-05-02,Liberal Democrats,PP90
Kingston upon Thames,Hook & Chessington North,Lorraine Dunstone,2030-05-02,Liberal Democrats,PP90
Kingston upon Thames,King George's & Sunray,Helen Grocott,2030-05-02,Liberal Democrats,PP90
Kingston upon Thames,King George's & Sunray,Mark Beynon,2030-05-02,Liberal Democrats,PP90
Kingston upon Thames,Kingston Gate,Sarah Wait-Sillett,2030-05-02,Liberal Democrats,PP90
Kingston upon Thames,Kingston Gate,Stephen Evans,2030-05-02,Liberal Democrats,PP90
Kingston upon Thames,Kingston Gate,Mark Manners,2030-05-02,Liberal Democrats,PP90
Kingston upon Thames,Kingston Town,Roger Hayes,2030-05-02,Liberal Democrats,PP90
Kingston upon Thames,Kingston Town,Nicola Nardelli,2030-05-02,Liberal Democrats,PP90
Kingston upon Thames,Kingston Town,Sabah Hamed,2030-05-02,Liberal Democrats,PP90
Kingston upon Thames,Motspur Park & Old Malden East,Callum Morrissey,2030-05-02,Liberal Democrats,PP90
Kingston upon Thames,Motspur Park & Old Malden East,Wimal Wimalathasan,2030-05-02,Liberal Democrats,PP90
Kingston upon Thames,New Malden Village,Mark Durrant,2030-05-02,Liberal Democrats,PP90
Kingston upon Thames,New Malden Village,Lesley Heap,2030-05-02,Liberal Democrats,PP90
Kingston upon Thames,New Malden Village,Robert Kim,2030-05-02,Liberal Democrats,PP90
Kingston upon Thames,Norbiton,Emily Davey,2030-05-02,Liberal Democrats,PP90
Kingston upon Thames,Norbiton,Olly Wehring,2030-05-02,Liberal Democrats,PP90
Kingston upon Thames,Norbiton,Sam Foulder-Hughes,2030-05-02,Liberal Democrats,PP90
Kingston upon Thames,Old Malden,Mike Massimi,2030-05-02,Liberal Democrats,PP90
Kingston upon Thames,Old Malden,Elizabeth Park,2030-05-02,Liberal Democrats,PP90
Kingston upon Thames,St Mark's & Seething Wells,Helen Milestone,2030-05-02,Liberal Democrats,PP90
Kingston upon Thames,St Mark's & Seething Wells,Robert Sadler,2030-05-02,Liberal Democrats,PP90
Kingston upon Thames,St Mark's & Seething Wells,Yogan Yoganathan,2030-05-02,Liberal Democrats,PP90
Kingston upon Thames,Surbiton Hill,Alison Holt,2030-05-02,Liberal Democrats,PP90
Kingston upon Thames,Surbiton Hill,Tom Reeve,2030-05-02,Liberal Democrats,PP90
Kingston upon Thames,Surbiton Hill,Manish Shukla,2030-05-02,Liberal Democrats,PP90
Kingston upon Thames,Tolworth,Jane Lim,2030-05-02,Liberal Democrats,PP90
Kingston upon Thames,Tolworth,Thay Thayalan,2030-05-02,Liberal Democrats,PP90
Kingston upon Thames,Tolworth,Andrew Wooldridge,2030-05-02,Liberal Democrats,PP90
Kingston upon Thames,Tudor,Blaise Murphet,2030-05-02,Liberal Democrats,PP90
Kingston upon Thames,Tudor,Sachin Tulyani,2030-05-02,Liberal Democrats,PP90
Lambeth,Brixton Acre Lane,Natalie Kane,2030-05-02,Green Party (E&W),PP63
Lambeth,Brixton Acre Lane,Michael Chessum,2030-05-02,Green Party (E&W),PP63
Lambeth,Brixton Acre Lane,David Bridson,2030-05-02,Labour Party,PP53
Lambeth,Brixton North,Nanda Manley-Browne,2030-05-02,Labour Party,PP53
Lambeth,Brixton North,Samantha Dorney-Smith,2030-05-02,Green Party (E&W),PP63
Lambeth,Brixton North,John-Paul Ennis,2030-05-02,Labour Party,PP53
Lambeth,Brixton Rush Common,Zvikomborero Chihoro,2030-05-02,Green Party (E&W),PP63
Lambeth,Brixton Rush Common,Sacha Takyi-Berko,2030-05-02,Green Party (E&W),PP63
Lambeth,Brixton Rush Common,Viktor Westerdahl,2030-05-02,Green Party (E&W),PP63
Lambeth,Brixton Windrush,Carlotta Allum,2030-05-02,Green Party (E&W),PP63
Lambeth,Brixton Windrush,Serafina Spicer,2030-05-02,Green Party (E&W),PP63
Lambeth,Clapham Common & Abbeville,Simon Cordon,2030-05-02,Liberal Democrats,PP90
Lambeth,Clapham Common & Abbeville,Chris Nicholson,2030-05-02,Liberal Democrats,PP90
Lambeth,Clapham East,Erica Abu,2030-05-02,Labour Party,PP53
Lambeth,Clapham East,Cat Thomson,2030-05-02,Green Party (E&W),PP63
Lambeth,Clapham Park,Verity McGivern,2030-05-02,Labour Party,PP53
Lambeth,Clapham Park,Martin Tiedemann,2030-05-02,Labour Party,PP53
Lambeth,Clapham Park,Joanna Eaves,2030-05-02,Green Party (E&W),PP63
Lambeth,Clapham Town,Linda Bray,2030-05-02,Labour Party,PP53
Lambeth,Clapham Town,Patrick O'Donnell,2030-05-02,Labour Party,PP53
Lambeth,Clapham Town,Jonathan Bartley,2030-05-02,Green Party (E&W),PP63
Lambeth,Gipsy Hill,Pete Elliott,2030-05-02,Green Party (E&W),PP63
Lambeth,Gipsy Hill,Chloe Hawryluk,2030-05-02,Green Party (E&W),PP63
Lambeth,Herne Hill & Loughborough Junction,Ciara Alleyne,2030-05-02,Green Party (E&W),PP63
Lambeth,Herne Hill & Loughborough Junction,Paul Valentine,2030-05-02,Green Party (E&W),PP63
Lambeth,Herne Hill & Loughborough Junction,Alan Andrews,2030-05-02,Green Party (E&W),PP63
Lambeth,Kennington,David Amos,2030-05-02,Labour Party,PP53
Lambeth,Kennington,Dominic Lynch,2030-05-02,Labour Party,PP53
Lambeth,Kennington,Joanne Simpson,2030-05-02,Labour Party,PP53
Lambeth,Knight's Hill,Elizabeth Fraser,2030-05-02,Green Party (E&W),PP63
Lambeth,Knight's Hill,Lisa Schulkind,2030-05-02,Green Party (E&W),PP63
Lambeth,Knight's Hill,Matt Wilcock,2030-05-02,Green Party (E&W),PP63
Lambeth,Myatt's Fields,Patience Clague,2030-05-02,Green Party (E&W),PP63
Lambeth,Myatt's Fields,Annie Gallop,2030-05-02,Labour Party,PP53
Lambeth,Oval,Claire Holland,2030-05-02,Labour Party,PP53
Lambeth,Oval,Diogo Costa,2030-05-02,Labour Party,PP53
Lambeth,Oval,Bryn Scott,2030-05-02,Labour Party,PP53
Lambeth,St Martin's,Jeremy Isaacs,2030-05-02,Green Party (E&W),PP63
Lambeth,St Martin's,Georgina Berriman,2030-05-02,Labour Party,PP53
Lambeth,Stockwell East,Kevin Brown,2030-05-02,Green Party (E&W),PP63
Lambeth,Stockwell East,Tam Langley,2030-05-02,Liberal Democrats,PP90
Lambeth,Stockwell West & Larkhall,Nadia Burrell,2030-05-02,Labour Party,PP53
Lambeth,Stockwell West & Larkhall,David Oxley,2030-05-02,Labour Party,PP53
Lambeth,Stockwell West & Larkhall,Joe Dharampal-Hornby,2030-05-02,Labour Party,PP53
Lambeth,Streatham Common & Vale,Danial Adilypour,2030-05-02,Labour Party,PP53
Lambeth,Streatham Common & Vale,Sarah Cole,2030-05-02,Labour Party,PP53
Lambeth,Streatham Common & Vale,Dom Armstrong,2030-05-02,Labour Party,PP53
Lambeth,Streatham Hill East,Martin Abrams,2030-05-02,Green Party (E&W),PP63
Lambeth,Streatham Hill East,Amelia Shoebridge,2030-05-02,Green Party (E&W),PP63
Lambeth,Streatham Hill West & Thornton,Matthew Bryant,2030-05-02,Liberal Democrats,PP90
Lambeth,Streatham Hill West & Thornton,Kita Ogden,2030-05-02,Liberal Democrats,PP90
Lambeth,Streatham St Leonard's,Scott Ainslie,2030-05-02,Green Party (E&W),PP63
Lambeth,Streatham St Leonard's,Alice Weavers,2030-05-02,Green Party (E&W),PP63
Lambeth,Streatham St Leonard's,Saiqa Ali,2030-05-02,Green Party (E&W),PP63
Lambeth,Streatham Wells,Judy Best,2030-05-02,Liberal Democrats,PP90
Lambeth,Streatham Wells,Simon Bucknall,2030-05-02,Liberal Democrats,PP90
Lambeth,Vauxhall,Jacqueline Bond,2030-05-02,Green Party (E&W),PP63
Lambeth,Vauxhall,David Ford,2030-05-02,Labour Party,PP53
Lambeth,Vauxhall,Liam Daley,2030-05-02,Labour Party,PP53
Lambeth,Waterloo & South Bank,Ibrahim Dogus,2030-05-02,Labour Party,PP53
Lambeth,Waterloo & South Bank,Doug Buist,2030-05-02,Liberal Democrats,PP90
Lambeth,West Dulwich,Tom Palmer,2030-05-02,Green Party (E&W),PP63
Lambeth,West Dulwich,Judith Cavanagh,2030-05-02,Labour Party,PP53
Lewisham,Bellingham,Gavin Moore,2030-05-02,Labour Party,PP53
Lewisham,Bellingham,Nadja Penfold,2030-05-02,Green Party (E&W),PP63
Lewisham,Blackheath,Rebecca Jones,2030-05-02,Green Party (E&W),PP63
Lewisham,Blackheath,Pauline Dall,2030-05-02,Labour Party,PP53
Lewisham,Blackheath,Tracey Martin,2030-05-02,Green Party (E&W),PP63
Lewisham,Brockley,Ade Adewunmi,2030-05-02,Green Party (E&W),PP63
Lewisham,Brockley,El Fry,2030-05-02,Green Party (E&W),PP63
Lewisham,Brockley,Rotimi Skyers,2030-05-02,Green Party (E&W),PP63
Lewisham,Catford South,Briony Edwards,2030-05-02,Green Party (E&W),PP63
Lewisham,Catford South,Oliver Matejka,2030-05-02,Labour Party,PP53
Lewisham,Catford South,Eva Stamirowski,2030-05-02,Labour Party,PP53
Lewisham,Crofton Park,Aaron Regisford,2030-05-02,Green Party (E&W),PP63
Lewisham,Crofton Park,Liam Shrivastava,2030-05-02,Green Party (E&W),PP63
Lewisham,Crofton Park,Natalie Thomas,2030-05-02,Green Party (E&W),PP63
Lewisham,Deptford,Heather Farnworth,2030-05-02,Green Party (E&W),PP63
Lewisham,Deptford,Daniel Jenkins,2030-05-02,Green Party (E&W),PP63
Lewisham,Deptford,Hau-Yu Tam,2030-05-02,Green Party (E&W),PP63
Lewisham,Downham,Andre Bourne,2030-05-02,Labour Party,PP53
Lewisham,Downham,Gloria Lambert-Morris,2030-05-02,Labour Party,PP53
Lewisham,Downham,Oana Olaru-Holmes,2030-05-02,Labour Party,PP53
Lewisham,Evelyn,Leni Candan,2030-05-02,Green Party (E&W),PP63
Lewisham,Evelyn,Dylan Cooper-Stubbs,2030-05-02,Green Party (E&W),PP63
Lewisham,Evelyn,Rudi Schmidt,2030-05-02,Green Party (E&W),PP63
Lewisham,Forest Hill,Peter Bernards,2030-05-02,Labour Party,PP53
Lewisham,Forest Hill,Fergus Navaratnam-Blair,2030-05-02,Green Party (E&W),PP63
Lewisham,Forest Hill,Annabelle Roberts,2030-05-02,Green Party (E&W),PP63
Lewisham,Grove Park,Suzannah Clarke,2030-05-02,Labour Party,PP53
Lewisham,Grove Park,Samantha Gower,2030-05-02,Green Party (E&W),PP63
Lewisham,Grove Park,Hilary Moore,2030-05-02,Labour Party,PP53
Lewisham,Hither Green,Eleonora Aiello,2030-05-02,Green Party (E&W),PP63
Lewisham,Hither Green,Yemisi Anifowose,2030-05-02,Labour Party,PP53
Lewisham,Hither Green,Kim Powell,2030-05-02,Labour Party,PP53
Lewisham,Ladywell,Shireen Asaw,2030-05-02,Green Party (E&W),PP63
Lewisham,Ladywell,Robin McGhee,2030-05-02,Green Party (E&W),PP63
Lewisham,Ladywell,Ed Sutton,2030-05-02,Green Party (E&W),PP63
Lewisham,Lee Green,Ese Erheriene,2030-05-02,Labour Party,PP53
Lewisham,Lee Green,James Rathbone,2030-05-02,Labour Party,PP53
Lewisham,Lee Green,Laura Sessions,2030-05-02,Green Party (E&W),PP63
Lewisham,Lewisham Central,Hibaaq Aden,2030-05-02,Green Party (E&W),PP63
Lewisham,Lewisham Central,Mark Kowalski,2030-05-02,Green Party (E&W),PP63
Lewisham,New Cross Gate,Wellington Gil,2030-05-02,Green Party (E&W),PP63
Lewisham,New Cross Gate,Ruth Persian,2030-05-02,Green Party (E&W),PP63
Lewisham,Perry Vale,Justin Cheadle,2030-05-02,Green Party (E&W),PP63
Lewisham,Perry Vale,Maria McKenna,2030-05-02,Green Party (E&W),PP63
Lewisham,Perry Vale,Mike Podmore,2030-05-02,Green Party (E&W),PP63
Lewisham,Rushey Green,Daniel Dream,2030-05-02,Green Party (E&W),PP63
Lewisham,Rushey Green,Samantha Gardiner,2030-05-02,Green Party (E&W),PP63
Lewisham,Rushey Green,Claire Wills,2030-05-02,Green Party (E&W),PP63
Lewisham,Sydenham,Corin Ashwell,2030-05-02,Green Party (E&W),PP63
Lewisham,Sydenham,Tanya Dunne,2030-05-02,Green Party (E&W),PP63
Lewisham,Sydenham,Markus Michelucci,2030-05-02,Green Party (E&W),PP63
Lewisham,Telegraph Hill,Kate Anderson,2030-05-02,Green Party (E&W),PP63
Lewisham,Telegraph Hill,Becky Sanders,2030-05-02,Green Party (E&W),PP63
Lewisham,Telegraph Hill,Nick Torry,2030-05-02,Green Party (E&W),PP63
Merton,Abbey,John Braithwaite,2030-05-02,Liberal Democrats,PP90
Merton,Abbey,Klaar Dresselaers,2030-05-02,Liberal Democrats,PP90
Merton,Abbey,Barry Smith,2030-05-02,Liberal Democrats,PP90
Merton,Cannon Hill,Richard Poole,2030-05-02,Liberal Democrats,PP90
Merton,Cannon Hill,Asif Ashraf,2030-05-02,Liberal Democrats,PP90
Merton,Cannon Hill,Robert Mitchell,2030-05-02,Liberal Democrats,PP90
Merton,Colliers Wood,Caroline Cooper-Marbiah,2030-05-02,Labour Party,PP53
Merton,Colliers Wood,Stuart Neaverson,2030-05-02,Labour Party,PP53
Merton,Colliers Wood,Joanna Sieradzinska,2030-05-02,Labour Party,PP53
Merton,Cricket Green,Michael Butcher,2030-05-02,Labour Party,PP53
Merton,Cricket Green,Usaama Kaweesa,2030-05-02,Labour Party,PP53
Merton,Cricket Green,Gill Manly,2030-05-02,Labour Party,PP53
Merton,Figge's Marsh,Agatha Akyigyina,2030-05-02,Labour Party,PP53
Merton,Figge's Marsh,Dan Johnston,2030-05-02,Labour Party,PP53
Merton,Figge's Marsh,Franca Ofeimu,2030-05-02,Labour Party,PP53
Merton,Graveney,Linda Kirby,2030-05-02,Labour Party,PP53
Merton,Graveney,Billy Hayes,2030-05-02,Labour Party,PP53
Merton,Graveney,Devina Paul,2030-05-02,Labour Party,PP53
Merton,Hillside,Sarah Golby,2030-05-02,Liberal Democrats,PP90
Merton,Hillside,Daniel Holden,2030-05-02,Conservative and Unionist,PP52
Merton,Lavender Fields,Edith Macauley,2030-05-02,Labour Party,PP53
Merton,Lavender Fields,Harry Platts,2030-05-02,Labour Party,PP53
Merton,Lavender Fields,Slawek Szczepanski,2030-05-02,Labour Party,PP53
Merton,Longthornton,Brenda Fraser,2030-05-02,Labour Party,PP53
Merton,Longthornton,Ross Garrod,2030-05-02,Labour Party,PP53
Merton,Longthornton,Sonia Phillips,2030-05-02,Labour Party,PP53
Merton,Lower Morden,Dan Hogan,2030-05-02,Labour Party,PP53
Merton,Lower Morden,Sally Kenny,2030-05-02,Labour Party,PP53
Merton,Lower Morden,Daniel Shearer,2030-05-02,Labour Party,PP53
Merton,Merton Park,Edward Foley,2030-05-02,Merton Park Ward Independent Residents,PP202
Merton,Merton Park,Stephen Mercer,2030-05-02,Merton Park Ward Independent Residents,PP202
Merton,Pollards Hill,Joan Henry,2030-05-02,Labour Party,PP53
Merton,Pollards Hill,Martin Whelton,2030-05-02,Labour Party,PP53
Merton,Pollards Hill,Ryan Rodrigues,2030-05-02,Labour Party,PP53
Merton,Ravensbury,Stephen Alambritis,2030-05-02,Labour Party,PP53
Merton,Ravensbury,Val Hoppichler,2030-05-02,Labour Party,PP53
Merton,Ravensbury,Peter McCabe,2030-05-02,Labour Party,PP53
Merton,Raynes Park,Victoria Wilson,2030-05-02,Liberal Democrats,PP90
Merton,Raynes Park,Chessie Flack,2030-05-02,Liberal Democrats,PP90
Merton,Raynes Park,Matthew Willis,2030-05-02,Liberal Democrats,PP90
Merton,St Helier,Nedra Daniel,2030-05-02,Labour Party,PP53
Merton,St Helier,Andrew Judge,2030-05-02,Labour Party,PP53
Merton,St Helier,Shuile Syeda,2030-05-02,Labour Party,PP53
Merton,Village,Max Austin,2030-05-02,Conservative and Unionist,PP52
Merton,Village,Jan Comer,2030-05-02,Conservative and Unionist,PP52
Merton,Village,Will Orson,2030-05-02,Conservative and Unionist,PP52
Merton,Wandle,Sebastian Budner,2030-05-02,Labour Party,PP53
Merton,Wandle,Eleanor Stringer,2030-05-02,Labour Party,PP53
Merton,West Barnes,Hina Bokhari,2030-05-02,Liberal Democrats,PP90
Merton,West Barnes,Mariam Hakim,2030-05-02,Liberal Democrats,PP90
Merton,West Barnes,Robert Page,2030-05-02,Liberal Democrats,PP90
Merton,Wimbledon Park,Jil Hall,2030-05-02,Liberal Democrats,PP90
Merton,Wimbledon Park,Tony Reiss,2030-05-02,Liberal Democrats,PP90
Merton,Wimbledon Park,Nick Thomas,2030-05-02,Liberal Democrats,PP90
Merton,Wimbledon Town & Dundonald,Samantha MacArthur,2030-05-02,Liberal Democrats,PP90
Merton,Wimbledon Town & Dundonald,Anthony Fairclough,2030-05-02,Liberal Democrats,PP90
Merton,Wimbledon Town & Dundonald,Simon McGrath,2030-05-02,Liberal Democrats,PP90
Newham,Beckton,Syed Ahmed,2030-05-02,Labour Party,PP53
Newham,Beckton,Tonii Wilson,2030-05-02,Labour Party,PP53
Newham,Beckton,Blossom Young,2030-05-02,Labour Party,PP53
Newham,Boleyn,Muhammad Aziz,2030-05-02,Newham Independents Party,PP17713
Newham,Boleyn,Moniba Khan,2030-05-02,Newham Independents Party,PP17713
Newham,Boleyn,Mehmood Mirza,2030-05-02,Newham Independents Party,PP17713
Newham,Canning Town North,Imogen Anderson,2030-05-02,Green Party (E&W),PP63
Newham,Canning Town North,Aleya Hussain,2030-05-02,Labour Party,PP53
Newham,Canning Town North,Shaban Mohammed,2030-05-02,Labour Party,PP53
Newham,Canning Town South,Aderonke Benson,2030-05-02,Labour Party,PP53
Newham,Canning Town South,Rohit Dasgupta,2030-05-02,Labour Party,PP53
Newham,Canning Town South,John Morris,2030-05-02,Labour Party,PP53
Newham,Custom House,Heather Lafferty,2030-05-02,Labour Party,PP53
Newham,Custom House,Thelma Odoi,2030-05-02,Labour Party,PP53
Newham,Custom House,Simon Rush,2030-05-02,Labour Party,PP53
Newham,East Ham,Abdul Halim,2030-05-02,Newham Independents Party,PP17713
Newham,East Ham,Syed Naqvi,2030-05-02,Newham Independents Party,PP17713
Newham,East Ham,Begum Sahera,2030-05-02,Newham Independents Party,PP17713
Newham,East Ham South,Sanawar Hussain,2030-05-02,Labour Party,PP53
Newham,East Ham South,Susan Masters,2030-05-02,Labour Party,PP53
Newham,East Ham South,Lakmini Shah,2030-05-02,Labour Party,PP53
Newham,Forest Gate North,Matthew Carlile,2030-05-02,Green Party (E&W),PP63
Newham,Forest Gate North,Rachel Tripp,2030-05-02,Labour Party,PP53
Newham,Forest Gate South,Arshan Baskaran,2030-05-02,Green Party (E&W),PP63
Newham,Forest Gate South,Zahra Kheyre,2030-05-02,Green Party (E&W),PP63
Newham,Forest Gate South,Jack Pickard,2030-05-02,Green Party (E&W),PP63
Newham,Green Street East,Sunny Chowdhury,2030-05-02,Newham Independents Party,PP17713
Newham,Green Street East,Zakir Hossain,2030-05-02,Newham Independents Party,PP17713
Newham,Green Street East,Rohima Rahman,2030-05-02,Labour Party,PP53
Newham,Green Street West,Idris Ibrahim,2030-05-02,Newham Independents Party,PP17713
Newham,Green Street West,Rumana Liza,2030-05-02,Newham Independents Party,PP17713
Newham,Green Street West,Qasim Yaseen,2030-05-02,Newham Independents Party,PP17713
Newham,Little Ilford,Tahir Mirza,2030-05-02,Newham Independents Party,PP17713
Newham,Little Ilford,Oli Rahman,2030-05-02,Newham Independents Party,PP17713
Newham,Little Ilford,Nasreen Shamima,2030-05-02,Newham Independents Party,PP17713
Newham,Manor Park,Imam Haque,2030-05-02,Labour Party,PP53
Newham,Manor Park,Salema Khatun,2030-05-02,Labour Party,PP53
Newham,Manor Park,Salim Patel,2030-05-02,Labour Party,PP53
Newham,Maryland,Kelly Drake,2030-05-02,Green Party (E&W),PP63
Newham,Maryland,Ren Tilbury,2030-05-02,Green Party (E&W),PP63
Newham,Plaistow North,Nizam Ali,2030-05-02,Newham Independents Party,PP17713
Newham,Plaistow North,Zulfiqar Ali,2030-05-02,Labour Party,PP53
Newham,Plaistow North,Sophia Naqvi,2030-05-02,Newham Independents Party,PP17713
Newham,Plaistow South,Nazrul Islam,2030-05-02,Newham Independents Party,PP17713
Newham,Plaistow South,Obaid Khan,2030-05-02,Newham Independents Party,PP17713
Newham,Plaistow South,Tamzied Khan,2030-05-02,Newham Independents Party,PP17713
Newham,Plaistow West & Canning Town East,Shantu Ferdous,2030-05-02,Labour Party,PP53
Newham,Plaistow West & Canning Town East,Robert Gordon,2030-05-02,Labour Party,PP53
Newham,Plaistow West & Canning Town East,Madeleine Pontin,2030-05-02,Labour Party,PP53
Newham,Plashet,Zuber Gulamussen,2030-05-02,Newham Independents Party,PP17713
Newham,Plashet,Ilyas Sharif,2030-05-02,Newham Independents Party,PP17713
Newham,Royal Albert,Ann Easter,2030-05-02,Labour Party,PP53
Newham,Royal Albert,Poojitha Konkati,2030-05-02,Green Party (E&W),PP63
Newham,Royal Victoria,Rob Callender,2030-05-02,Green Party (E&W),PP63
Newham,Royal Victoria,Shabd Pyari,2030-05-02,Green Party (E&W),PP63
Newham,Stratford,Nate Higgins,2030-05-02,Green Party (E&W),PP63
Newham,Stratford,Joe Hudson-Small,2030-05-02,Green Party (E&W),PP63
Newham,Stratford,Danny Keeling,2030-05-02,Green Party (E&W),PP63
Newham,Stratford Olympic Park,Chae Hwang,2030-05-02,Green Party (E&W),PP63
Newham,Stratford Olympic Park,Sonia Quintero,2030-05-02,Green Party (E&W),PP63
Newham,Wall End,Kumar Anand,2030-05-02,Newham Independents Party,PP17713
Newham,Wall End,Muhammad Majeed,2030-05-02,Newham Independents Party,PP17713
Newham,Wall End,Noman Abu,2030-05-02,Newham Independents Party,PP17713
Newham,West Ham,Ibrahim Alom,2030-05-02,Green Party (E&W),PP63
Newham,West Ham,John Gray,2030-05-02,Labour Party,PP53
Newham,West Ham,Adjoa Kwarteng,2030-05-02,Labour Party,PP53
Redbridge,Aldborough,Kam Rai,2030-05-02,Labour Party,PP53
Redbridge,Aldborough,Jyotsna Islam,2030-05-02,Labour Party,PP53
Redbridge,Aldborough,Lebo Phakoe,2030-05-02,Labour Party,PP53
Redbridge,Barkingside,Harminder Bal,2030-05-02,Labour Party,PP53
Redbridge,Barkingside,Martin Sachs,2030-05-02,Labour Party,PP53
Redbridge,Barkingside,Syeda Pasha,2030-05-02,Labour Party,PP53
Redbridge,Bridge,Stephen Adams,2030-05-02,Conservative and Unionist,PP52
Redbridge,Bridge,Adam Joiner,2030-05-02,Conservative and Unionist,PP52
Redbridge,Bridge,Josiah Moseley,2030-05-02,Conservative and Unionist,PP52
Redbridge,Chadwell,Bert Jones,2030-05-02,Labour Party,PP53
Redbridge,Chadwell,Muhammad Afzal,2030-05-02,Redbridge Independents,PP17614
Redbridge,Chadwell,Niamh Atkins,2030-05-02,Green Party (E&W),PP63
Redbridge,Churchfields,Lloyd Duddridge,2030-05-02,Labour Party,PP53
Redbridge,Churchfields,Judith Garfield,2030-05-02,Labour Party,PP53
Redbridge,Churchfields,Guy Williams,2030-05-02,Labour Party,PP53
Redbridge,Clayhall,Kalpana Bose,2030-05-02,Labour Party,PP53
Redbridge,Clayhall,Jamal Uddin,2030-05-02,Labour Party,PP53
Redbridge,Clayhall,Kamal Qureshi,2030-05-02,Labour Party,PP53
Redbridge,Clementswood,Muhammed Javed,2030-05-02,Labour Party,PP53
Redbridge,Clementswood,Zulfiqar Hussain,2030-05-02,Labour Party,PP53
Redbridge,Clementswood,Fazlul Haque,2030-05-02,Redbridge Independents,PP17614
Redbridge,Cranbrook,Feza Haque,2030-05-02,Redbridge Independents,PP17614
Redbridge,Cranbrook,Mushtaq Ahmed,2030-05-02,Labour Party,PP53
Redbridge,Cranbrook,Mohamed Haleemdeen,2030-05-02,Redbridge Independents,PP17614
Redbridge,Fairlop,Bob Chattaway,2030-05-02,Labour Party,PP53
Redbridge,Fairlop,Erza Doda,2030-05-02,Labour Party,PP53
Redbridge,Fairlop,Yogesh Saini,2030-05-02,Labour Party,PP53
Redbridge,Fullwell,Matthew Goddin,2030-05-02,Labour Party,PP53
Redbridge,Fullwell,Vibhu Taneja,2030-05-02,Labour Party,PP53
Redbridge,Fullwell,Linda Mullis,2030-05-02,Labour Party,PP53
Redbridge,Goodmayes,Ben Cornish,2030-05-02,Labour Party,PP53
Redbridge,Goodmayes,Shorif Akhonda,2030-05-02,Labour Party,PP53
Redbridge,Goodmayes,Prabjit Gurm,2030-05-02,Labour Party,PP53
Redbridge,Hainault,Helen Mullis,2030-05-02,Labour Party,PP53
Redbridge,Hainault,Shah Ali,2030-05-02,Labour Party,PP53
Redbridge,Hainault,Neil Anderson,2030-05-02,Reform UK,PP7931
Redbridge,Ilford Town,Saima Ahmed,2030-05-02,Labour Party,PP53
Redbridge,Ilford Town,Hossain Enamul,2030-05-02,Redbridge Independents,PP17614
Redbridge,Loxford,Foyzur Rahman,2030-05-02,Labour Party,PP53
Redbridge,Loxford,Sahdia Warraich,2030-05-02,Labour Party,PP53
Redbridge,Loxford,Mazhar Saleem,2030-05-02,Labour Party,PP53
Redbridge,Mayfield,Harneek Kaur,2030-05-02,Labour Party,PP53
Redbridge,Mayfield,Noor Begum,2030-05-02,Redbridge Independents,PP17614
Redbridge,Mayfield,Rishi Bhagi,2030-05-02,Labour Party,PP53
Redbridge,Monkhams,Joel Herga,2030-05-02,Conservative and Unionist,PP52
Redbridge,Monkhams,Clark Vasey,2030-05-02,Conservative and Unionist,PP52
Redbridge,Newbury,Sunny Brar,2030-05-02,Labour Party,PP53
Redbridge,Newbury,Thavathuray Jeyaranjan,2030-05-02,Labour Party,PP53
Redbridge,Newbury,Syeda Choudhury,2030-05-02,Labour Party,PP53
Redbridge,Seven Kings,Imran Ahmed,2030-05-02,Redbridge Independents,PP17614
Redbridge,Seven Kings,Vanisha Solanki,2030-05-02,Labour Party,PP53
Redbridge,Seven Kings,Nav Johal,2030-05-02,Labour Party,PP53
Redbridge,South Woodford,Beverley Brewer,2030-05-02,Labour Party,PP53
Redbridge,South Woodford,Monika Patel,2030-05-02,Green Party (E&W),PP63
Redbridge,South Woodford,Kallan Greybe,2030-05-02,Green Party (E&W),PP63
Redbridge,Valentines,Rashida Choudhery,2030-05-02,Redbridge Independents,PP17614
Redbridge,Valentines,Alex Charlton-Holmes,2030-05-02,Labour Party,PP53
Redbridge,Valentines,Marwan Elfallah,2030-05-02,Redbridge Independents,PP17614
Redbridge,Wanstead Park,Emma Shepherd-Mallinson,2030-05-02,Labour Party,PP53
Redbridge,Wanstead Park,Milli Clack,2030-05-02,Green Party (E&W),PP63
Redbridge,Wanstead Village,Jo Blackman,2030-05-02,Labour Party,PP53
Redbridge,Wanstead Village,Susan Whitehead,2030-05-02,Green Party (E&W),PP63
Redbridge,Wanstead Village,Daniel Morgan-Thomas,2030-05-02,Labour Party,PP53
Richmond upon Thames,Barnes,Andy Hale,2030-05-02,Liberal Democrats,PP90
Richmond upon Thames,Barnes,Duncan Rasor,2030-05-02,Liberal Democrats,PP90
Richmond upon Thames,Barnes,Fiona Sacks,2030-05-02,Liberal Democrats,PP90
Richmond upon Thames,East Sheen,Julia Cambridge,2030-05-02,Liberal Democrats,PP90
Richmond upon Thames,East Sheen,Margaret Dane,2030-05-02,Liberal Democrats,PP90
Richmond upon Thames,East Sheen,Mohsin Khan,2030-05-02,Liberal Democrats,PP90
Richmond upon Thames,Fulwell & Hampton Hill,Jonathan Cardy,2030-05-02,Liberal Democrats,PP90
Richmond upon Thames,Fulwell & Hampton Hill,Matthew Hull,2030-05-02,Liberal Democrats,PP90
Richmond upon Thames,Fulwell & Hampton Hill,Matthew Wherry,2030-05-02,Liberal Democrats,PP90
Richmond upon Thames,"Ham, Petersham & Richmond Riverside",Penelope Frost,2030-05-02,Liberal Democrats,PP90
Richmond upon Thames,"Ham, Petersham & Richmond Riverside",Seamus Joyce,2030-05-02,Liberal Democrats,PP90
Richmond upon Thames,"Ham, Petersham & Richmond Riverside",Dermot Kelly,2030-05-02,Liberal Democrats,PP90
Richmond upon Thames,Hampton,Sam Dalton,2030-05-02,Liberal Democrats,PP90
Richmond upon Thames,Hampton,Nick Kennerley,2030-05-02,Liberal Democrats,PP90
Richmond upon Thames,Hampton,Gareth Roberts,2030-05-02,Liberal Democrats,PP90
Richmond upon Thames,Hampton North,Carey Bishop,2030-05-02,Liberal Democrats,PP90
Richmond upon Thames,Hampton North,Jeremy Davis,2030-05-02,Liberal Democrats,PP90
Richmond upon Thames,Hampton North,Elizabeth Gant,2030-05-02,Liberal Democrats,PP90
Richmond upon Thames,Hampton Wick & South Teddington,Helen Baxter,2030-05-02,Liberal Democrats,PP90
Richmond upon Thames,Hampton Wick & South Teddington,Jim Millard,2030-05-02,Liberal Democrats,PP90
Richmond upon Thames,Hampton Wick & South Teddington,Liz Tidhar,2030-05-02,Liberal Democrats,PP90
Richmond upon Thames,Heathfield,John Coombs,2030-05-02,Liberal Democrats,PP90
Richmond upon Thames,Heathfield,Lesley Pollesche,2030-05-02,Liberal Democrats,PP90
Richmond upon Thames,Heathfield,Michael Wilson,2030-05-02,Liberal Democrats,PP90
Richmond upon Thames,Kew,Kelvin Cheatle,2030-05-02,Liberal Democrats,PP90
Richmond upon Thames,Kew,Maureen Goldthorpe,2030-05-02,Liberal Democrats,PP90
Richmond upon Thames,Kew,Clare Vollum,2030-05-02,Liberal Democrats,PP90
Richmond upon Thames,Mortlake & Barnes Common,Geri Cox,2030-05-02,Liberal Democrats,PP90
Richmond upon Thames,Mortlake & Barnes Common,Michael Dingemans,2030-05-02,Liberal Democrats,PP90
Richmond upon Thames,Mortlake & Barnes Common,Anton McNulty-Howard,2030-05-02,Liberal Democrats,PP90
Richmond upon Thames,North Richmond,Nancy Baldwin,2030-05-02,Liberal Democrats,PP90
Richmond upon Thames,North Richmond,Richard Pyne,2030-05-02,Liberal Democrats,PP90
Richmond upon Thames,North Richmond,Richard Warren,2030-05-02,Liberal Democrats,PP90
Richmond upon Thames,South Richmond,Massimo Chiesa,2030-05-02,Liberal Democrats,PP90
Richmond upon Thames,South Richmond,Chris Varley,2030-05-02,Liberal Democrats,PP90
Richmond upon Thames,South Richmond,Paulina Vassileva,2030-05-02,Liberal Democrats,PP90
Richmond upon Thames,South Twickenham,Michael Butlin,2030-05-02,Liberal Democrats,PP90
Richmond upon Thames,South Twickenham,Jack Jones,2030-05-02,Liberal Democrats,PP90
Richmond upon Thames,South Twickenham,Rhi Lee,2030-05-02,Liberal Democrats,PP90
Richmond upon Thames,St Margarets & North Twickenham,Alexander Ehmann,2030-05-02,Liberal Democrats,PP90
Richmond upon Thames,St Margarets & North Twickenham,Katie Mansfield,2030-05-02,Liberal Democrats,PP90
Richmond upon Thames,St Margarets & North Twickenham,Maria Margiotta,2030-05-02,Liberal Democrats,PP90
Richmond upon Thames,Teddington,Richard Baker,2030-05-02,Liberal Democrats,PP90
Richmond upon Thames,Teddington,Charlie Engel,2030-05-02,Liberal Democrats,PP90
Richmond upon Thames,Teddington,Phil Giesler,2030-05-02,Liberal Democrats,PP90
Richmond upon Thames,Twickenham Riverside,James Chard,2030-05-02,Liberal Democrats,PP90
Richmond upon Thames,Twickenham Riverside,Andrew Duncan,2030-05-02,Liberal Democrats,PP90
Richmond upon Thames,Twickenham Riverside,Julia Neden-Watts,2030-05-02,Liberal Democrats,PP90
Richmond upon Thames,West Twickenham,Piers Allen,2030-05-02,Liberal Democrats,PP90
Richmond upon Thames,West Twickenham,Alan Juriansz,2030-05-02,Liberal Democrats,PP90
Richmond upon Thames,West Twickenham,Rachel Robertson,2030-05-02,Liberal Democrats,PP90
Richmond upon Thames,Whitton,Jo Humphreys,2030-05-02,Liberal Democrats,PP90
Richmond upon Thames,Whitton,Nathanael MacDonald,2030-05-02,Liberal Democrats,PP90
Richmond upon Thames,Whitton,Kuldev Sehra,2030-05-02,Liberal Democrats,PP90
Southwark,Borough & Bankside,Victor Chamberlain,2030-05-02,Liberal Democrats,PP90
Southwark,Borough & Bankside,Hellen Benavides,2030-05-02,Liberal Democrats,PP90
Southwark,Borough & Bankside,David Watson,2030-05-02,Liberal Democrats,PP90
Southwark,Camberwell Green,Dora Dixon-Fyle,2030-05-02,Labour Party,PP53
Southwark,Camberwell Green,Jen Thornton,2030-05-02,Labour Party,PP53
Southwark,Camberwell Green,James Moyse,2030-05-02,Labour Party,PP53
Southwark,Champion Hill,Sarah King,2030-05-02,Labour Party,PP53
Southwark,Champion Hill,Bill Williams,2030-05-02,Labour Party,PP53
Southwark,Chaucer,Felix Hamer,2030-05-02,Green Party (E&W),PP63
Southwark,Chaucer,Suzanne Wise,2030-05-02,Green Party (E&W),PP63
Southwark,Chaucer,Pascale Mitchell,2030-05-02,Green Party (E&W),PP63
Southwark,Dulwich Hill,Tori Griffiths,2030-05-02,Labour Party,PP53
Southwark,Dulwich Hill,Janice White,2030-05-02,Green Party (E&W),PP63
Southwark,Dulwich Village,Margy Newens,2030-05-02,Labour Party,PP53
Southwark,Dulwich Village,Richard Leeming,2030-05-02,Labour Party,PP53
Southwark,Dulwich Wood,Ruth Bannister,2030-05-02,Labour Party,PP53
Southwark,Dulwich Wood,Sean Hannigan,2030-05-02,Labour Party,PP53
Southwark,Faraday,Mohamed Deen,2030-05-02,Labour Party,PP53
Southwark,Faraday,Felicia Johnston,2030-05-02,Labour Party,PP53
Southwark,Faraday,Sasjkia Otto,2030-05-02,Labour Party,PP53
Southwark,Goose Green,Eloise Waldon-Day,2030-05-02,Green Party (E&W),PP63
Southwark,Goose Green,James McAsh,2030-05-02,Green Party (E&W),PP63
Southwark,Goose Green,George Grime,2030-05-02,Green Party (E&W),PP63
Southwark,London Bridge & West Bermondsey,Sam Dalton,2030-05-02,Labour Party,PP53
Southwark,London Bridge & West Bermondsey,David Noakes,2030-05-02,Liberal Democrats,PP90
Southwark,London Bridge & West Bermondsey,Selena Gray,2030-05-02,Labour Party,PP53
Southwark,Newington,John Batteson,2030-05-02,Labour Party,PP53
Southwark,Newington,Natasha Ennin,2030-05-02,Labour Party,PP53
Southwark,Newington,Leigh Richman,2030-05-02,Labour Party,PP53
Southwark,North Bermondsey,Rachel Bentley,2030-05-02,Liberal Democrats,PP90
Southwark,North Bermondsey,Francesco Guerrieri,2030-05-02,Liberal Democrats,PP90
Southwark,North Bermondsey,Patrickson Obanya,2030-05-02,Liberal Democrats,PP90
Southwark,North Walworth,Rebecca Corn,2030-05-02,Green Party (E&W),PP63
Southwark,North Walworth,Sam Foster,2030-05-02,Green Party (E&W),PP63
Southwark,North Walworth,Vanessa Threadgold,2030-05-02,Green Party (E&W),PP63
Southwark,Nunhead & Queen's Road,Catherine Dawkins,2030-05-02,Green Party (E&W),PP63
Southwark,Nunhead & Queen's Road,Claire Sheppard,2030-05-02,Green Party (E&W),PP63
Southwark,Nunhead & Queen's Road,Richard Taylor,2030-05-02,Green Party (E&W),PP63
Southwark,Old Kent Road,Evelyn Akoto,2030-05-02,Labour Party,PP53
Southwark,Old Kent Road,Richard Livingstone,2030-05-02,Labour Party,PP53
Southwark,Old Kent Road,Alexandra Austin,2030-05-02,Green Party (E&W),PP63
Southwark,Peckham,Ryan Cox,2030-05-02,Green Party (E&W),PP63
Southwark,Peckham,Sabina Emmanuel,2030-05-02,Labour Party,PP53
Southwark,Peckham,Dean Peters,2030-05-02,Green Party (E&W),PP63
Southwark,Peckham Rye,Victoria Mills,2030-05-02,Labour Party,PP53
Southwark,Peckham Rye,Renata Hamvas,2030-05-02,Labour Party,PP53
Southwark,Rotherhithe,Colin Boyle,2030-05-02,Green Party (E&W),PP63
Southwark,Rotherhithe,Stephanie Cryan,2030-05-02,Labour Party,PP53
Southwark,Rotherhithe,Kath Whittam,2030-05-02,Green Party (E&W),PP63
Southwark,Rye Lane,Jasmine Ali,2030-05-02,Labour Party,PP53
Southwark,Rye Lane,Esme Dobson,2030-05-02,Labour Party,PP53
Southwark,Rye Lane,Reginald Popoola,2030-05-02,Green Party (E&W),PP63
Southwark,South Bermondsey,Fatmata Bah,2030-05-02,Labour Party,PP53
Southwark,South Bermondsey,Andy Bates,2030-05-02,Labour Party,PP53
Southwark,South Bermondsey,Sunny Lambe,2030-05-02,Labour Party,PP53
Southwark,St George's,Graham Neale,2030-05-02,Liberal Democrats,PP90
Southwark,St George's,Lina Usma,2030-05-02,Liberal Democrats,PP90
Southwark,St Giles,Rachael Penny,2030-05-02,Green Party (E&W),PP63
Southwark,St Giles,Callum Fowler,2030-05-02,Green Party (E&W),PP63
Southwark,St Giles,Andy Higson,2030-05-02,Green Party (E&W),PP63
Southwark,Surrey Docks,Richard Macmillan,2030-05-02,Liberal Democrats,PP90
Southwark,Surrey Docks,Adam Hood,2030-05-02,Liberal Democrats,PP90
Southwark,Surrey Docks,Jane Salmon,2030-05-02,Liberal Democrats,PP90
Sutton,Beddington,Nick Mattey,2030-05-02,Independent / Other,
Sutton,Beddington,Sue Ebanks,2030-05-02,Liberal Democrats,PP90
Sutton,Beddington,Rob Leah,2030-05-02,Liberal Democrats,PP90
Sutton,Belmont,Chandra Alapati,2030-05-02,Liberal Democrats,PP90
Sutton,Belmont,Joseph Barkham,2030-05-02,Liberal Democrats,PP90
Sutton,Belmont,Rashi Barsaiyan,2030-05-02,Liberal Democrats,PP90
Sutton,Carshalton Central,Isabel Araujo,2030-05-02,Liberal Democrats,PP90
Sutton,Carshalton Central,Andrew Jenner,2030-05-02,Liberal Democrats,PP90
Sutton,Carshalton Central,Jake Short,2030-05-02,Liberal Democrats,PP90
Sutton,Carshalton South & Clockhouse,Pete Chubb,2030-05-02,Liberal Democrats,PP90
Sutton,Carshalton South & Clockhouse,Noor Sumun,2030-05-02,Liberal Democrats,PP90
Sutton,Carshalton South & Clockhouse,Lisa Webster,2030-05-02,Liberal Democrats,PP90
Sutton,Cheam,Shimino Jesudas,2030-05-02,Liberal Democrats,PP90
Sutton,Cheam,Stephen Kingdom,2030-05-02,Liberal Democrats,PP90
Sutton,Cheam,Melody Thorpe,2030-05-02,Liberal Democrats,PP90
Sutton,Hackbridge,Tom Foster,2030-05-02,Liberal Democrats,PP90
Sutton,Hackbridge,Dave Tchil,2030-05-02,Labour Party,PP53
Sutton,North Cheam,James Appleby,2030-05-02,Liberal Democrats,PP90
Sutton,North Cheam,Naveen Samrat,2030-05-02,Liberal Democrats,PP90
Sutton,North Cheam,Jason Stone,2030-05-02,Liberal Democrats,PP90
Sutton,South Beddington & Roundshaw,Edward Joyce,2030-05-02,Liberal Democrats,PP90
Sutton,South Beddington & Roundshaw,Sunil Kumar,2030-05-02,Liberal Democrats,PP90
Sutton,South Beddington & Roundshaw,Judy Walsh,2030-05-02,Liberal Democrats,PP90
Sutton,St Helier East,Paul Cole,2030-05-02,Liberal Democrats,PP90
Sutton,St Helier East,Gemma Munday,2030-05-02,Liberal Democrats,PP90
Sutton,St Helier West,Janey Gould,2030-05-02,Reform UK,PP7931
Sutton,St Helier West,Joicy Joseph,2030-05-02,Liberal Democrats,PP90
Sutton,St Helier West,Alison Long,2030-05-02,Reform UK,PP7931
Sutton,Stonecot,Rob Beck,2030-05-02,Liberal Democrats,PP90
Sutton,Stonecot,Cumar Sahathevan,2030-05-02,Liberal Democrats,PP90
Sutton,Sutton Central,Richard Choi,2030-05-02,Liberal Democrats,PP90
Sutton,Sutton Central,Cryss Mennaceur,2030-05-02,Liberal Democrats,PP90
Sutton,Sutton Central,Ed Parsley,2030-05-02,Liberal Democrats,PP90
Sutton,Sutton North,Sam Cumber,2030-05-02,Liberal Democrats,PP90
Sutton,Sutton North,Yusuf El-Razzak,2030-05-02,Liberal Democrats,PP90
Sutton,Sutton North,Vanessa McCain,2030-05-02,Liberal Democrats,PP90
Sutton,Sutton South,Richard Clifton,2030-05-02,Liberal Democrats,PP90
Sutton,Sutton South,Trish Fivey,2030-05-02,Liberal Democrats,PP90
Sutton,Sutton South,Asif Hirani,2030-05-02,Liberal Democrats,PP90
Sutton,Sutton West & East Cheam,Qasim Esak,2030-05-02,Liberal Democrats,PP90
Sutton,Sutton West & East Cheam,Louise Phelan,2030-05-02,Liberal Democrats,PP90
Sutton,Sutton West & East Cheam,Christopher Woolmer,2030-05-02,Liberal Democrats,PP90
Sutton,The Wrythe,Rukhsar Askari,2030-05-02,Liberal Democrats,PP90
Sutton,The Wrythe,Ian Simpson,2030-05-02,Liberal Democrats,PP90
Sutton,The Wrythe,Colin Stears,2030-05-02,Liberal Democrats,PP90
Sutton,Wallington North,Aaron Goater,2030-05-02,Liberal Democrats,PP90
Sutton,Wallington North,Sunita Gordon,2030-05-02,Liberal Democrats,PP90
Sutton,Wallington North,Barry Lewis,2030-05-02,Liberal Democrats,PP90
Sutton,Wallington South,Sam Martin,2030-05-02,Liberal Democrats,PP90
Sutton,Wallington South,Muhammad Sadiq,2030-05-02,Liberal Democrats,PP90
Sutton,Wallington South,Jayne McCoy,2030-05-02,Liberal Democrats,PP90
Sutton,Worcester Park North,Jo Elgarf,2030-05-02,Liberal Democrats,PP90
Sutton,Worcester Park North,Israel Owoade,2030-05-02,Liberal Democrats,PP90
Sutton,Worcester Park South,Jenna Hartley-Smith,2030-05-02,Liberal Democrats,PP90
Sutton,Worcester Park South,Luni Sabharwal,2030-05-02,Liberal Democrats,PP90
Tower Hamlets,Bromley North,Mohammed Ilyas,2030-05-02,Aspire,PP6713
Tower Hamlets,Lansbury,Iqbal Hossain,2030-05-02,Aspire,PP6713
Tower Hamlets,Lansbury,Foysal Ahmed,2030-05-02,Aspire,PP6713
Tower Hamlets,Whitechapel,Shafi Ahmed,2030-05-02,Aspire,PP6713
Tower Hamlets,Spitalfields & Banglatown,Faysal Ahmed,2030-05-02,Aspire,PP6713
Tower Hamlets,Stepney Green,Sabina Akhtar,2030-05-02,Aspire,PP6713
Tower Hamlets,St Dunstan's,Shafiq Islam,2030-05-02,Aspire,PP6713
Tower Hamlets,Mile End,Rougie Khanom,2030-05-02,Aspire,PP6713
Tower Hamlets,Bow East,Mads Churchhouse,2030-05-02,Green Party (E&W),PP63
Tower Hamlets,Whitechapel,Kamrul Hussain,2030-05-02,Aspire,PP6713
Tower Hamlets,Limehouse,David Edgar,2030-05-02,Labour Party,PP53
Tower Hamlets,Bow West,Rupert George,2030-05-02,Green Party (E&W),PP63
Tower Hamlets,Bow East,Ottilie Swinyard,2030-05-02,Green Party (E&W),PP63
Tower Hamlets,Blackwall & Cubitt Town,Bellal Uddin,2030-05-02,Aspire,PP6713
Tower Hamlets,Blackwall & Cubitt Town,Ahmodur Khan,2030-05-02,Aspire,PP6713
Tower Hamlets,Poplar,Gulam Kibria Choudhury,2030-05-02,Aspire,PP6713
Tower Hamlets,Island Gardens,Peter Golds,2030-05-02,Conservative and Unionist,PP52
Tower Hamlets,St Katharine's & Wapping,Abdal Ullah,2030-05-02,Labour Party,PP53
Tower Hamlets,Mile End,Mohammed Mahmud,2030-05-02,Aspire,PP6713
Tower Hamlets,Bow East,Jonathan Purcell,2030-05-02,Green Party (E&W),PP63
Tower Hamlets,Bethnal Green East,Syed Abdullah,2030-05-02,Aspire,PP6713
Tower Hamlets,Island Gardens,Sadiqur Rahman,2030-05-02,Aspire,PP6713
Tower Hamlets,Bethnal Green East,Ahmodul Kabir,2030-05-02,Aspire,PP6713
Tower Hamlets,Bethnal Green West,Abu Chowdhury,2030-05-02,Aspire,PP6713
Tower Hamlets,Bromley South,Shahaveer Hussain,2030-05-02,Labour Party,PP53
Tower Hamlets,Bethnal Green East,Halima Islam,2030-05-02,Aspire,PP6713
Tower Hamlets,St Katharine's & Wapping,Victoria Lupton,2030-05-02,Labour Party,PP53
Tower Hamlets,Whitechapel,Abulkashem Helal,2030-05-02,Aspire,PP6713
Tower Hamlets,Shadwell,Harun Miah,2030-05-02,Aspire,PP6713
Tower Hamlets,Lansbury,Abul Monsur,2030-05-02,Independent / Other,
Tower Hamlets,Bethnal Green West,Musthak Ahmed,2030-05-02,Aspire,PP6713
Tower Hamlets,St Dunstan's,Shenaly Miah,2030-05-02,Aspire,PP6713
Tower Hamlets,Shadwell,Rabina Khan,2030-05-02,Liberal Democrats,PP90
Tower Hamlets,Canary Wharf,Maium Talukdar,2030-05-02,Aspire,PP6713
Tower Hamlets,Bromley North,Abdul Mannan,2030-05-02,Aspire,PP6713
Tower Hamlets,Weavers,Kabir Ahmed,2030-05-02,Aspire,PP6713
Tower Hamlets,Bethnal Green West,Amin Rahman,2030-05-02,Aspire,PP6713
Tower Hamlets,Bow West,Martin Parker,2030-05-02,Green Party (E&W),PP63
Tower Hamlets,Weavers,Amina Ali,2030-05-02,Labour Party,PP53
Tower Hamlets,Stepney Green,Abdul Wahid Ali,2030-05-02,Aspire,PP6713
Tower Hamlets,Spitalfields & Banglatown,Suluk Ahmed,2030-05-02,Aspire,PP6713
Tower Hamlets,Blackwall & Cubitt Town,Minara Khatun,2030-05-02,Aspire,PP6713
Tower Hamlets,Mile End,Mohammed Omar Mehdi,2030-05-02,Aspire,PP6713
Tower Hamlets,Bromley South,Bodrul Choudhury,2030-05-02,Aspire,PP6713
Tower Hamlets,Canary Wharf,Saied Ahmed,2030-05-02,Aspire,PP6713
Waltham Forest,Cann Hall,Eva Tabbasam,2030-05-02,Green Party (E&W),PP63
Waltham Forest,Cann Hall,Tom Hainge,2030-05-02,Green Party (E&W),PP63
Waltham Forest,Cann Hall,Peter Richardson,2030-05-02,Green Party (E&W),PP63
Waltham Forest,Cathall,Rachel Barrat,2030-05-02,Green Party (E&W),PP63
Waltham Forest,Cathall,Aisha Abubakar,2030-05-02,Labour Party,PP53
Waltham Forest,Chapel End,Layla Rosa,2030-05-02,Green Party (E&W),PP63
Waltham Forest,Chapel End,Sue Wheat,2030-05-02,Green Party (E&W),PP63
Waltham Forest,Chapel End,Luke Glazzard,2030-05-02,Green Party (E&W),PP63
Waltham Forest,Chingford Green,Mitchell Goldie,2030-05-02,Conservative and Unionist,PP52
Waltham Forest,Chingford Green,Kay Isa,2030-05-02,Conservative and Unionist,PP52
Waltham Forest,Chingford Green,Kelly Summers,2030-05-02,Conservative and Unionist,PP52
Waltham Forest,Endlebury,Roy Berg,2030-05-02,Conservative and Unionist,PP52
Waltham Forest,Endlebury,Emma Best,2030-05-02,Conservative and Unionist,PP52
Waltham Forest,Forest,Simone Mcnichols-Thomas,2030-05-02,Green Party (E&W),PP63
Waltham Forest,Forest,Yuksel Gonul,2030-05-02,Green Party (E&W),PP63
Waltham Forest,Forest,Paul Perkins,2030-05-02,Green Party (E&W),PP63
Waltham Forest,Grove Green,Sarah Bentley,2030-05-02,Green Party (E&W),PP63
Waltham Forest,Grove Green,Charlotte Lafferty,2030-05-02,Green Party (E&W),PP63
Waltham Forest,Grove Green,Paul Treacy,2030-05-02,Green Party (E&W),PP63
Waltham Forest,Hale End & Highams Park South,Tony Bell,2030-05-02,Labour Party,PP53
Waltham Forest,Hale End & Highams Park South,Rosalind Doré,2030-05-02,Labour Party,PP53
Waltham Forest,Hatch Lane & Highams Park North,Shenise Adam,2030-05-02,Conservative and Unionist,PP52
Waltham Forest,Hatch Lane & Highams Park North,Siobhan Wing,2030-05-02,Conservative and Unionist,PP52
Waltham Forest,Hatch Lane & Highams Park North,Umar Ali,2030-05-02,Conservative and Unionist,PP52
Waltham Forest,High Street,Lisa Bryan,2030-05-02,Green Party (E&W),PP63
Waltham Forest,High Street,John Donegan,2030-05-02,Green Party (E&W),PP63
Waltham Forest,High Street,Marcelo Hart-Camus,2030-05-02,Green Party (E&W),PP63
Waltham Forest,Higham Hill,Louise Ashcroft,2030-05-02,Green Party (E&W),PP63
Waltham Forest,Higham Hill,Karen Bellamy,2030-05-02,Labour Party,PP53
Waltham Forest,Higham Hill,Em Dean,2030-05-02,Green Party (E&W),PP63
Waltham Forest,Hoe Street,Andrew Dixon,2030-05-02,Labour Party,PP53
Waltham Forest,Hoe Street,Miriam Mirwitch,2030-05-02,Labour Party,PP53
Waltham Forest,Hoe Street,Ahsan Khan,2030-05-02,Labour Party,PP53
Waltham Forest,Larkswood,John Moss,2030-05-02,Conservative and Unionist,PP52
Waltham Forest,Larkswood,Catherine Saumarez,2030-05-02,Conservative and Unionist,PP52
Waltham Forest,Larkswood,Sam O'Connell,2030-05-02,Conservative and Unionist,PP52
Waltham Forest,Lea Bridge,Liz Biggs,2030-05-02,Green Party (E&W),PP63
Waltham Forest,Lea Bridge,Solène Fabios,2030-05-02,Green Party (E&W),PP63
Waltham Forest,Lea Bridge,Rosalind Rowlands,2030-05-02,Green Party (E&W),PP63
Waltham Forest,Leyton,Daisy Richards,2030-05-02,Green Party (E&W),PP63
Waltham Forest,Leyton,Rob Gardner,2030-05-02,Green Party (E&W),PP63
Waltham Forest,Leyton,Demetrius Williams,2030-05-02,Green Party (E&W),PP63
Waltham Forest,Leytonstone,Clyde Loakes,2030-05-02,Labour Party,PP53
Waltham Forest,Leytonstone,Denise Alder,2030-05-02,Green Party (E&W),PP63
Waltham Forest,Leytonstone,RoseMary Warrington,2030-05-02,Green Party (E&W),PP63
Waltham Forest,Markhouse,Johar Khan,2030-05-02,Labour Party,PP53
Waltham Forest,Markhouse,Chanté Johnson,2030-05-02,Green Party (E&W),PP63
Waltham Forest,St James,Anna Kerr,2030-05-02,Green Party (E&W),PP63
Waltham Forest,St James,David Berrie,2030-05-02,Green Party (E&W),PP63
Waltham Forest,St James,Martin Edobor,2030-05-02,Green Party (E&W),PP63
Waltham Forest,Upper Walthamstow,Caramel Quin,2030-05-02,Labour Party,PP53
Waltham Forest,Upper Walthamstow,Yusuf Patel,2030-05-02,Labour Party,PP53
Waltham Forest,Valley,Afzal Akram,2030-05-02,Conservative and Unionist,PP52
Waltham Forest,Valley,Jemma Hemsted,2030-05-02,Conservative and Unionist,PP52
Waltham Forest,Valley,Toby Garrett,2030-05-02,Conservative and Unionist,PP52
Waltham Forest,William Morris,Kizzy Gardiner,2030-05-02,Labour Party,PP53
Waltham Forest,William Morris,Grace Williams,2030-05-02,Labour Party,PP53
Waltham Forest,William Morris,Ben Copsey,2030-05-02,Green Party (E&W),PP63
Waltham Forest,Wood Street,Richard Sweden,2030-05-02,Labour Party,PP53
Waltham Forest,Wood Street,Stephanie Talbut,2030-05-02,Labour Party,PP53
Wandsworth,Balham,Lynsey Hedges,2030-05-02,Conservative and Unionist,PP52
Wandsworth,Balham,Jo Rigby,2030-05-02,Labour Party,PP53
Wandsworth,Balham,Jonathan Iliff,2030-05-02,Conservative and Unionist,PP52
Wandsworth,Battersea Park,Victoria Asante,2030-05-02,Labour Party,PP53
Wandsworth,Battersea Park,Tony Belton,2030-05-02,Labour Party,PP53
Wandsworth,Battersea Park,Claire Davies,2030-05-02,Conservative and Unionist,PP52
Wandsworth,East Putney,Jasmin Glynne,2030-05-02,Labour Party,PP53
Wandsworth,East Putney,George Crivelli,2030-05-02,Conservative and Unionist,PP52
Wandsworth,East Putney,Ravi Govindia,2030-05-02,Conservative and Unionist,PP52
Wandsworth,Falconbrook,Simon Hogg,2030-05-02,Labour Party,PP53
Wandsworth,Falconbrook,Kate Stock,2030-05-02,Labour Party,PP53
Wandsworth,Furzedown,Leonie Cooper,2030-05-02,Labour Party,PP53
Wandsworth,Furzedown,Judi Gasser,2030-05-02,Labour Party,PP53
Wandsworth,Furzedown,Samantha Lewis,2030-05-02,Labour Party,PP53
Wandsworth,Lavender,Daniel Hamilton,2030-05-02,Conservative and Unionist,PP52
Wandsworth,Lavender,Tom Pridham,2030-05-02,Conservative and Unionist,PP52
Wandsworth,Nine Elms,Matthew Corner,2030-05-02,Conservative and Unionist,PP52
Wandsworth,Nine Elms,Will Sweet,2030-05-02,Conservative and Unionist,PP52
Wandsworth,Northcote,Aled Richards-Jones,2030-05-02,Conservative and Unionist,PP52
Wandsworth,Northcote,James Craig,2030-05-02,Conservative and Unionist,PP52
Wandsworth,Roehampton,Graeme Henderson,2030-05-02,Labour Party,PP53
Wandsworth,Roehampton,Jenny Yates,2030-05-02,Labour Party,PP53
Wandsworth,Roehampton,Matthew Tiller,2030-05-02,Labour Party,PP53
Wandsworth,Shaftesbury & Queenstown,Sara Apps,2030-05-02,Labour Party,PP53
Wandsworth,Shaftesbury & Queenstown,Aydin Dikerdem,2030-05-02,Labour Party,PP53
Wandsworth,Shaftesbury & Queenstown,Stephen Worrall,2030-05-02,Labour Party,PP53
Wandsworth,South Balham,Toby Hopkins,2030-05-02,Labour Party,PP53
Wandsworth,South Balham,Elizabeth Simos,2030-05-02,Labour Party,PP53
Wandsworth,Southfields,Guy Humphries,2030-05-02,Conservative and Unionist,PP52
Wandsworth,Southfields,Emmeline Owens,2030-05-02,Conservative and Unionist,PP52
Wandsworth,St Mary's,Charlie Fisher,2030-05-02,Conservative and Unionist,PP52
Wandsworth,St Mary's,Caroline De La Soujeole,2030-05-02,Conservative and Unionist,PP52
Wandsworth,St Mary's,Zarah Wiles,2030-05-02,Conservative and Unionist,PP52
Wandsworth,Thamesfield,Ethan Brooks,2030-05-02,Conservative and Unionist,PP52
Wandsworth,Thamesfield,Robert Morritt,2030-05-02,Conservative and Unionist,PP52
Wandsworth,Thamesfield,Salvatore Murtas,2030-05-02,Conservative and Unionist,PP52
Wandsworth,Tooting Bec,Sheila Boswell,2030-05-02,Labour Party,PP53
Wandsworth,Tooting Bec,Annamarie Critchard,2030-05-02,Labour Party,PP53
Wandsworth,Tooting Bec,Paul White,2030-05-02,Labour Party,PP53
Wandsworth,Tooting Broadway,Kemi Akinola,2030-05-02,Labour Party,PP53
Wandsworth,Tooting Broadway,Sean Lawless,2030-05-02,Labour Party,PP53
Wandsworth,Tooting Broadway,Rex Osborn,2030-05-02,Labour Party,PP53
Wandsworth,Trinity,Lizzy Dobres,2030-05-02,Labour Party,PP53
Wandsworth,Trinity,Kirsten Botting,2030-05-02,Conservative and Unionist,PP52
Wandsworth,Wandle,Denise Paul,2030-05-02,Labour Party,PP53
Wandsworth,Wandle,Chris Baron,2030-05-02,Conservative and Unionist,PP52
Wandsworth,Wandsworth Common,Angela Graham,2030-05-02,Conservative and Unionist,PP52
Wandsworth,Wandsworth Common,Peter Graham,2030-05-02,Conservative and Unionist,PP52
Wandsworth,Wandsworth Common,Tom Mytton,2030-05-02,Conservative and Unionist,PP52
Wandsworth,Wandsworth Town,Michelle Cook,2030-05-02,Labour Party,PP53
Wandsworth,Wandsworth Town,Sarah Davies,2030-05-02,Labour Party,PP53
Wandsworth,Wandsworth Town,Noel Dube,2030-05-02,Conservative and Unionist,PP52
Wandsworth,West Hill,Malcolm Grimston,2030-05-02,Independent / Other,
Wandsworth,West Hill,Angela Ireland,2030-05-02,Labour Party,PP53
Wandsworth,West Hill,Daniel Ghossain,2030-05-02,Conservative and Unionist,PP52
Wandsworth,West Putney,Nick Austin,2030-05-02,Conservative and Unionist,PP52
Wandsworth,West Putney,Melanie Hampton,2030-05-02,Conservative and Unionist,PP52
Wandsworth,West Putney,Shakeel Ahmad,2030-05-02,Conservative and Unionist,PP52
Westminster,Abbey Road,Festus Akinbusoye,2030-05-02,Conservative and Unionist,PP52
Westminster,Abbey Road,Hannah Galley,2030-05-02,Conservative and Unionist,PP52
Westminster,Abbey Road,Caroline Sargent,2030-05-02,Conservative and Unionist,PP52
Westminster,Bayswater,Maggie Carman,2030-05-02,Labour Party,PP53
Westminster,Bayswater,Christabel Flight,2030-05-02,Conservative and Unionist,PP52
Westminster,Bayswater,Mark Tozer,2030-05-02,Conservative and Unionist,PP52
Westminster,Church Street,Aicha Less,2030-05-02,Labour Party,PP53
Westminster,Church Street,Fiona Parker,2030-05-02,Labour Party,PP53
Westminster,Church Street,Aziz Toki,2030-05-02,Labour Party,PP53
Westminster,Harrow Road,Concia Albert,2030-05-02,Labour Party,PP53
Westminster,Harrow Road,Regan Hook,2030-05-02,Labour Party,PP53
Westminster,Harrow Road,Rhys Thomas,2030-05-02,Labour Party,PP53
Westminster,Hyde Park,Md Shamsed Chowdhury,2030-05-02,Labour Party,PP53
Westminster,Hyde Park,Greg Ero,2030-05-02,Conservative and Unionist,PP52
Westminster,Hyde Park,Elliot Keck,2030-05-02,Conservative and Unionist,PP52
Westminster,Knightsbridge & Belgravia,Anthony Devenish,2030-05-02,Conservative and Unionist,PP52
Westminster,Knightsbridge & Belgravia,Elizabeth Hitchcock,2030-05-02,Conservative and Unionist,PP52
Westminster,Knightsbridge & Belgravia,Rachael Robathan,2030-05-02,Conservative and Unionist,PP52
Westminster,Lancaster Gate,Connor Jones,2030-05-02,Labour Party,PP53
Westminster,Lancaster Gate,Ellie Ormsby,2030-05-02,Labour Party,PP53
Westminster,Lancaster Gate,Philip Stephenson-Oliver,2030-05-02,Conservative and Unionist,PP52
Westminster,Little Venice,Melvyn Caplan,2030-05-02,Conservative and Unionist,PP52
Westminster,Little Venice,Lorraine Dean,2030-05-02,Conservative and Unionist,PP52
Westminster,Little Venice,Louise Shaw,2030-05-02,Conservative and Unionist,PP52
Westminster,Maida Vale,Geoff Barraclough,2030-05-02,Labour Party,PP53
Westminster,Maida Vale,Nafsika Butler-Thalassis,2030-05-02,Labour Party,PP53
Westminster,Maida Vale,Iman Less,2030-05-02,Labour Party,PP53
Westminster,Marylebone,Barbara Arzymanow,2030-05-02,Conservative and Unionist,PP52
Westminster,Marylebone,Ian Rowley,2030-05-02,Conservative and Unionist,PP52
Westminster,Marylebone,Karen Scarborough,2030-05-02,Conservative and Unionist,PP52
Westminster,Pimlico North,Mohamed Elmi,2030-05-02,Conservative and Unionist,PP52
Westminster,Pimlico North,Jim Glen,2030-05-02,Conservative and Unionist,PP52
Westminster,Pimlico North,Ed Ford,2030-05-02,Conservative and Unionist,PP52
Westminster,Pimlico South,Liza Begum,2030-05-02,Labour Party,PP53
Westminster,Pimlico South,Robert Eagleton,2030-05-02,Labour Party,PP53
Westminster,Pimlico South,Jason Williams,2030-05-02,Labour Party,PP53
Westminster,Queen's Park,Patricia McAllister,2030-05-02,Labour Party,PP53
Westminster,Queen's Park,Cara Sanquest,2030-05-02,Labour Party,PP53
Westminster,Queen's Park,Hamza Taouzzale,2030-05-02,Labour Party,PP53
Westminster,Regent's Park,Ralu Oteh-Osoka,2030-05-02,Conservative and Unionist,PP52
Westminster,Regent's Park,Robert Rigby,2030-05-02,Conservative and Unionist,PP52
Westminster,Regent's Park,Paul Swaddle,2030-05-02,Conservative and Unionist,PP52
Westminster,St James's,San Abishev,2030-05-02,Conservative and Unionist,PP52
Westminster,St James's,Tim Mitchell,2030-05-02,Conservative and Unionist,PP52
Westminster,St James's,Mark Shearer,2030-05-02,Conservative and Unionist,PP52
Westminster,Vincent Square,David Harvey,2030-05-02,Conservative and Unionist,PP52
Westminster,Vincent Square,Ben Sewell,2030-05-02,Conservative and Unionist,PP52
Westminster,Vincent Square,Selina Short,2030-05-02,Conservative and Unionist,PP52
Westminster,West End,Elizabeth Amos,2030-05-02,Conservative and Unionist,PP52
Westminster,West End,Tim Barnes,2030-05-02,Conservative and Unionist,PP52
Westminster,West End,Paul Fisher,2030-05-02,Conservative and Unionist,PP52
Westminster,Westbourne,David Boothroyd,2030-05-02,Labour Party,PP53
Westminster,Westbourne,Adam Hug,2030-05-02,Labour Party,PP53
Westminster,Westbourne,Angela Piddock,2030-05-02,Labour Party,PP53

